url,words,note
https://103gbfrocks.com/satanic-high-school-club-change-name-threats-to-students-staff/,392,ok
https://www.inforum.com/news/education/7282773-Minneapolis-school-bus-drivers-threaten-strike,356,ok
https://www.grandforksherald.com/news/education/7282773-Minneapolis-school-bus-drivers-threaten-strike,356,ok
https://www.wvlkam.com/news/school-delays-dave-chappelles-appearance-over-student-walkout-threats/,0,link is dead
https://www.kmjnow.com/news/school-delays-dave-chappelles-appearance-over-student-walkout-threats/,0,link is dead
https://navbharattimes.indiatimes.com/metro/delhi/other-news/air-pollution-lockdown-delhi-and-gurugram-closed-schools-why-not-noida-and-ghaziabad-ask-parents/articleshow/87709885.cms,321,ok
https://hilinetoday.com/investigation-continues-into-possible-threat-that-led-to-early-dismissal-for-harlem-public-schools/,171,ok
https://www.kvor.com/news/school-delays-dave-chappelles-appearance-over-student-walkout-threats/,0,link is dead
https://www.nbcmiami.com/news/local/police-investigate-possible-bomb-threat-at-coconut-creek-high-school/2620838/,87,ok
https://dailyvoice.com/new-york/lewisboro/news/authorities-id-juvenile-accused-of-making-threat-to-high-school-in-northern-westchester/819995/,0,link is dead
https://vancouversun.com/news/high-school-in-west-vancouver-evacuated-after-bomb-threat,0,link is dead
https://dailyhive.com/vancouver/bomb-threat-evacuation-high-school-west-vancouver,141,ok
https://www.marketwatch.com/story/societys-very-existence-could-have-been-threatened-retired-general-stanley-mcchrystal-says-the-u-s-needs-to-go-to-school-on-pandemics-before-were-hit-again-11637012683,0,link is dead
https://www.infowars.com/posts/domestic-terrorist-pro-crt-parent-threatens-school-board-i-have-1000-soldiers-ready-to-go-locked-and-loaded/,0,link is dead
https://www.lex18.com/news/police-juvenile-accused-of-making-threat-to-school,105,ok
https://www.nbcbayarea.com/news/local/bomb-threat-made-against-kenilworth-junior-high-school-in-petaluma-police/2731786/,150,ok
https://www.fox32chicago.com/news/three-students-charged-with-making-threats-against-schools-in-oak-lawn,167,ok
https://dailyvoice.com/new-york/mamaroneck/news/authorities-id-juvenile-accused-of-making-threat-to-westchester-high-school/819995/,0,link is dead
https://www.kkoh.com/news/school-delays-dave-chappelles-appearance-over-student-walkout-threats/,0,link is dead
https://www.gctelegram.com/story/news/2021/11/15/school-threat-unfounded-horace-good-middle-school/8620775002/,0,link is dead
http://www.chicagotribune.com/suburbs/daily-southtown/ct-sta-oak-lawn-school-threats-charges-st-1116-20211115-nkap6j4f6zgdjeqaihy52couce-story.html,378,ok
https://dailyvoice.com/new-york/whiteplains/news/authorities-id-juvenile-accused-of-making-threat-to-westchester-high-school/819995/,0,link is dead
https://www.kabc.com/news/school-delays-dave-chappelles-appearance-over-student-walkout-threats/,0,link is dead
https://740thefan.com/2021/11/15/detroit-lakes-public-schools-not-made-aware-of-potential-threat-to-elementary-school/,147,ok
https://www.kvrr.com/2021/11/15/police-didnt-alert-school-officials-about-threat-to-detroit-lakes-school/,0,link is dead
https://dailyvoice.com/new-york/yorktown/news/authorities-id-juvenile-accused-of-making-threat-to-high-school-in-northern-westchester/819995/,0,link is dead
https://barrie.ctvnews.ca/alliston-high-school-placed-in-lockdown-for-safety-reasons-opp-says-1.5666738,0,link is dead
https://www.sandiegouniontribune.com/columnists/story/2021-08-26/afghan-financial-collapse-threatens-rotary-school,1023,ok
https://www.980waav.com/news/school-delays-dave-chappelles-appearance-over-student-walkout-threats/,0,link is dead
https://www.newsradio1029.com/news/school-delays-dave-chappelles-appearance-over-student-walkout-threats/,0,link is dead
https://www.postbulletin.com/news/education/7282773-Minneapolis-school-bus-drivers-threaten-strike,356,ok
https://froggyweb.com/2021/11/15/detroit-lakes-public-schools-not-made-aware-of-potential-threat-to-elementary-school/,147,ok
https://www.wctrib.com/news/education/7282773-Minneapolis-school-bus-drivers-threaten-strike,356,ok
https://www.wtma.com/news/school-delays-dave-chappelles-appearance-over-student-walkout-threats/,0,link is dead
https://patch.com/virginia/fallschurch/librarians-warn-threat-intellectual-freedom-va-schools,2108,ok
https://www.1490wosh.com/news/school-delays-dave-chappelles-appearance-over-student-walkout-threats/,0,link is dead
https://www.abc57.com/news/14-year-old-arrested-for-allegedly-making-threats-towards-school,139,ok
https://www.washingtonexaminer.com/policy/fbi-is-monitoring-threats-against-school-board-members-whistleblower-email-shows,114,ok
https://www.infowars.com/posts/i-got-over-1000-soldiers-ready-to-go-locked-and-loaded-black-militant-threatens-anti-crt-parents-at-texas-school-board-meeting/,0,link is dead
https://www.telegraphindia.com/west-bengal/school-teachers-try-to-woo-lockdown-hit-dropouts-in-east-burdwan/cid/1839300,0,link is dead
https://www.tribuneindia.com/news/schools/pandemic-peace-brings-new-life-to-threatened-senegalese-turtles-338871,396,ok
https://forextv.com/market-news/marketwatch-societys-very-existence-could-have-been-threatened-retired-general-stanley-mcchrystal-says-the-u-s-needs-to-go-to-school-on-pandemics-before/,0,link is dead
https://www.buckscountycouriertimes.com/story/news/2021/11/16/cb-south-threat-lockdown-amid-two-threats-made-school-central-bucks-school-district/8638455002/,365,ok
https://www.fox29.com/news/central-bucks-high-school-to-be-dismissed-after-threats-made-tuesday,421,ok
https://www.wgowam.com/news/school-officials-notify-parents-of-a-threat-at-ooltewah-high/,0,link is dead
https://www.krgv.com/news/mercedes-isd-investigating-social-media-threats-made-toward-middle-school/,99,ok
https://www.wfmz.com/news/area/southeastern-pa/high-school-in-warrington-twp-dismissed-early-following-threats-no-dangerous-devices-found/article_b277d826-470b-11ec-8e09-4faa18737a0e.html,0,link is dead
https://wincountry.com/2021/11/16/loy-norrix-high-school-determined-safe-after-online-threats/,202,ok
https://lc.nl/friesland/Dorpen-vrijwillig-in-lockdown-na-schoolsluiting-27161914.html,0,link is dead
https://www.forbes.com/sites/alisondurkee/2021/11/16/florida-restores-funds-to-school-districts-that-have-ended-mask-mandates---but-threatens-to-countersue-biden-administration-for-helping-them-out/,0,link is dead
https://barrie.ctvnews.ca/alliston-high-school-placed-in-lockdown-over-mistaken-threat-1.5666738,165,ok
https://wccfradio.iheart.com/content/2021-11-16-drive-by-shooting-in-north-lauderdale-prompts-school-lockdown/,65,ok
https://www.dailymail.co.uk/news/article-10209781/House-Republicans-release-whistleblower-email-showing-FBI-threat-tags-school-related.html,0,link is dead
http://searchlight.vc/front-page/2021/11/16/refuse-at-questelles-hard-court-a-threat-to-pre-schoolers/,886,ok
https://www.thedenverchannel.com/news/local-news/reports-of-multiple-people-shot-at-aurora-park-nearby-school-on-lockdown,938,ok
https://wiod.iheart.com/content/2021-11-16-drive-by-shooting-in-north-lauderdale-prompts-school-lockdown/,65,ok
https://www.providencejournal.com/story/news/local/2021/11/15/coventry-ri-high-school-lockdown-police-search-belongings-threat/8628563002/,542,ok
https://www.fox17online.com/news/local-news/kzoo-bc/kalamazoo/kalamazoo-police-investigate-threats-sent-to-loy-norrix-high-school,133,ok
https://www.phnompenhpost.com/international/delhi-shutters-schools-mulls-new-lockdown-over-pollution,252,ok
https://big1059.iheart.com/content/2021-11-16-drive-by-shooting-in-north-lauderdale-prompts-school-lockdown/,65,ok
https://wjno.iheart.com/content/2021-11-16-drive-by-shooting-in-north-lauderdale-prompts-school-lockdown/,65,ok
https://www.wtvr.com/news/local-news/hopewell-schools-to-step-up-security-after-threatening-situations,172,ok
https://searchlight.vc/front-page/2021/11/16/refuse-at-questelles-hard-court-a-threat-to-pre-schoolers/,886,ok
https://www.kake.com/story/45204247/garden-city-police-respond-to-possible-threat-at-elementary-school,0,link is dead
https://www.krgv.com/news/mercedes-isd-investigating-social-media-threats-made-toward-middle-school,99,ok
https://www.wdef.com/school-officials-notify-parents-of-a-threat-at-ooltewah-high/,0,link is dead
https://1055thebeat.iheart.com/content/2021-11-16-drive-by-shooting-in-north-lauderdale-prompts-school-lockdown/,65,ok
http://www.msn.com/en-nz/news/crime/an-ohio-mayor-s-threats-to-criminally-charge-school-district-employees-was-reckless-and-irresponsible-prosecutor-finds/ar-AAQMCLl,0,page opened but no article text
https://wtop.com/montgomery-county/2021/11/2-montgomery-co-schools-respond-to-school-threats-safety-concerns/,197,ok
https://www.buckscountycouriertimes.com/story/lifestyle/2021/11/16/fights-threat-closure-hatboro-horsham-high-school-last-week/8621892002/,0,link is dead
https://www.centralmaine.com/2021/11/16/alarm-mistakenly-activated-at-lawrence-schools-leads-to-lockdown/,249,ok
https://foxsports940.iheart.com/content/2021-11-16-drive-by-shooting-in-north-lauderdale-prompts-school-lockdown/,65,ok
https://www.nwitimes.com/news/local/crime-and-courts/valpo-police-step-up-patrols-at-schools-after-middle-school-threat-student-identified/article_7d26786a-ac0c-5eb9-bd1a-46a4d73d1306.html,0,link is dead
https://knoxradio.com/2021/11/16/gfpd-investigates-gf-school-threat/,296,ok
https://missoulian.com/news/world/schools-close-as-smog-laden-india-capital-considers-lockdown/article_9088c1df-044c-5da6-a7ae-2f87a12be176.html,0,link is dead
https://www.news-gazette.com/news/nation-world/schools-close-as-smog-laden-india-capital-considers-lockdown/article_6e20436d-222f-5f7c-9c6c-2f7550a676a5.html,0,link is dead
https://newsradiori.iheart.com/content/2021-11-17-police-arrest-student-in-coventry-high-school-lockdown-case/,101,ok
https://www.theday.com/policefirecourts/20211117/unfounded-report-of-gun-at-new-london-high-school-prompts-lockdown,0,link is dead
https://tucson.com/news/world/schools-close-as-smog-laden-india-capital-considers-lockdown/article_7a9ddcb7-73d7-5b4f-aa25-24ad0af14770.html,0,link is dead
https://journalstar.com/news/world/schools-close-as-smog-laden-india-capital-considers-lockdown/article_67a0cada-210c-58e9-af53-d549f22e7f63.html,0,link is dead
https://richmond.com/news/world/schools-close-as-smog-laden-india-capital-considers-lockdown/article_589c7778-a247-542c-94c3-709a10c07695.html,0,link is dead
https://www.ottumwacourier.com/news/business/schools-close-as-smog-laden-india-capital-considers-lockdown/article_9e957be9-6b29-5757-b66b-afe1e10f7085.html,0,link is dead
https://kvia.com/news/education/2021/11/16/violent-social-media-threats-targeting-gadsden-centennial-high-schools-traced-to-location-outside-the-u-s/,0,link is dead
https://94hjy.iheart.com/content/2021-11-17-police-arrest-student-in-coventry-high-school-lockdown-case/,101,ok
https://www.wusa9.com/article/news/local/maryland/student-in-custody-after-montgomery-county-police-respond-to-threat-at-high-school-maryland/65-fdcd796a-f5a0-4998-ac3a-7f700f5480eb,0,link is dead
https://www.reflector.com/news/world/schools-close-as-smog-laden-india-capital-considers-lockdown/article_22a0d41f-ee78-5a32-b60b-4947eb0162c0.html,0,link is dead
https://www.bozemandailychronicle.com/ap_news/business/schools-close-as-smog-laden-india-capital-considers-lockdown/article_6a2ec1d6-fa08-5c9d-9beb-a2fb88ac5baf.html,0,link is dead
https://nptelegraph.com/news/world/schools-close-as-smog-laden-india-capital-considers-lockdown/article_192a4085-b1f5-5d8f-bf2f-13e89ef02117.html,0,link is dead
https://www.cp24.com/world/schools-close-as-smog-laden-india-capital-considers-lockdown-1.5669446,0,link is dead
https://www.stltoday.com/news/local/education/threats-fights-on-the-rise-across-st-louis-schools-as-students-face-pandemic-stress/article_b6323bd2-b0f6-5452-969e-561b453599ea.html,0,link is dead
https://www.statesmanjournal.com/story/news/education/2021/11/17/mckay-high-school-lockdown-after-reports-gun-campus/8657405002/,467,ok
https://pennrecord.com/stories/612639607-ambridge-school-district-moves-for-win-in-lawsuit-from-14-year-old-over-alleged-snapchat-threat,0,link is dead
https://go955.com/2021/11/16/loy-norrix-high-school-determined-safe-after-online-threats/,202,ok
https://buffalonews.com/news/world/schools-close-as-smog-laden-india-capital-considers-lockdown/article_e71e5115-700b-5615-ab51-6bfab12d96eb.html,0,link is dead
https://www.kalw.org/show/your-call/2021-11-17/since-january-6th-threats-against-elected-officials-election-workers-and-school-board-members-have-escalated,288,ok
https://kvia.com/news/education/2021/11/16/sheriffs-deputies-probe-violent-threats-targeting-gadsden-high-school/,0,link is dead
https://www.heraldbulletin.com/news/local_news/district-anderson-high-school-briefly-placed-on-soft-lockdown/article_944b29c2-47cc-11ec-a8fb-2bd1972b5ea4.html,0,link is dead
https://www.dailymail.co.uk/news/article-10214153/Unvaccinated-Peth-principal-threatens-shut-school-avoid-getting-compulsory-jab.html,0,link is dead
https://www.scdailypress.com/2021/11/17/prank-spurs-several-silver-school-lockdowns/,480,ok
https://dailyprogress.com/news/world/schools-close-as-smog-laden-india-capital-considers-lockdown/article_1c28f56b-4635-5192-a851-68c6fda3ef5f.html,0,link is dead
https://lancasteronline.com/business/nation/schools-close-as-smog-laden-india-capital-considers-lockdown/article_ad8c23d2-5629-5c25-a9a0-13ddcd96383c.html,0,link is dead
https://ground.news/article/fbi-using-counterterrorism-tools-to-monitor-threats-to-school-boards-whistleblower-email-shows,0,page opened but no article text
https://siouxcityjournal.com/news/world/schools-close-as-smog-laden-india-capital-considers-lockdown/article_d5651ffc-b9a6-597a-a2c3-8bb97a5a38ec.html,0,link is dead
https://wbckfm.com/kalamazoo-school-targeted-with-threats/,159,ok
https://1049theedge.com/kalamazoo-school-targeted-with-threats/,0,link is dead
https://roanoke.com/news/world/schools-close-as-smog-laden-india-capital-considers-lockdown/article_75ab88ab-58f5-553a-b021-fba4cd33a74c.html,0,link is dead
https://www.bizpacreview.com/2021/11/17/texas-grandmother-reports-domestic-terrorist-threat-to-fbi-over-locked-and-loaded-school-board-remark-1164208/,0,page opened but no article text
https://www.abqjournal.com/2446941/schools-close-as-smog-laden-india-capital-considers-lockdown.html,0,link is dead
https://www.aspendailynews.com/associated_press/schools-close-as-smog-laden-india-capital-considers-lockdown/article_26be9aad-7eb9-55f4-80b1-c7780e9c610a.html,0,link is dead
https://www.wfmz.com/news/area/southeastern-pa/juvenile-charged-in-connection-with-threat-at-high-school-in-bucks-that-led-to-early/article_b277d826-470b-11ec-8e09-4faa18737a0e.html,188,ok
https://dailyvoice.com/new-york/newrochelle/schools/alert-issued-after-threat-made-targeting-new-rochelle-middle-school/820123/,0,link is dead
https://independenttribune.com/news/world/schools-close-as-smog-laden-india-capital-considers-lockdown/article_dac8236e-ef77-562f-8dbf-8470d273562d.html,0,link is dead
https://www.wiscnews.com/news/world/schools-close-as-smog-laden-india-capital-considers-lockdown/article_2b34e6cc-c594-53c3-a0a0-47e1ff8d6c40.html,0,link is dead
https://www1.cbn.com/cbnnews/us/2021/november/fbi-email-reveals-counterterror-official-did-create-a-special-tag-to-track-parental-threats-to-school-boards,0,link is dead
https://www.wgow.com/news/school-officials-notify-parents-of-a-threat-at-ooltewah-high/,0,link is dead
https://www.bhaskar.com/national/news/delhi-lockdown-air-pollution-news-delhi-ncr-school-colleges-closed-50-pc-wfh-in-offices-129126119.html,880,ok
https://www.fbherald.com/news/schools-close-as-smog-laden-india-capital-considers-lockdown/article_2904147a-cd4b-5ce4-a6fd-5e598d25785b.html,0,link is dead
https://www.bizpacreview.com/2021/11/17/whistleblower-fbi-using-counterterrorism-tools-to-monitor-parent-threat-assessments-involving-school-boards-1164124/,0,page opened but no article text
https://kixcountry929.iheart.com/content/2021-11-16-drive-by-shooting-in-north-lauderdale-prompts-school-lockdown/,65,ok
https://newsadvance.com/news/world/schools-close-as-smog-laden-india-capital-considers-lockdown/article_0a5bfdb7-9e23-5dc4-aa8f-96b68558f17c.html,0,link is dead
https://www.nwitimes.com/news/world/schools-close-as-smog-laden-india-capital-considers-lockdown/article_22d8990d-3bef-5ed3-bcf3-0247a51e2204.html,0,link is dead
https://www.theadvertiser.com/story/news/2021/11/17/threatening-message-written-wall-northwest-high-school/8657385002/,144,ok
https://catcountry1071.iheart.com/content/2021-11-16-drive-by-shooting-in-north-lauderdale-prompts-school-lockdown/,65,ok
https://wibx950.com/schools-close-as-smog-laden-india-capital-considers-lockdown/,174,ok
https://www.goskagit.com/news/world/schools-close-as-smog-laden-india-capital-considers-lockdown/article_8feaaeb7-6eb6-56b5-b91d-f55ac1109f59.html,0,link is dead
https://www.nytimes.com/2021/11/16/us/politics/fbi-school-threats.html,0,link is dead
https://www.dailymail.co.uk/news/article-10211641/Grandmother-reports-domestic-terrorist-threat-FBI-school-board-meeting.html,0,link is dead
https://billingsgazette.com/news/world/schools-close-as-smog-laden-india-capital-considers-lockdown/article_3e595e79-00ad-5768-8305-f5c5eb4e8a9c.html,0,link is dead
https://www.news.com.au/lifestyle/real-life/news-life/rebecca-judd-slams-victorias-continued-school-lockdowns/news-story/e7ddf771675c36f85e244ab2a91c1544,0,link is dead
https://www.sent-trib.com/news/schools-close-as-smog-laden-india-capital-considers-lockdown/article_bffc5dc0-47b8-11ec-9f1a-b39177567dd8.html,0,link is dead
https://www.wxyz.com/news/region/oakland-county/bloomfield-hills-schools-hold-community-meeting-after-threatening-racist-messages,434,ok
https://fredericksburg.com/news/world/schools-close-as-smog-laden-india-capital-considers-lockdown/article_13c612cd-4e8d-5139-8156-f115af893c7a.html,0,link is dead
https://chapelboro.com/world-news/schools-close-as-smog-laden-india-capital-considers-lockdown,0,link is dead
https://wcvu.iheart.com/content/2021-11-16-drive-by-shooting-in-north-lauderdale-prompts-school-lockdown/,65,ok
https://www.am1100theflag.com/news/local-news/39277-threat-made-against-grand-forks-middle-school,0,link is dead
https://now933fm.iheart.com/content/2021-11-17-police-arrest-student-in-coventry-high-school-lockdown-case/,101,ok
https://morningstaronline.co.uk/article/schools-shut-and-lockdown-considered-curb-air-pollution-around-new-delhi,0,page opened but no article text
https://www.inforum.com/news/education/7286571-Threat-of-violence-at-Moorhead-middle-school-deemed-not-credible-officials-say,129,ok
https://www.kciiradio.com/2021/11/17/juvenile-arrested-for-terrorist-threat-at-fairfield-high-school/,245,ok
https://www.smh.com.au/national/nsw/worse-than-lockdown-hundreds-of-students-at-sydney-schools-isolating-after-covid-19-exposures-20211117-p599p0.html,883,ok
https://www.wthr.com/article/news/education/group-of-bloomington-parents-want-school-resource-officers-armed-again-after-guns-found-in-school-monroe-county-south-high-school-lockdown-indiana/531-b60d47a8-e597-49b3-b5c9-9aba60ec2a0f,0,link is dead
https://wkzo.com/2021/11/16/loy-norrix-high-school-determined-safe-after-online-bomb-threats/,203,ok
https://hickoryrecord.com/news/world/schools-close-as-smog-laden-india-capital-considers-lockdown/article_d51966de-e88d-5023-9e4a-4d68427b3bcb.html,0,link is dead
https://www.theage.com.au/national/nsw/worse-than-lockdown-hundreds-of-students-at-sydney-schools-isolating-after-covid-19-exposures-20211117-p599p0.html,883,ok
https://www.grandforksherald.com/news/education/7285588-Everyone-is-safe-after-written-threat-found-at-Valley-Middle-School,209,ok
https://pjmedia.com/news-and-politics/matt-margolis/2021/11/16/whistleblower-fbi-is-tracking-parents-for-alleged-threats-against-school-officials-n1533664,491,ok
https://www.latinpost.com/articles/152820/20211116/fbi-whistleblower-reveals-agencys-tracking-threats-against-school-board-members.htm,0,page opened but no article text
https://tulsaworld.com/news/world/schools-close-as-smog-laden-india-capital-considers-lockdown/article_98c70afb-10e3-582b-be10-f7e2fde62e11.html,0,link is dead
https://www.heraldbulletin.com/news/nation_world/schools-close-as-smog-laden-india-capital-considers-lockdown/article_12eb290c-5d04-5626-8e3a-b412dfb4fdb4.html,0,link is dead
https://gulfnews.com/world/asia/india/india-schools-shut-indefinitely-as-smog-laden-delhi-considers-lockdown-1.83756236,865,ok
https://hotair.com/john-s-2/2021/11/16/fbi-counterterrorism-officials-set-up-a-special-threat-tag-to-track-school-boards-threats-n429685,961,ok
https://www.brisbanetimes.com.au/national/nsw/worse-than-lockdown-hundreds-of-students-at-sydney-schools-isolating-after-covid-19-exposures-20211117-p599p0.html,883,ok
https://pressofatlanticcity.com/news/world/schools-close-as-smog-laden-india-capital-considers-lockdown/article_79db4750-2a08-5754-8d03-fb8f1e454efe.html,0,link is dead
https://www.smdailyjournal.com/business/schools-close-as-smog-laden-india-capital-considers-lockdown/article_6f19ed3d-4040-58eb-a759-e12537076f7e.html,0,link is dead
https://www.ottumwacourier.com/news/fairfield-teen-charged-with-school-threats/article_2ca77bf8-47be-11ec-a235-eb6033b4fbbe.html,316,ok
https://www.lcsun-news.com/story/news/crime/2021/11/16/gadsden-school-district-issues-alert-after-receiving-threats-violence-daso-investigating/8643692002/,170,ok
https://www.ctvnews.ca/climate-and-environment/schools-close-as-smog-laden-india-capital-considers-lockdown-1.5669436,707,ok
https://www.stltoday.com/news/world/schools-close-as-smog-laden-india-capital-considers-lockdown/article_64e19420-09b1-5e5e-8a89-68142b0fdfbf.html,0,link is dead
https://godanriver.com/news/world/schools-close-as-smog-laden-india-capital-considers-lockdown/article_2abfe985-0cb7-53c6-aa8d-bb427de60cc8.html,0,link is dead
https://magicvalley.com/news/world/schools-close-as-smog-laden-india-capital-considers-lockdown/article_3a61854d-8d8f-5ca0-aaa6-326c362ea8fe.html,0,link is dead
https://heraldcourier.com/news/world/schools-close-as-smog-laden-india-capital-considers-lockdown/article_273088e3-3504-5016-a9fc-9b5a13c9e591.html,0,link is dead
https://www.providencejournal.com/story/news/crime/2021/11/16/student-charged-in-connection-with-4-hour-lockdown-at-coventry-high-school/8644281002/,116,ok
https://smnewsnet.com/archives/498406/diggs-elementary-school-in-charles-county-school-releases-statement-on-knife-brought-to-school-and-threat-made-by-student/,0,link is dead
https://www.swoknews.com/ap/business/schools-close-as-smog-laden-india-capital-considers-lockdown/article_f5a2fe9b-3eec-5de2-af9b-fd335c9a329b.html,0,link is dead
https://redstate.com/jenniferoo/2021/11/17/update-manhattan-beach-school-board-president-claims-parents-fighting-crt-are-defaming-her-threatens-legal-action-n476956,3881,ok
https://wacotrib.com/news/world/schools-close-as-smog-laden-india-capital-considers-lockdown/article_d6a0ac1b-179c-5861-a378-87da2c29381a.html,0,link is dead
https://theindependent.com/news/world/schools-close-as-smog-laden-india-capital-considers-lockdown/article_3ec5a84f-23a0-5ee0-a6a1-3d7a20bb7dfa.html,0,link is dead
https://patch.com/rhode-island/bristol-warren/active-shooter-bristol-prompts-lockdown-school-delays,403,ok
https://www.foxnews.com/politics/grandmother-reports-locked-and-loaded-school-board-comment-to-fbi-as-domestic-terror-threat,602,ok
https://www.goshennews.com/news/national_news/schools-close-as-smog-laden-india-capital-considers-lockdown/article_b31ea8d1-6246-5e17-bfa6-866c3ee00fc3.html,0,link is dead
https://www.wbal.com/article/542494/3/a-montgomery-county-high-school-had-a-shelter-in-place-following-the-potential-threat-of-an-armed-student,146,ok
https://omaha.com/news/world/schools-close-as-smog-laden-india-capital-considers-lockdown/article_4dc2e6fa-8fd2-5f9b-b7b3-5f14ce2f62b3.html,0,link is dead
https://www.khaleejtimes.com/education/uae-how-schools-restored-normalcy-after-covid-19-lockdowns,635,ok
https://www.gctelegram.com/story/news/2021/11/17/school-threats-unfounded-pair-schools/8643631002/,0,link is dead
https://www.wksu.org/2021-11-17/morning-headlines-ohio-gop-fast-tracks-new-congressional-map-hudson-mayor-wont-face-charges-for-school-board-threats,284,ok
https://wkfr.com/kalamazoo-school-targeted-with-threats/,159,ok
https://statesville.com/news/world/schools-close-as-smog-laden-india-capital-considers-lockdown/article_79384faa-a010-5f11-9800-8ec7d911ea1b.html,0,link is dead
https://up989.iheart.com/content/2021-11-16-drive-by-shooting-in-north-lauderdale-prompts-school-lockdown/,65,ok
https://www.fox61.com/article/news/local/hartford-county/manchester/howell-cheney-technical-high-school-increased-security-threat/520-f222220d-6047-4ede-9a62-e3bc269f3979,0,link is dead
https://kvia.com/news/2021/11/18/fbi-gauges-threats-against-educators-and-school-board-members/,605,ok
https://www.goerie.com/story/news/education/2021/11/17/millcreek-middle-school-classes-tuesday-bomb-threat-erie-police/8649733002/,227,ok
https://www.wthitv.com/content/news/FBI-gauges-threats-against-educators-and-school-board-members-575768031.html,420,ok
https://www.790wpic.com/news/fbi-gauges-threats-against-educators-and-school-board-members/,0,link is dead
https://www.kcra.com/article/police-activity-elk-grove-school-prompts-precautionary-lockdown/38283494,107,ok
https://wrkr.com/kalamazoo-school-targeted-with-threats/,159,ok
https://www.wlsam.com/news/fbi-gauges-threats-against-educators-and-school-board-members/,0,link is dead
https://kvia.com/news/education/2021/11/16/gadsden-high-school-to-utilize-remote-learning-friday-in-wake-of-violent-threats/,477,ok
https://qctimes.com/opinion/letters/letter-threatening-school-boards/article_79b5a237-59c7-5018-8a25-eaa6f7a5e0b6.html,0,link is dead
https://www.lcsun-news.com/story/news/crime/2021/11/18/gadsden-high-school-middle-school-lockdown/8670778002/,313,ok
https://www.wicz.com/story/45235115/fbi-gauges-threats-against-educators-and-school-board-members,0,link is dead
https://www.newstalk1030.com/news/fbi-gauges-threats-against-educators-and-school-board-members/,0,link is dead
https://www.goldcoastbulletin.com.au/news/gold-coast/central/gold-coast-schoolies-minority-threatens-to-ruin-celebrations/news-story/d2a117382da55e7b277b1fa3857d467c&memtype=anonymous&mode=premium&nk=eae804dfd96fcf49b2656538d232c535-1637275636,0,link is dead
https://www.azcentral.com/story/news/local/phoenix-breaking/2021/11/17/kyrene-centennial-middle-school-teen-boy-detained-after-threats-bus/8658488002/,229,ok
https://www.790business.com/news/fbi-gauges-threats-against-educators-and-school-board-members/,0,link is dead
https://www.indiawest.com/news/india/schools-close-as-smog-laden-new-delhi-considers-lockdown/article_ea181a8a-484a-11ec-ba8e-7321ce8834ac.html,0,link is dead
https://www.wkdzradio.com/2021/11/18/juvenile-charged-in-lyon-county-school-shooting-threats-investigation/news-edge/,220,ok
https://www.goldcoastbulletin.com.au/news/gold-coast/central/gold-coast-schoolies-minority-threatens-to-ruin-celebrations/news-story/d2a117382da55e7b277b1fa3857d467c&memtype=anonymous&mode=premium&nk=2f0649379e1aaff886aa208893271312-1637269339,0,link is dead
https://www.ottumwacourier.com/centerville/news/fairfield-teen-charged-with-school-threats/article_2ca77bf8-47be-11ec-a235-eb6033b4fbbe.html,0,link is dead
https://qconline.com/opinion/letters/letter-threatening-school-boards/article_e7eb5ada-7d04-5465-bb20-054a3ceb92fc.html,0,link is dead
https://nowthisnews.com/news/heres-why-the-fbi-has-just-implemented-a-plan-to-track-threats-made-against-school-boards,0,link is dead
https://localnews8.com/politics/cnn-us-politics/2021/11/18/fbi-gauges-threats-against-educators-and-school-board-members/,605,ok
https://www.republicanherald.com/news/threat-in-bathroom-forces-lockdown-of-pottsville-area-high-school/article_c3dcefb3-2877-5d25-b6a6-ba6a73aebc91.html,190,ok
https://www.abc57.com/news/fbi-gauges-threats-against-educators-and-school-board-members,0,link is dead
https://divyamarathi.bhaskar.com/national/news/kashmir-lockdown-effect-lockdown-causes-mental-health-problems-in-kashmir-children-children-in-kashmir-away-from-school-129129601.html,319,ok
https://www.thecommunityvoice.com/article/RP-Cotati-School-District-under-threat-of-a-teachers-strike,0,link is dead
https://www.goldcoastbulletin.com.au/news/gold-coast/central/gold-coast-schoolies-minority-threatens-to-ruin-celebrations/news-story/d2a117382da55e7b277b1fa3857d467c&memtype=anonymous&mode=premium&nk=652024766c48e11545343b63efbca36f-1637266594,0,link is dead
https://www.dawn.com/news/1658755/schools-close-as-smog-laden-delhi-considers-lockdown,630,ok
https://www.wnep.com/article/news/local/luzerne-county/police-man-in-custody-after-causing-school-lockdowns-in-luzerne-county/523-e5526aef-664a-4853-836c-aebf93dcbdd5,0,link is dead
https://www.nbcconnecticut.com/news/local/police-presence-at-cheney-technical-high-school-after-verbal-threat-of-shooting-police/2655161/,276,ok
https://ktvz.com/politics/cnn-us-politics/2021/11/18/fbi-gauges-threats-against-educators-and-school-board-members/,605,ok
https://www.wjbc.com/news/fbi-gauges-threats-against-educators-and-school-board-members/,0,link is dead
https://www.nbcconnecticut.com/news/local/two-charged-in-connection-with-september-bomb-threat-at-newington-high-school/2655591/,128,ok
https://www.washingtonexaminer.com/news/oregon-school-ends-live-classes-over-socialization-issues-and-kids-fighting-after-year-of-lockdowns,99,ok
https://www.wcoapensacola.com/news/fbi-gauges-threats-against-educators-and-school-board-members/,0,link is dead
https://dailyvoice.com/new-york/whiteplains/schools/alert-issued-after-threat-made-targeting-westchester-school/820123/,0,link is dead
https://www.kitv.com/story/45235115/fbi-gauges-threats-against-educators-and-school-board-members,0,link is dead
https://www.kgoradio.com/news/fbi-gauges-threats-against-educators-and-school-board-members/,0,link is dead
https://www.columbian.com/news/2021/nov/17/schools-close-as-smog-laden-india-capital-considers-lockdown/,104,ok
https://www.kaok.com/news/fbi-gauges-threats-against-educators-and-school-board-members/,0,link is dead
https://www.abc57.com/news/threat-to-john-young-middle-school-deemed-not-credible,95,ok
https://www.visaliatimesdelta.com/story/news/2021/11/18/vpd-student-accused-making-threats-open-gunfire-two-schools/8659754002/,254,ok
https://www.wvnn.com/news/fbi-gauges-threats-against-educators-and-school-board-members/,0,link is dead
https://www.kugn.com/news/fbi-gauges-threats-against-educators-and-school-board-members/,0,link is dead
https://www.wfnc640am.com/news/fbi-gauges-threats-against-educators-and-school-board-members/,0,link is dead
https://www.wgow.com/news/fbi-gauges-threats-against-educators-and-school-board-members/,0,link is dead
https://www.fox61.com/article/news/crime/newington-arrests-bomb-threat-high-school-police/520-eb5029df-c935-4cf2-9c9c-1dea49446b3a,0,link is dead
https://www.kxxv.com/hometown/rosebud-lott-isd-conducts-thorough-search-of-school-district-after-receiving-written-threat,254,ok
https://www.6pr.com.au/this-is-ridiculous-parent-from-perth-school-angry-as-anti-vax-principal-threatens-shut-down1/,333,ok
https://wkmi.com/kalamazoo-school-targeted-with-threats/,159,ok
https://www.wmac-am.com/news/fbi-gauges-threats-against-educators-and-school-board-members/,0,link is dead
https://www.klik1240.com/news/fbi-gauges-threats-against-educators-and-school-board-members/,0,link is dead
https://www.wftw.com/news/fbi-gauges-threats-against-educators-and-school-board-members/,0,link is dead
https://www.rockymounttelegram.com/news/local/multiple-local-schools-receive-phone-threats/article_df8fe0ae-cd58-5893-92e3-907278b06257.html,656,ok
https://www.kgw.com/article/news/local/bomb-threat-st-paul-high-school/283-509c6e8c-ab9a-4921-9619-ed8bf8e9e8be,0,link is dead
https://www.heraldbulletin.com/news/local_news/district-social-media-threat-prompted-soft-lockdown-at-anderson-high-school/article_944b29c2-47cc-11ec-a8fb-2bd1972b5ea4.html,0,link is dead
https://www.nationalmemo.com/fbi-school-board-threats,423,ok
https://www.wcnc.com/article/news/crime/mallard-creek-high-school-lockdown-fights/275-aaabdf69-c543-47a2-83b0-c3c60475da5f,0,link is dead
https://www.vox.com/22774745/death-threats-election-workers-public-health-school,3248,ok
http://www.courant.com/breaking-news/hc-br-manchester-howell-cheney-technical-high-school-threat-20211118-pkqnaly3hzgrhcfli6iljylh5u-story.html,248,ok
https://www.insider.com/prosecutor-ohio-mayors-threat-to-charge-school-board-reckless-2021-11,380,ok
https://www.11alive.com/article/news/local/newnan/vandals-threats-shoot-georgia-high-school-newnan/85-3738b91a-c112-4177-ae46-11e38237bc19,0,link is dead
https://www.wjcw.com/news/fbi-gauges-threats-against-educators-and-school-board-members/,0,link is dead
https://www.kfru.com/news/fbi-gauges-threats-against-educators-and-school-board-members/,0,link is dead
https://www.wccbcharlotte.com/2021/11/18/mallard-creek-high-school-on-lockdown-after-series-of-fights/,100,ok
https://www.wdrb.com/news/parents-at-rowan-county-schools-concerned-after-racist-threats/article_909068b6-4974-11ec-9125-47b34926ca5c.html,821,ok
https://www.postandcourier.com/columbia/snapchat-hoax-leads-to-school-lockdown-evacuation-police-say-no-threat-found/article_68aa3758-48d1-11ec-bb3e-c380d425a28f.html,0,link is dead
https://www.kake.com/story/45235115/fbi-gauges-threats-against-educators-and-school-board-members,0,link is dead
https://www.vvdailypress.com/story/news/2021/11/19/apple-valley-high-school-put-lockdown/8688830002/,261,ok
https://www.news.com.au/national/western-australia/divine-mercy-college-principal-blasted-for-bizarre-threat-to-shut-down-school-rather-than-get-covid19-vaccine/news-story/b430b2684dee660a821bee04610db954,0,link is dead
https://www.cities929.com/2021/11/19/illinois-school-board-association-ends-membership-with-nsba-over-parent-threat-letter/,333,ok
https://www.republicanherald.com/news/threat-in-bathroom-forces-lockdown-of-pottsville-area-high-school/article_2a777aff-6e4d-5890-813c-ebc0b83f2775.html,145,ok
https://theindependent.com/news/local/crime-and-courts/online-threat-to-grand-island-schools-allegedly-made-by-teen-from-wednesday-gun-incident/article_2235a754-496b-11ec-8481-bbd1e6be361f.html,0,link is dead
https://www.westkentuckystar.com/News/Local-Regional/School-threats-lead-to-juvenile-s-arrest-in-Lyon-C,183,ok
https://www.10news.com/news/national/parents-call-for-change-after-students-at-kentucky-high-school-receive-racist-messages-threats,454,ok
https://www.10news.com/news/local-news/north-county-news/student-detained-following-school-threat-in-ramona,223,ok
https://www.wtva.com/content/news/Non-credible-threat-reported-Friday-at-Corinth-school-575778171.html,240,ok
https://www.couriermail.com.au/news/western-australia/divine-mercy-college-principal-blasted-for-bizarre-threat-to-shut-down-school-rather-than-get-covid19-vaccine/news-story/b430b2684dee660a821bee04610db954?nk=ce9ef531e8d8815bd855832baba0d8c4-1637307148,0,link is dead
https://www.newschannel5.com/news/national/parents-call-for-change-after-students-at-kentucky-high-school-receive-racist-messages-threats,454,ok
https://www.paducahsun.com/news/sheriffs-office-lyon-juvenile-13-charged-in-school-shooting-threat/article_041a0f38-3216-52f4-8a24-111f963b2fde.html,0,link is dead
https://www.wdsu.com/article/lockdown-lifted-at-hammond-eastside-magnet-school-after-reports-of-man-with-gun-on-campus/38294811,234,ok
https://1079ishot.com/beau-chene-high-school-on-lockdown/,122,ok
https://talkingpointsmemo.com/prime/where-things-stand-house-gopers-roll-out-bad-faith-spin-on-fbi-plan-to-track-school-threats,114,ok
https://www.wrcbtv.com/story/45238780/hcso-arrests-ooltewah-high-school-student-for-shooting-threat-written-on-bathroom-wall,0,link is dead
https://www.thechronicle.com.au/news/western-australia/divine-mercy-college-principal-blasted-for-bizarre-threat-to-shut-down-school-rather-than-get-covid19-vaccine/news-story/b430b2684dee660a821bee04610db954?nk=04f3b819028aa4bd2840f0b4aaa9ed33-1637306211,0,link is dead
https://wvoc.iheart.com/content/2021-11-19-lexington-school-goes-on-lockdown-due-to-social-media-threat/,72,ok
https://www.ntnews.com.au/news/western-australia/divine-mercy-college-principal-blasted-for-bizarre-threat-to-shut-down-school-rather-than-get-covid19-vaccine/news-story/b430b2684dee660a821bee04610db954?nk=9e5ee0bc4792502bd835209dbe017e89-1637314347,0,link is dead
https://www.thecentersquare.com/illinois/illinois-school-board-association-ends-membership-with-nsba-over-parent-threat-letter/article_04df6dd2-493b-11ec-a5d4-13b788612701.html,333,ok
https://www.hometownregister.com/news/state/illinois-school-board-association-ends-membership-with-nsba-over-parent-threat-letter/article_ca06098e-7733-5250-8007-ec0c46d75cd9.html,0,link is dead
https://www.wrcbtv.com/story/45238780/hcso-arrest-ooltewah-high-school-student-for-shooting-threat-written-on-bathroom-wall,0,link is dead
https://triblive.com/news/education-classroom/threat-prompts-woodland-hills-to-take-high-school-classes-virtual/,0,link is dead
https://www.falmouthpacket.co.uk/news/19728660.richard-lander-school-truro-cornwall-evacuated-bomb-threat/,254,ok
https://www.theepochtimes.com/vaccine-mandates-see-principal-threaten-school-closure-in-western-australia_4113148.html,298,ok
https://www.couriermail.com.au/news/western-australia/divine-mercy-college-principal-blasted-for-bizarre-threat-to-shut-down-school-rather-than-get-covid19-vaccine/news-story/b430b2684dee660a821bee04610db954?nk=aaaf3ced0e6ead8442faa47977ab4f87-1637312571,0,link is dead
https://www.wgil.com/2021/11/19/another-juvenile-arrested-for-making-threats-towards-monmouth-roseville-high-school/,126,ok
https://www.wpsdlocal6.com/news/13-year-old-accused-of-making-school-threats-arrested-in-lyon-county/article_a5f268c4-48bd-11ec-a11d-fbb9f4ad27ac.html,0,link is dead
https://dailyvoice.com/connecticut/westport/schools/police-increase-presence-around-ct-high-school-after-threat/820284/,0,link is dead
https://whiznews.com/2021/11/19/authorities-arrest-juvenile-in-connection-to-threat-at-river-view-high-school/,0,link is dead
https://mix1043fm.com/breaking-two-shot-at-hinkley-high-school-in-aurora-area-on-lockdown/,179,ok
https://www.sandiegouniontribune.com/news/public-safety/story/2021-11-18/boy-15-detained-after-deputies-investigate-threat-to-ramona-high-school,240,ok
https://wham1180.iheart.com/content/2021-11-19-tight-security-at-rush-henrietta-high-school-after-vague-threat-online/,64,ok
https://www.couriermail.com.au/news/western-australia/divine-mercy-college-principal-blasted-for-bizarre-threat-to-shut-down-school-rather-than-get-covid19-vaccine/news-story/b430b2684dee660a821bee04610db954?nk=d33159366ced375b6cb28b1cd44f4615-1637305391,0,link is dead
https://999ktdy.com/beau-chene-high-school-on-lockdown/,122,ok
https://timesofindia.indiatimes.com/entertainment/hindi/bollywood/news/school-leaving-certificate-shows-sameer-wankhede-is-muslim-he-threatened-ex-wife-nawab-malik/articleshow/87786375.cms,501,ok
https://kool1079.com/breaking-two-shot-at-hinkley-high-school-in-aurora-area-on-lockdown/,179,ok
https://95rockfm.com/breaking-two-shot-at-hinkley-high-school-in-aurora-area-on-lockdown/,179,ok
https://kekbfm.com/breaking-two-shot-at-hinkley-high-school-in-aurora-area-on-lockdown/,179,ok
https://999thepoint.com/breaking-two-shot-at-hinkley-high-school-in-aurora-area-on-lockdown/,179,ok
https://www.newsargus.com/news/local/officials-threats-of-school-violence-a-hoax/article_6074ad42-82d0-5827-afb0-30361466e30b.html,536,ok
https://www.theguardian.com/artanddesign/2021/nov/20/no-school-no-hair-cut-one-girls-journey-through-one-of-the-worlds-longest-covid-lockdowns-irina-werning,1143,ok
https://www.newsargus.com/news/local/second-threat-sends-school-into-friday-lockdown/article_03d92dd7-0a7d-527a-a7b6-e7acdeed3741.html,679,ok
https://www.cfnrfm.ca/2021/11/19/two-williams-lake-schools-reopen-after-hour-long-lockdown-over-firearm-incident/,82,ok
https://www.wral.com/wayne-county-schools-respond-to-multiple-fake-threats-at-charles-b-aycock-high-school/19991743/,277,ok
https://www.nbcmiami.com/news/local/13-year-old-accused-of-making-threats-against-charter-school-in-pembroke-pines/2625269/,198,ok
https://www.wrcbtv.com/story/45247273/law-enforcement-investigating-virtual-school-threat-on-signal-mountain,0,link is dead
https://www.statesmanjournal.com/story/news/education/2021/11/18/authorities-investigate-possible-bomb-threat-st-paul-high-school/8670469002/,286,ok
https://www.katc.com/news/st-landry-parish/investigators-looking-into-threats-that-prompted-lockdowns-at-three-schools,0,link is dead
https://www.businesstoday.in/coronavirus/story/prolonged-closure-of-schools-due-to-covid-19-pose-threat-to-gender-equality-says-unseco-study-312894-2021-11-21,486,ok
https://www.naturalnews.com/2021-11-21-pro-crt-parent-threatens-school-board.html,383,ok
https://www.countytimes.co.uk/news/19729560.letter-many-schools-threat-powys-county-council/,285,ok
https://www.thisislocallondon.co.uk/news/19731311.lockdown-life-teaching---hope-jones-tiffin-girls-school/,0,link is dead
https://www.businessinsider.com/parents-mad-excessive-covid-school-lockdowns-problem-democrats-2021-11,1146,ok
https://www.business-standard.com/article/current-affairs/school-closures-due-to-covid-pose-threat-to-gender-equality-unsec-study-121112100579_1.html,0,link is dead
https://www.nationalheraldindia.com/india/prolonged-school-closures-due-to-covid-pose-threat-to-gender-equality-unseco-study,583,ok
https://www.ndtv.com/education/prolonged-school-closures-due-to-covid-pose-threat-to-gender-equality-unesco-study,0,link is dead
https://www.thehindu.com/news/national/prolonged-school-closures-due-to-covid-pose-threat-to-gender-equality-unesco-study/article37614266.ece,592,ok
https://www.tribuneindia.com/news/schools/prolonged-school-closures-due-to-covid-pose-threat-to-gender-equality-unseco-341072,731,ok
https://www.tribuneindia.com/news/schools/prolonged-school-closures-due-to-covid-pose-threat-to-gender-equality-unesco-341072,731,ok
https://www.risingkashmir.com/Prolonged-school-closures-due-to-Covid-pose-threat-to-gender-equality--UNESCO-study-95696,0,link is dead
https://dailypost.ng/2021/11/21/oyo-muslim-community-threatens-schools-against-hijab-use-with-legal-action/,386,ok
https://www.telegraphindia.com/india/prolonged-school-closures-due-to-covid-pose-threat-to-gender-equality-unseco-study/cid/1839933,0,link is dead
https://economictimes.indiatimes.com/industry/services/education/prolonged-school-closures-due-to-covid-pose-threat-to-gender-equality-unseco-study/articleshow/87832171.cms,1087,ok
https://patch.com/illinois/oaklawn/richards-student-charged-texting-threats-school,361,ok
https://www.jewishpress.com/news/israel/arab-school-principal-shot-town-under-police-lockdown/2021/11/22/,0,link is dead
https://www.manchestereveningnews.co.uk/news/greater-manchester-news/live-school-lockdown-person-makes-22237242,322,ok
https://go955.com/2021/11/22/mattawan-schools-closed-due-to-alleged-threats-against-the-high-school/,136,ok
https://www.nbcconnecticut.com/news/local/waterbury-police-investigating-potential-threat-against-crosby-high-school/2657668/,87,ok
https://www.wishtv.com/news/indiana-news/female-juvenile-arrested-for-posting-lafayette-school-shooting-threats/,163,ok
https://www.prabhatkhabar.com/state/up/bareilly/lockdown-and-financial-scarcity-effect-bareilly-4200-children-left-the-convent-and-enrolled-in-government-schools-avi,0,link is dead
https://ktvz.com/cnn-regional/2021/11/22/woman-charged-for-school-threat-on-social-media/,342,ok
https://www.pressandjournal.co.uk/fp/politics/scottish-politics/3692175/strike-threat-at-sqa-could-cause-third-year-of-exam-chaos-for-schools/,0,link is dead
https://wsvaonline.com/news/146641-staunton-teen-arrested-for-threats-at-school/,0,link is dead
https://www.theboltonnews.co.uk/news/19733224.golborne-high-school-wigan-locked-threats-person-claiming-gun/,115,ok
https://wlac.iheart.com/content/2021-11-22-18-year-old-arrested-in-connection-to-threats-of-tennessee-school-shooting/,293,ok
https://www.theage.com.au/national/western-australia/perth-principal-steps-back-threat-to-close-school-over-covid-19-vaccine-mandate-20211122-p59b5q.html,657,ok
https://www.chroniclelive.co.uk/news/north-east-news/newcastle-school-girls-teachers-threaten-22225771,637,ok
https://www.997wtn.com/news/woman-charged-for-school-threat-on-social-media/,0,link is dead
https://www.dailyrecord.co.uk/news/uk-world-news/school-lockdown-pupils-hiding-under-25520884,505,ok
https://www.omroepzeeland.nl/nieuws/131325/Oostenrijk-in-lockdown-maar-Zeeuwse-Evelien-brengt-haar-kinderen-gewoon-naar-school,342,ok
https://www.manchestereveningnews.co.uk/news/greater-manchester-news/school-placed-lockdown-pupils-forced-22239476,481,ok
https://wincountry.com/2021/11/22/mattawan-schools-closed-due-to-alleged-threats-against-the-high-school/,136,ok
https://www.warringtonguardian.co.uk/news/19733418.golborne-high-school-locked-threats-person-claiming-gun/,149,ok
https://www.smh.com.au/national/western-australia/perth-principal-steps-back-threat-to-close-school-over-covid-19-vaccine-mandate-20211122-p59b5q.html,657,ok
https://www.wilsonpost.com/community/mt-juliet-woman-charged-for-threat-at-green-hill-high-school/article_4f31380a-4b04-11ec-9742-e3a1976dabdb.html,0,link is dead
https://www.thecourier.co.uk/fp/politics/scottish-politics/2758206/strike-threat-at-sqa-could-cause-third-year-of-exam-chaos-for-schools/,0,link is dead
https://www.leighjournal.co.uk/news/19733648.golborne-high-school-locked-firearm-threat/,134,ok
https://augustafreepress.com/teen-charged-in-connection-with-threats-made-at-staunton-high-school/,0,page opened but no article text
https://www.lep.co.uk/news/pupils-are-evacuated-from-wigan-school-as-probe-into-shooting-threat-continues-3466940,278,ok
https://www.tribuneindia.com/news/nation/prolonged-school-closure-poses-threat-to-gender-equality-study-341250,202,ok
http://www.msn.com/en-nz/news/uknews/golborne-high-school-locked-down-by-armed-police-after-online-gun-threat/ar-AAR0j1v,0,page opened but no article text
https://montreal.ctvnews.ca/heritage-regional-high-school-evacuated-after-threatening-comments-longueuil-police-1.5675948,0,link is dead
https://www.watoday.com.au/national/western-australia/perth-principal-steps-back-threat-to-close-school-over-covid-19-vaccine-mandate-20211122-p59b5q.html,657,ok
https://www.taosnews.com/public-safety/juvenile-accused-of-making-threat-against-taos-high-school/article_dea31a90-4bb7-11ec-8b4c-eff89a4e22f5.html,0,link is dead
https://www.wral.com/threat-over-mask-mandate-prompts-moore-county-school-board-to-reschedule-meeting/19873255/,304,ok
https://www.wsmv.com/news/wilson_county/woman-charged-for-school-threat-on-social-media/article_baa6c624-4ba7-11ec-8931-4faa85274144.html,301,ok
https://www.thepilot.com/news/we-are-going-to-find-your-houses-schools-release-tape-of-september-threat/article_b705a558-4bb6-11ec-b44c-8b0aac4b465b.html,4948,ok
https://www.noen.at/melk/bezirk-melk-fast-alle-schueler-in-den-klassen-bezirk-melk-redaktionsfeed-corona-infektionen-coronavirus-lockdown-homeschooling-praesenzunterricht-redaktion-302083510,0,link is dead
https://www.brisbanetimes.com.au/national/western-australia/perth-principal-steps-back-threat-to-close-school-over-covid-19-vaccine-mandate-20211122-p59b5q.html,657,ok
https://www.dailyherald.com/news/20211122/police-threat-against-south-elgin-high-school-unfounded,0,page opened but no article text
https://www.mirror.co.uk/news/uk-news/breaking-high-school-placed-lockdown-25517560,317,ok
https://montreal.ctvnews.ca/high-school-on-montreal-s-south-shore-evacuated-after-threatening-comments-police-1.5675948,0,link is dead
https://www.theboltonnews.co.uk/news/19734958.golborne-high-school-wigan-gun-threat-believed-hoax/,179,ok
https://www.wlfi.com/content/news/Tecumseh-on-high-alert-following-school-shooting-threats-575794681.html,207,ok
https://www.thecentersquare.com/illinois/eight-school-districts-continue-mask-optional-policies-despite-isbe-threats/article_e8218c5c-4bc4-11ec-b341-f7965e71fcc4.html,593,ok
https://www.cypnow.co.uk/news/article/council-threatened-with-legal-action-over-covid-19-school-attendance-rules,0,link is dead
https://www.coshoctontribune.com/story/news/local/2021/11/22/threats-under-investigation-river-view-high-school/8717154002/,374,ok
https://lacrossetribune.com/news/local/education/la-crosse-logan-high-school-remains-open-after-threat/article_205bb1ef-9dfa-5f70-827f-42dd5bfaae3f.html,0,link is dead
https://www.fox5dc.com/news/montgomery-county-schools-back-off-on-threat-to-terminate-unvaccinated-employees,651,ok
https://www.wlky.com/article/atherton-high-school-on-lockdown-after-student-reports-seeing-gun/38333365,209,ok
https://www.wdrb.com/news/atherton-high-school-placed-on-lockdown-gun-found-in-backpack/article_1f43e326-4c7c-11ec-88b3-73d1c3717423.html,821,ok
https://news.yahoo.com/school-boards-threaten-ban-books-182214205.html,0,link is dead
https://www.courier-journal.com/story/news/education/2021/11/23/atherton-high-school-under-lockdown-after-report-student-with-gun/8734643002/,441,ok
https://www.voiceofalexandria.com/news/local/police-deem-threats-to-school-not-credible/article_77ddaa76-f49b-11e8-b46d-9fe391048582.html,0,link is dead
https://www.santafenewmexican.com/news/local_news/gonzales-community-school-sent-to-lockdown-after-gun-brandished-in-nearby-road-rage-incident/article_6f935014-4beb-11ec-9ee7-b7a1fbc7bfe9.html,488,ok
https://www.recorder.ca/news/local-news/renfrew-county-district-school-board-renews-commitment-to-violent-threat-risk-assessment-protocol,0,link is dead
https://www.trentonian.ca/news/local-news/renfrew-county-district-school-board-renews-commitment-to-violent-threat-risk-assessment-protocol,0,link is dead
https://www.renfrewtoday.ca/2021/11/24/violence-threat-risk-assessment-vtra-teams-helping-at-public-schools-in-renfrew-county/,141,ok
https://www.countyweeklynews.ca/news/local-news/renfrew-county-district-school-board-renews-commitment-to-violent-threat-risk-assessment-protocol,0,link is dead
https://www.foxnews.com/us/utah-high-school-fires-coach-threatening-voicemail,326,ok
https://www.theguardian.com/australia-news/2021/nov/25/byron-bay-hostel-in-week-long-covid-lockdown-as-school-leavers-arrive-to-party,604,ok
https://www.communitypress.ca/news/local-news/renfrew-county-district-school-board-renews-commitment-to-violent-threat-risk-assessment-protocol,0,link is dead
https://www.azcentral.com/story/news/local/arizona-breaking/2021/11/23/tucson-mountain-view-high-school-lockdown-after-weapon-reported/8743260002/,260,ok
https://www.thewhig.com/news/local-news/renfrew-county-district-school-board-renews-commitment-to-violent-threat-risk-assessment-protocol,0,link is dead
https://www.kbew98country.com/2021/11/24/walters-man-pleads-guilty-to-calling-in-bomb-threat-to-an-albert-lea-school/,0,link is dead
https://wbsm.com/fall-river-police-investigating-durfee-high-school-threat/,198,ok
https://www.kimt.com/content/news/Guilty-plea-entered-over-bomb-threat-at-Albert-Lea-school-575801391.html,0,link is dead
https://bc.ctvnews.ca/man-with-knife-prompts-lockdowns-at-abbotsford-schools-1.5679909,340,ok
https://www.msn.com/en-us/news/crime/fbi-arrests-suspect-accused-of-making-bomb-threats-to-schools-and-hospitals-in-oregon/ar-AAR60Ug,0,page opened but no article text
https://news.yahoo.com/tucson-high-school-put-lockdown-004635227.html,277,ok
https://www.kingstonthisweek.com/news/local-news/renfrew-county-district-school-board-renews-commitment-to-violent-threat-risk-assessment-protocol,0,link is dead
https://fun107.com/fall-river-police-investigating-durfee-high-school-threat/,198,ok
https://divyamarathi.bhaskar.com/international/news/school-corona-lockdown-shortage-of-full-time-teachers-in-american-schools-many-schools-canceling-classes-now-pre-study-129149095.html,255,ok
https://www.vanguardngr.com/2021/11/secondary-school-student-jailed-3-weeks-for-threatening-teachers-life/,235,ok
https://www.iwradio.co.uk/news/isle-of-wight-news/could-ventnor-school-save-chillertons-threatened-primary/,0,link is dead
https://calgary.ctvnews.ca/alleged-threats-at-knifepoint-prompts-lockdown-of-lethbridge-school-suspect-arrested-in-playground-1.5681288,152,ok
https://www.rtvoost.nl/nieuws/2032344/Wel-of-geen-lockdown-Ook-op-school-is-daar-discussie-over,0,link is dead
https://montreal.ctvnews.ca/teen-arrested-following-threats-that-forced-montreal-area-high-school-to-close-1.5679752,84,ok
https://www.dailymail.co.uk/news/article-10241195/Covid-Australia-Byron-Bay-hell-Schoolies-trapped-hostel-infected-woman-sparks-lockdown.html,0,link is dead
https://www.msn.com/en-us/news/crime/fbi-arrests-suspect-accused-of-making-bomb-threats-to-schools-and-hospitals-in-oregon/ar-AAR6cSX,0,page opened but no article text
https://www.pulse.ng/news/metro/secondary-school-student-jailed-3-weeks-for-threatening-teachers-life/1xes06l,0,link is dead
http://www.egcitizen.com/news/school-placed-on-lockdown-after-nearby-stabbing/article_8dc37860-4edf-11ec-a3bd-b722dc64a52f.html,0,link is dead
https://www.stuff.co.nz/national/crime/127108563/school-lockdowns-lifted-as-police-arrest-man-who-stole-cars-and-fled-after-crash,0,page opened but no article text
https://965thefox.com/going-to-shoot-up-the-school-on-monday-threat-in-fargo/,296,ok
https://blogs.timesofisrael.com/a-post-lockdown-pandemic-of-violence-is-spreading-through-our-schools/,0,link is dead
http://www.msn.com/en-nz/news/national/man-arrested-near-christchurch-after-manhunt-leads-to-school-lockdowns/ar-AAR8LKs,0,page opened but no article text
https://dailypost.ng/2021/11/26/court-jails-secondary-school-student-over-threat-to-kill-teacher/,215,ok
https://www.stuff.co.nz/taranaki-daily-news/news/127114186/firearm-scare-sees-new-plymouth-schools-put-into-lockdown,0,page opened but no article text
https://hot975fm.com/going-to-shoot-up-the-school-on-monday-threat-in-fargo/,296,ok
https://www.news8000.com/holmen-police-identify-person-responsible-for-making-threats-toward-middle-school/,0,link is dead
https://www.hexham-courant.co.uk/news/19746960.plan-protect-rural-northumberland-schools-threatened-falling-pupil-numbers/,423,ok
https://www.eastlothiancourier.com/news/19747414.man-threatened-drag-schoolgirl-bushes-slit-throat-jailed/,514,ok
https://barrie.ctvnews.ca/threat-against-collingwood-high-school-came-from-out-of-the-country-board-says-1.5685377,119,ok
http://www.nydailynews.com/new-york/nyc-crime/ny-two-brooklyn-public-schools-evacuated-over-bomb-threats-20211129-uz4q4h46anhanmr4x5h4xbncue-story.html,94,ok
https://www.am1100theflag.com/news/local-news/39751-lincoln-elementary-school-goes-on-lockdown-after-student-brings-handgun-to,0,link is dead
https://pulitzercenter.org/stories/no-school-no-hair-cut-one-girls-journey-through-one-worlds-longest-covid-lockdowns,1149,ok
https://www.communitypress.ca/news/local-news/renfrew-county-catholic-district-school-board-renews-commitment-to-violent-threat-risk-assessment-protocol,0,link is dead
https://www.kingstonthisweek.com/news/local-news/renfrew-county-catholic-district-school-board-renews-commitment-to-violent-threat-risk-assessment-protocol,0,link is dead
https://www.gananoquereporter.com/news/local-news/renfrew-county-catholic-district-school-board-renews-commitment-to-violent-threat-risk-assessment-protocol,0,link is dead
https://www.freepressjournal.in/mumbai/maharashtra-despite-omicron-variant-threat-schools-for-classes-1-to-7-to-reopen-on-december-1,441,ok
https://www.savannahnow.com/story/news/2021/11/29/savannah-chatham-county-schools-trained-find-social-media-threats/6199664001/,758,ok
https://www.wltx.com/article/news/local/white-knoll-high-school-lockdown/101-7df8abe2-c6a2-480e-8e4f-c3c41eadce9c,0,link is dead
https://www.am1090theflag.com/news/local-news/39751-lincoln-elementary-school-goes-on-lockdown-after-student-brings-loaded-handgun,628,ok
https://cornellsun.com/2021/11/28/guest-room-a-school-lockdown/,1255,ok
https://www.wfsb.com/news/weapons-violation-sends-platt-high-school-in-meriden-into-lockdown/article_751e904e-51e4-11ec-b8e4-b332786d3e1d.html,1543,ok
https://www.kxlf.com/news/national/michigan-high-school-on-lockdown-after-several-victims-shot-suspected-gunman-in-custody,439,ok
https://www.longbeachstar.com/news/271835049/mumbai-reopening-of-schools-for-classes-1-to-7-postponed-till-dec-15-amid-threat-of-omicron,398,ok
https://www.wtkr.com/news/national/michigan-high-school-on-lockdown-after-several-victims-shot-suspected-gunman-in-custody,439,ok
https://www.freepressjournal.in/mumbai/mumbai-bmc-delays-reopening-of-schools-for-classes-1-to-7-till-december-15-amid-omicron-threat,342,ok
https://www.turnto23.com/news/national/michigan-high-school-on-lockdown-after-several-victims-shot-suspected-gunman-in-custody,439,ok
https://triblive.com/news/education-classroom/social-media-threats-prompt-switch-to-remote-learning-at-propel-schools/,0,link is dead
https://www.indiagazette.com/news/271835049/mumbai-reopening-of-schools-for-classes-1-to-7-postponed-till-dec-15-amid-threat-of-omicron,413,ok
https://www.katc.com/news/national/michigan-high-school-on-lockdown-after-several-victims-shot-suspected-gunman-in-custody,0,link is dead
https://www.wkbw.com/news/national/michigan-high-school-on-lockdown-after-several-victims-shot-suspected-gunman-in-custody,439,ok
https://www.africaleader.com/news/271835049/mumbai-reopening-of-schools-for-classes-1-to-7-postponed-till-dec-15-amid-threat-of-omicron,415,ok
https://www.prweb.com/releases/skypath_security_appoints_former_rhode_island_state_police_captain_and_chairman_of_the_school_safety_committee_derek_borek_to_its_top_threat_assessment_post/prweb18361427.htm,890,ok
https://www.wtae.com/article/sto-rox-high-school-early-dismissal-threat/38388388,144,ok
https://www.fox61.com/article/news/local/meriden-high-school-lockdown-report-handgun-police/520-251907f1-061e-400c-a222-57da482656f0,0,link is dead
https://woodradio.iheart.com/content/2021-11-30-short-lockdown-at-some-grand-haven-schools-following-bank-robbery/,100,ok
https://www.kpax.com/news/national/michigan-high-school-on-lockdown-after-several-victims-shot-suspected-gunman-in-custody,439,ok
https://www.govtech.com/sponsored/schools-locked-out-defending-against-the-new-ransomware-threat,642,ok
https://www.borehamwoodtimes.co.uk/news/19752665.summerswood-school-borehamwood-evacuated-bomb-threat/,236,ok
https://patch.com/pennsylvania/northhills/north-hills-high-school-classes-despite-online-threat,123,ok
https://www.business-standard.com/article/news-ani/mumbai-reopening-of-schools-for-classes-1-to-7-postponed-till-dec-15-amid-threat-of-omicron-121113000741_1.html,0,link is dead
https://www.krtv.com/news/national/michigan-high-school-on-lockdown-after-several-victims-shot-suspected-gunman-in-custody,226,ok
https://www.koaa.com/news/national/michigan-high-school-on-lockdown-after-several-victims-shot-suspected-gunman-in-custody,439,ok
https://kitchener.ctvnews.ca/teen-arrested-in-guelph-for-high-school-threat-1.5687200,0,link is dead
https://www.freepressjournal.in/mumbai/thane-school-for-classes-1-to-4-to-reopen-from-december-15-amid-omicron-threat,302,ok
https://www.wfsb.com/news/reports-of-student-with-gun-sends-platt-high-school-in-meriden-into-lockdown/article_751e904e-51e4-11ec-b8e4-b332786d3e1d.html,1543,ok
https://www.wzzm13.com/article/news/local/multiple-schools-on-lockdown-after-robbery-at-nearby-credit-union-in-grand-haven/69-987ae54b-94b1-4ce7-b33a-f4fb68b673c1,0,link is dead
https://kitchener.ctvnews.ca/teen-arrested-in-guelph-for-threats-against-a-school-1.5687200,0,link is dead
https://houstonianonline.com/in-southern-italy-more-children-have-stopped-school-due-to-lockdown/,0,page opened but no article text
https://www.wtae.com/article/all-propel-schools-in-pittsburgh-area-closed-tuesday-following-social-media-threats/38384766,125,ok
https://www.10news.com/news/national/michigan-high-school-on-lockdown-after-several-victims-shot-suspected-gunman-in-custody,439,ok
https://www.dailyrecord.co.uk/news/crime/woman-threatened-cut-off-schoolboys-25581414,474,ok
https://www.ksby.com/news/national/michigan-high-school-on-lockdown-after-several-victims-shot-suspected-gunman-in-custody,439,ok
https://www.am1100theflag.com/news/local-news/39751-lincoln-elementary-school-goes-on-lockdown-after-student-brings-loaded-handgun,0,link is dead
https://triblive.com/local/north-hills/north-hills-school-district-targeted-by-social-media-threat/,89,ok
https://www.thedenverchannel.com/news/national/michigan-high-school-on-lockdown-after-several-victims-shot-suspected-gunman-in-custody,439,ok
https://www.asianage.com:443/metros/mumbai/301121/amid-omicron-threat-bmc-pushes-reopening-of-schools-in-mumbai-to-dec-15.html,367,ok
https://www.newschannel5.com/news/national/michigan-high-school-on-lockdown-after-several-victims-shot-suspected-gunman-in-custody,439,ok
https://www.abc15.com/news/national/michigan-high-school-on-lockdown-after-several-victims-shot-suspected-gunman-in-custody,439,ok
https://www.wxyz.com/news/oxford-high-school-on-lockdown-due-to-active-shooting-situation-reports-of-multiple-victims,2510,ok
http://www.sanilacbroadcasting.com/2021/11/30/lapeer-county-schools-lockdown-active-shooter-in-oxford/,340,ok
https://www.wxyz.com/news/what-is-alice-lockdown-the-alert-issued-to-oxford-high-school-students-during-shooting,243,ok
http://www.deccanchronicle.com/nation/current-affairs/301121/amid-omicron-threat-bmc-pushes-reopening-of-schools-in-mumbai-to-dec.html,367,ok
https://www.abcactionnews.com/news/national/michigan-high-school-on-lockdown-after-several-victims-shot-suspected-gunman-in-custody,439,ok
https://www.ndtv.com/mumbai-news/amid-omicron-threat-mumbai-delays-reopening-of-schools-from-december-1-to-december-15-report-2630641,0,link is dead
https://triblive.com/local/pittsburgh-public-schools-targeted-by-threat/,70,ok
https://www.fox17online.com/news/local-news/lakeshore/ottawa/multiple-grand-haven-schools-on-lockdown-as-police-search-for-robber,189,ok
https://www.fox17online.com/news/oxford-high-school-on-lockdown-due-to-active-shooting-situation-reports-of-multiple-victims,2510,ok
https://www.postandcourier.com/columbia/news/lexington-county-high-school-put-on-lockdown-following-reports-of-armed-students-on-campus/article_67fd3d90-516a-11ec-a360-c7f0985bbd01.html,0,link is dead
https://economictimes.indiatimes.com/news/india/amid-omicron-threat-bmc-pushes-reopening-of-schools-in-mumbai-to-december-15/articleshow/88006138.cms,611,ok
https://www.kxxv.com/news/national/michigan-high-school-on-lockdown-after-several-victims-shot-suspected-gunman-in-custody,439,ok
http://www.msn.com/en-nz/news/world/michigan-school-shooting-threats-circulated-on-campus-prior-to-deadly-attack-student-says/ar-AARjG75,0,page opened but no article text
https://www.zimbabwestar.com/news/271835049/mumbai-reopening-of-schools-for-classes-1-to-7-postponed-till-dec-15-amid-threat-of-omicron,405,ok
https://www.fox13now.com/news/national/michigan-high-school-on-lockdown-after-several-victims-shot-suspected-gunman-in-custody,439,ok
https://www.fox26houston.com/news/clear-brook-high-school-evacuated-due-to-bomb-threat,119,ok
https://wezl.iheart.com/featured/lowcountry-headlines/content/2021-12-01-no-threat-found-after-live-ammo-found-at-dorchester-county-middle-school/,231,ok
https://spectrumlocalnews.com/nys/watertown/ap-top-news/2021/11/30/undersheriff-says-8-were-wounded-in-michigan-school-attack-that-killed-3-says-he-wasnt-aware-of-any-prior-threats,45,ok
https://www.wtma.com/news/lockdowns-lifted-at-2-summerville-schools-live-ammo-found-on-campus/,0,link is dead
https://www.wtae.com/article/mt-lebanon-high-school-social-media-threat-police/38400383,283,ok
https://www.ketv.com/article/council-bluffs-teacher-arrested-for-threatening-notes-found-at-abraham-lincoln-high-school/38403435,489,ok
http://fortsaskonline.com/articles/sherwood-park-school-put-in-lockdown-residents-asked-to-avoid-area-amid-heavy-police-presence,0,link is dead
https://www.kbzk.com/news/national/michigan-high-school-on-lockdown-after-several-victims-shot-suspected-gunman-in-custody,439,ok
https://www.statesman.com/story/news/2021/12/01/akins-high-school-lockdown-after-reports-armed-subject/8824383002/,265,ok
https://www.kvue.com/article/news/education/schools/akins-high-school-austin-texas-lockdown-dec-1/269-d7bc48a0-8710-4006-8f6b-f143526c569a,0,link is dead
https://www.wjcl.com/article/south-carolina-school-lockdown/38399014,144,ok
https://www.fox32chicago.com/news/oak-lawn-community-high-school-student-charged-with-making-bomb-threats,146,ok
https://www.fox2detroit.com/news/app-allows-michigan-students-to-report-possible-school-threats-to-police,111,ok
https://nj1015.com/student-charged-in-threat-against-nj-high-school-after-michigan-shooting/,417,ok
https://y1025.iheart.com/featured/lowcountry-headlines/content/2021-12-01-no-threat-found-after-live-ammo-found-at-dorchester-county-middle-school/,231,ok
https://www.fox7austin.com/news/akins-high-school-on-lockdown-as-police-investigate-reports-of-armed-subject,170,ok
https://www.9and10news.com/i/undersheriff-says-8-were-wounded-in-michigan-school-attack-that-killed-3-says-he-wasnt-aware-of-any-prior-threats/,0,link is dead
https://www.news8000.com/tomah-schools-determine-no-credible-threat-in-social-media-post/,0,link is dead
https://www.nbcconnecticut.com/news/local/norwalk-police-investigate-high-school-bomb-threat-hoax/2663327/,137,ok
https://patch.com/pennsylvania/pittsburgh/fbi-probing-threats-made-multiple-pa-school-districts,284,ok
https://kitchener.ctvnews.ca/teen-not-facing-criminal-charges-after-threat-at-guelph-school-1.5687200,264,ok
https://www.bridgemi.com/talent-education/15-year-old-suspect-oxford-school-shooting-recorded-threat-kill-classmates,1403,ok
https://www.eastidahonews.com/2021/11/first-responders-deem-suspicious-looking-device-not-a-threat-to-high-school/,185,ok
https://triblive.com/news/education-classroom/west-mifflin-high-school-switches-to-remote-learning-after-threat/,0,link is dead
http://fortsaskonline.com/articles/update-sherwood-park-school-lockdown-lifted-police-still-in-area-2,0,link is dead
http://fortsaskonline.com/articles/rcmp-give-update-on-school-lockdown-police-incident-in-sherwood-park,0,link is dead
https://943wsc.iheart.com/featured/lowcountry-headlines/content/2021-12-01-no-threat-found-after-live-ammo-found-at-dorchester-county-middle-school/,231,ok
https://www.nbcconnecticut.com/news/local/police-investigate-bomb-threat-at-hartford-school/2663229/,88,ok
https://943thepoint.com/student-charged-in-threat-against-nj-high-school-after-michigan-shooting/,417,ok
https://www.desmoinesregister.com/story/news/crime-and-courts/2021/11/30/des-moines-elementary-school-lovejoy-placed-lockdown-gun-shots-fired/8815459002/,176,ok
https://1057thehawk.com/student-charged-in-threat-against-nj-high-school-after-michigan-shooting/,417,ok
https://www.sandiegouniontribune.com/news/nation-world/story/2021-11-30/undersheriff-says-8-were-wounded-in-michigan-school-attack-that-killed-3-says-he-wasnt-aware-of-any-prior-threats,178,ok
https://www.wptv.com/news/national/michigan-high-school-on-lockdown-after-several-victims-shot-suspected-gunman-in-custody,439,ok
https://www.kshb.com/news/national/michigan-high-school-on-lockdown-after-several-victims-shot-suspected-gunman-in-custody,439,ok
https://www.kjrh.com/news/national/michigan-high-school-on-lockdown-after-several-victims-shot-suspected-gunman-in-custody,439,ok
https://www.indiatvnews.com/education/news-mumbai-brihanmumbai-municipal-corporation-pushes-schools-reopening-december-15-omicron-variant-threat-latest-omicron-news-updates-747520,375,ok
https://mybeachradio.com/student-charged-in-threat-against-nj-high-school-after-michigan-shooting/,417,ok
https://q1045.iheart.com/featured/lowcountry-headlines/content/2021-12-01-no-threat-found-after-live-ammo-found-at-dorchester-county-middle-school/,231,ok
https://koacolorado.iheart.com/content/2021-12-02-teacher-charged-for-allegedly-leaving-notes-threatening-violence-at-school/,227,ok
https://wlap.iheart.com/content/2021-12-02-teacher-charged-for-allegedly-leaving-notes-threatening-violence-at-school/,227,ok
https://www.kabc.com/news/rep-jordan-urges-subpoenas-of-doj-wh-school-boards-group-over-alleged-parent-threat/,0,link is dead
https://wflanews.iheart.com/content/2021-12-02-teacher-charged-for-allegedly-leaving-notes-threatening-violence-at-school/,227,ok
https://www.app.com/story/news/2021/12/01/howell-high-school-student-threat-snapchat/8820327002/,278,ok
https://www.wtkr.com/news/national/copycat-threats-of-violence-force-some-school-districts-in-michigan-to-close-thursday,489,ok
https://1019bigwaax.iheart.com/content/2021-12-02-teacher-charged-for-allegedly-leaving-notes-threatening-violence-at-school/,227,ok
https://www.newsweek.com/teacher-allegedly-left-handwritten-notes-school-threatening-violence-police-1655129,418,ok
https://wbex.iheart.com/content/2021-12-02-teacher-charged-for-allegedly-leaving-notes-threatening-violence-at-school/,227,ok
https://wwnc.iheart.com/content/2021-12-02-teacher-charged-for-allegedly-leaving-notes-threatening-violence-at-school/,227,ok
https://www.michigansthumb.com/news/article/Caseville-schools-in-lockdown-following-16668901.php,719,ok
https://www.kmbc.com/article/additional-security-threatening-graffiti-blue-springs-south-high-school-bathroom-missouri/38413653,175,ok
https://big1059.iheart.com/content/2021-12-02-juvenile-arrested-for-threatening-stoneman-douglas-high-school/,103,ok
https://943wsc.iheart.com/content/2021-12-02-teacher-charged-for-allegedly-leaving-notes-threatening-violence-at-school/,227,ok
https://kfanplus.iheart.com/content/2021-12-02-teacher-charged-for-allegedly-leaving-notes-threatening-violence-at-school/,227,ok
https://siouxcityjournal.com/news/state-and-regional/crime-and-courts/council-bluffs-teacher-accused-of-writing-notes-threatening-school-shooting/article_1401b600-58e1-5758-aa00-703a76ffbed9.html,939,ok
https://khvhradio.iheart.com/content/2021-12-02-teacher-charged-for-allegedly-leaving-notes-threatening-violence-at-school/,227,ok
https://powertalk1360.iheart.com/content/2021-12-02-teacher-charged-for-allegedly-leaving-notes-threatening-violence-at-school/,227,ok
https://newsradiori.iheart.com/content/2021-12-02-teacher-charged-for-allegedly-leaving-notes-threatening-violence-at-school/,227,ok
http://www.nydailynews.com/news/crime/ny-teen-arrested-threats-parklans-high-school-marjory-20211202-ogvkaylnnjdglibjacvmaaxyn4-story.html,182,ok
https://www.wkbw.com/news/local-news/social-media-threats-prompt-remote-learning-for-lockport-high-school-lockport-high-school-west,256,ok
https://dailyvoice.com/connecticut/bridgeport/police-fire/two-fairfield-county-schools-evacuated-due-to-threat-officials-say/821036/,0,link is dead
https://www.fox7austin.com/news/students-parents-reflect-on-lockdown-at-akins-early-college-high-school,327,ok
https://zeenews.india.com/india/schools-in-india-likely-to-see-14-drop-in-students-attendance-due-to-omicron-threat-survey-2415420.html,440,ok
https://banana1015.com/michigan-schools-closed-amid-concerns-threats/,354,ok
https://95wxtk.iheart.com/content/2021-12-02-teacher-charged-for-allegedly-leaving-notes-threatening-violence-at-school/,227,ok
https://kprcradio.iheart.com/content/2021-12-02-teacher-charged-for-allegedly-leaving-notes-threatening-violence-at-school/,227,ok
https://wjno.iheart.com/content/2021-12-02-juvenile-arrested-for-threatening-stoneman-douglas-high-school/,103,ok
https://www.wxyz.com/news/police-say-south-lake-high-school-evacuated-following-bomb-threat,59,ok
https://newsradio1290wtks.iheart.com/content/2021-12-02-teacher-charged-for-allegedly-leaving-notes-threatening-violence-at-school/,227,ok
https://1053thefox.iheart.com/content/2021-12-02-teacher-charged-for-allegedly-leaving-notes-threatening-violence-at-school/,227,ok
https://www.dailyrecord.co.uk/news/scottish-news/scots-school-teacher-who-threatened-25583896,749,ok
https://www.kshb.com/news/local-news/threatening-graffiti-found-wednesday-in-blue-springs-south-high-school-bathroom,136,ok
https://www.wfmj.com/story/45349477/south-range-school-district-cancels-classes-thursday-after-bomb-threat-investigation,0,link is dead
https://kfyi.iheart.com/content/2021-12-02-teacher-charged-for-allegedly-leaving-notes-threatening-violence-at-school/,227,ok
https://1440wgig.iheart.com/content/2021-12-02-teacher-charged-for-allegedly-leaving-notes-threatening-violence-at-school/,227,ok
https://wmmbam.iheart.com/content/2021-12-02-teacher-charged-for-allegedly-leaving-notes-threatening-violence-at-school/,227,ok
https://www.lockportjournal.com/news/crime/lockport-police-say-high-school-threat-appears-non-credible/article_32581590-5398-11ec-b042-d72ab09d390e.html,190,ok
https://kmag991.iheart.com/content/2021-12-02-teacher-charged-for-allegedly-leaving-notes-threatening-violence-at-school/,227,ok
https://933theeagle.iheart.com/content/2021-12-02-teacher-charged-for-allegedly-leaving-notes-threatening-violence-at-school/,227,ok
https://wvoc.iheart.com/content/2021-12-02-teacher-charged-for-allegedly-leaving-notes-threatening-violence-at-school/,227,ok
https://wgy.iheart.com/content/2021-12-02-teacher-charged-for-allegedly-leaving-notes-threatening-violence-at-school/,227,ok
https://wflafm.iheart.com/content/2021-12-02-teacher-charged-for-allegedly-leaving-notes-threatening-violence-at-school/,227,ok
https://dailyvoice.com/connecticut/westport/police-fire/two-fairfield-county-schools-evacuated-due-to-threat-officials-say/821036/,0,link is dead
https://dailyvoice.com/connecticut/stamford/police-fire/two-fairfield-county-schools-evacuated-due-to-threat-officials-say/821036/,0,link is dead
https://www.kristv.com/news/texas-news/austin-police-control-school-lockdown-with-no-injuries,89,ok
http://www.msn.com/en-us/news/us/multiple-detroit-area-schools-closed-due-to-threats-of-more-violence/ar-AARokel,0,page opened but no article text
https://www.lockportjournal.com/news/crime/lockport-high-schools-close-again-in-response-to-threats-on-social-media/article_4890baca-5388-11ec-82eb-2788f70a3b92.html,0,link is dead
https://www.wxyz.com/news/oxford-school-shooting/oxford-high-school-on-lockdown-due-to-active-shooting-situation-reports-of-multiple-victims,2510,ok
https://www.q13fox.com/news/1-taken-into-custody-after-social-media-threats-in-mukilteo-school-district,764,ok
https://wiba.iheart.com/content/2021-12-02-teacher-charged-for-allegedly-leaving-notes-threatening-violence-at-school/,227,ok
https://wspd.iheart.com/content/2021-12-02-teacher-charged-for-allegedly-leaving-notes-threatening-violence-at-school/,227,ok
https://970kfbx.iheart.com/content/2021-12-02-teacher-charged-for-allegedly-leaving-notes-threatening-violence-at-school/,227,ok
https://www.dl-online.com/news/7306406-Two-juveniles-charged-in-connection-with-Nov.-2-school-threat-in-Detroit-Lakes,237,ok
https://www.wlwt.com/article/teacher-arrested-threatening-notes-found-iowa-high-school/38404731,389,ok
https://www.wdsu.com/article/teacher-arrested-threatening-notes-found-iowa-high-school/38404731,389,ok
https://newsradio1170.iheart.com/content/2021-12-02-teacher-charged-for-allegedly-leaving-notes-threatening-violence-at-school/,227,ok
https://wjno.iheart.com/content/2021-12-02-teacher-charged-for-allegedly-leaving-notes-threatening-violence-at-school/,227,ok
https://talkradio1080.iheart.com/content/2021-12-02-teacher-charged-for-allegedly-leaving-notes-threatening-violence-at-school/,227,ok
https://www.fox2detroit.com/news/oakland-county-sheriff-prosecutor-to-address-tidal-wave-of-school-threats-after-oxford-high-school-shooting,635,ok
https://www.asianage.com:443/india/all-india/021221/in-person-student-attendance-in-schools-may-drop-by-14-per-cent-due-to-omicron-threat.html,443,ok
https://dailyvoice.com/connecticut/darien/police-fire/two-fairfield-county-schools-evacuated-due-to-threat-officials-say/821036/,0,link is dead
https://www.fox2detroit.com/news/some-school-districts-to-close-thursday-as-a-precaution-from-online-threats-in-wake-of-oxford-attack,399,ok
https://960weli.iheart.com/content/2021-12-02-teacher-charged-for-allegedly-leaving-notes-threatening-violence-at-school/,227,ok
https://xl93.iheart.com/content/2021-12-02-teacher-charged-for-allegedly-leaving-notes-threatening-violence-at-school/,227,ok
https://www.parkrapidsenterprise.com/news/7306773-Park-Rapids-Police-investigate-report-of-school-threat,520,ok
https://961theeagle.com/bouckville-teen-arrested-for-making-terroristic-threats-against-a-school/,165,ok
https://www.khq.com/news/spokane-police-investigating-after-deeming-threat-at-rogers-high-school-not-credible/article_93d13240-5387-11ec-93d6-d3792ca95745.html,0,link is dead
https://klvi.iheart.com/content/2021-12-02-teacher-charged-for-allegedly-leaving-notes-threatening-violence-at-school/,227,ok
https://yorknewstimes.com/news/state-and-regional/crime-and-courts/council-bluffs-teacher-accused-of-writing-notes-threatening-school-shooting/article_a78be0b4-235e-5d59-9467-7f6912b4af21.html,878,ok
https://www.nbcnewyork.com/news/local/crime-and-courts/nj-high-school-student-arrested-for-threatening-social-media-post/3429503/,419,ok
https://hot1019nwa.iheart.com/content/2021-12-02-teacher-charged-for-allegedly-leaving-notes-threatening-violence-at-school/,227,ok
https://600wrec.iheart.com/content/2021-12-02-teacher-charged-for-allegedly-leaving-notes-threatening-violence-at-school/,227,ok
https://1150wima.iheart.com/content/2021-12-02-teacher-charged-for-allegedly-leaving-notes-threatening-violence-at-school/,227,ok
https://ktsmradio.iheart.com/content/2021-12-02-teacher-charged-for-allegedly-leaving-notes-threatening-violence-at-school/,227,ok
https://oldies935.iheart.com/content/2021-12-02-bethlehem-police-still-looking-into-threat-by-high-school-student/,67,ok
https://www.rollingstone.com/culture/culture-news/michigan-school-shooting-threat-snapchat-1265408/,838,ok
https://www.insidenova.com/headlines/alexandria-man-31-charged-with-making-threats-to-loudoun-high-school/article_83bd263e-5337-11ec-a1b4-5b0a55b44cc4.html,0,link is dead
https://bigdog959.iheart.com/content/2021-12-02-teacher-charged-for-allegedly-leaving-notes-threatening-violence-at-school/,227,ok
https://newsradio910wltp.iheart.com/content/2021-12-02-teacher-charged-for-allegedly-leaving-notes-threatening-violence-at-school/,227,ok
https://700wlw.iheart.com/content/2021-12-02-teacher-charged-for-allegedly-leaving-notes-threatening-violence-at-school/,227,ok
https://wkzo.com/2021/12/02/maple-street-magnet-school-on-lockdown-after-threat-made-via-a-phone-call/,90,ok
https://1450wkip.iheart.com/content/2021-12-02-teacher-charged-for-allegedly-leaving-notes-threatening-violence-at-school/,227,ok
https://nonpareilonline.com/news/state-and-regional/crime-and-courts/council-bluffs-teacher-accused-of-writing-notes-threatening-school-shooting/article_bed1bdb1-c662-586c-a38d-95787a663d1c.html,0,link is dead
https://www.niagara-gazette.com/news/crime/lockport-high-schools-close-again-in-response-to-threats-on-social-media/article_0c4a1538-5389-11ec-ab65-bf391c6a1376.html,133,ok
https://newsradio1470.iheart.com/content/2021-12-02-teacher-charged-for-allegedly-leaving-notes-threatening-violence-at-school/,227,ok
https://kcjb910.iheart.com/content/2021-12-02-teacher-charged-for-allegedly-leaving-notes-threatening-violence-at-school/,227,ok
https://1430kasi.iheart.com/content/2021-12-02-teacher-charged-for-allegedly-leaving-notes-threatening-violence-at-school/,227,ok
https://wmeq.iheart.com/content/2021-12-02-teacher-charged-for-allegedly-leaving-notes-threatening-violence-at-school/,227,ok
https://kprcradio.iheart.com/content/2021-12-01-a-rebirth-of-nuclear-families-amid-covid-lockdowns-crt-in-schools/,0,link is dead
https://985thecat.iheart.com/content/2021-12-02-bethlehem-police-still-looking-into-threat-by-high-school-student/,67,ok
https://lexch.com/news/state-and-regional/crime-and-courts/council-bluffs-teacher-accused-of-writing-notes-threatening-school-shooting/article_c6b89f2c-65a2-5857-8fca-88c197b70d9a.html,0,link is dead
https://www.kcci.com/article/council-bluffs-teacher-katrina-phelan-threatening-notes-abraham-lincoln-school/38405014,409,ok
https://www.fox7austin.com/news/students-parents-recount-lockdown-at-akins-early-college-high-school,327,ok
https://newstalk1049.iheart.com/content/2021-12-02-teacher-charged-for-allegedly-leaving-notes-threatening-violence-at-school/,227,ok
https://www.oskaloosa.com/news/iowa_news/police-say-teacher-wrote-notes-threatening-iowa-school/article_24a1bd9c-5eed-5a1e-a427-19a811dbedeb.html,0,link is dead
https://kitchener.ctvnews.ca/wellington-county-opp-investigating-threats-directed-at-fergus-high-school-1.5690651,128,ok
https://www.11alive.com/article/news/local/dekalb-county-schools-on-lockdown-after-deputies-shot/85-9a1a78bb-8256-4723-ad70-50d1ed6d5455,0,link is dead
https://www.fox7austin.com/news/georgetown-police-investigating-threat-towards-forbes-middle-school,98,ok
https://newstalk1230.iheart.com/content/2021-12-02-teacher-charged-for-allegedly-leaving-notes-threatening-violence-at-school/,227,ok
https://wmrn.iheart.com/content/2021-12-02-teacher-charged-for-allegedly-leaving-notes-threatening-violence-at-school/,227,ok
http://www.msn.com/en-us/news/us/teen-arrested-after-posting-threats-against-parkland-high-school-police/ar-AARoTEb,0,page opened but no article text
https://961thefox.iheart.com/content/2021-12-02-teacher-charged-for-allegedly-leaving-notes-threatening-violence-at-school/,227,ok
https://www.candgnews.com/news/novi-schools-closed-thursday-after-threats-made-to-oakland-county-schools-122191,0,link is dead
https://www.muskogeephoenix.com/news/source-of-fort-gibson-school-threat-identified-as-a-student/article_20db4806-52f2-11ec-86ec-073a0052d5a6.html,0,link is dead
https://www.fox17online.com/news/local-news/michigan/copycat-threats-force-more-than-12-school-districts-to-close-for-classes-thursday-dec-2,489,ok
https://wdov.iheart.com/content/2021-12-02-teacher-charged-for-allegedly-leaving-notes-threatening-violence-at-school/,227,ok
https://twincitiesnewstalk.iheart.com/content/2021-12-02-teacher-charged-for-allegedly-leaving-notes-threatening-violence-at-school/,227,ok
https://z94radio.iheart.com/content/2021-12-02-teacher-charged-for-allegedly-leaving-notes-threatening-violence-at-school/,227,ok
http://www.msn.com/en-nz/news/us/teen-arrested-after-posting-threats-against-parkland-high-school-police/ar-AARoTEb,0,page opened but no article text
https://1190kex.iheart.com/content/2021-12-02-teacher-charged-for-allegedly-leaving-notes-threatening-violence-at-school/,227,ok
https://wblk.com/two-lockport-high-schools-shift-to-remote-learning-due-to-social-media-threats/,188,ok
https://www.dawn.com/news/1661410/lhc-hints-at-week-long-lockdown-for-schools-private-offices,390,ok
https://www.wxyz.com/news/copy-cat-threats-force-more-than-12-school-districts-to-close-for-classes-thursday-dec-2,579,ok
https://thehill.com/homenews/state-watch/583993-multiple-detroit-area-schools-closed-due-to-threats-of-more-violence,512,ok
https://newstalk1400online.iheart.com/content/2021-12-02-teacher-charged-for-allegedly-leaving-notes-threatening-violence-at-school/,227,ok
https://wcvu.iheart.com/content/2021-12-02-juvenile-arrested-for-threatening-stoneman-douglas-high-school/,103,ok
https://talk1200boston.iheart.com/content/2021-12-02-teacher-charged-for-allegedly-leaving-notes-threatening-violence-at-school/,227,ok
https://newsradio540.iheart.com/content/2021-12-02-teacher-charged-for-allegedly-leaving-notes-threatening-violence-at-school/,227,ok
https://dailyvoice.com/connecticut/norwalk/police-fire/two-norwalk-schools-evacuated-due-to-threat-officials-say/821036/,0,link is dead
https://wyrk.com/two-lockport-high-schools-shift-to-remote-learning-due-to-social-media-threats/,188,ok
https://khow.iheart.com/content/2021-12-02-teacher-charged-for-allegedly-leaving-notes-threatening-violence-at-school/,227,ok
https://www.10news.com/news/national/copycat-threats-of-violence-force-some-school-districts-in-michigan-to-close-thursday,489,ok
https://wilm.iheart.com/content/2021-12-02-teacher-charged-for-allegedly-leaving-notes-threatening-violence-at-school/,227,ok
https://www.freepressjournal.in/education/fpj-ed-covid-19-in-person-student-attendance-in-schools-may-drop-by-14-due-to-omicron-threat-says-survey,411,ok
https://www.wfmj.com/story/45348698/bomb-threat-issued-for-south-range-local-school-district-after-school-activities-canceled,0,link is dead
https://www.loudountimes.com/news/alexandria-man-charged-with-use-of-threatening-language-in-call-to-stone-bridge-high-school/article_9895e484-52eb-11ec-8041-4bea1f27f770.html,0,link is dead
https://www.wcvb.com/article/teacher-arrested-threatening-notes-found-iowa-high-school/38404731,389,ok
https://club937.com/michigan-schools-closed-amid-concerns-threats/,354,ok
https://newsradio1410.iheart.com/content/2021-12-02-teacher-charged-for-allegedly-leaving-notes-threatening-violence-at-school/,227,ok
https://945wpti.iheart.com/content/2021-12-02-teacher-charged-for-allegedly-leaving-notes-threatening-violence-at-school/,227,ok
https://ktok.iheart.com/content/2021-12-02-teacher-charged-for-allegedly-leaving-notes-threatening-violence-at-school/,227,ok
https://whp580.iheart.com/content/2021-12-02-teacher-charged-for-allegedly-leaving-notes-threatening-violence-at-school/,227,ok
https://www.forbes.com/sites/nicholasreimann/2021/12/02/marjory-stoneman-douglas-student-arrested-for-allegedly-threatening-school-shooting/,0,link is dead
https://kzbb.iheart.com/content/2021-12-02-teacher-charged-for-allegedly-leaving-notes-threatening-violence-at-school/,227,ok
https://rock101fm.iheart.com/content/2021-12-02-teacher-charged-for-allegedly-leaving-notes-threatening-violence-at-school/,227,ok
https://www.kcra.com/article/teacher-arrested-threatening-notes-found-iowa-high-school/38404731,389,ok
https://www.ourmidland.com/news/article/Caseville-schools-in-lockdown-following-16668901.php,719,ok
https://wsyr.iheart.com/content/2021-12-02-teacher-charged-for-allegedly-leaving-notes-threatening-violence-at-school/,227,ok
https://wccfradio.iheart.com/content/2021-12-02-teacher-charged-for-allegedly-leaving-notes-threatening-violence-at-school/,227,ok
https://khak.com/iowa-teacher-threatening-notes-school/,318,ok
https://go955.com/2021/12/02/maple-street-magnet-school-on-lockdown-after-threat-made-via-a-phone-call/,89,ok
https://www.wxyz.com/news/sterling-heights-police-arrest-girl-for-alleged-threats-against-high-school,135,ok
https://bearingarms.com/camedwards/2021/12/02/iowa-teacher-accused-of-writing-threatening-notes-at-school-n52838,599,ok
https://55krc.iheart.com/content/2021-12-02-teacher-charged-for-allegedly-leaving-notes-threatening-violence-at-school/,227,ok
https://newsradio967.iheart.com/content/2021-12-02-teacher-charged-for-allegedly-leaving-notes-threatening-violence-at-school/,227,ok
https://1061fmtalk.iheart.com/content/2021-12-02-teacher-charged-for-allegedly-leaving-notes-threatening-violence-at-school/,227,ok
https://wtag.iheart.com/content/2021-12-02-teacher-charged-for-allegedly-leaving-notes-threatening-violence-at-school/,227,ok
https://newstalk1130.iheart.com/content/2021-12-02-teacher-charged-for-allegedly-leaving-notes-threatening-violence-at-school/,227,ok
https://ktrh.iheart.com/content/2021-12-01-a-rebirth-of-nuclear-families-amid-covid-lockdowns-crt-in-schools/,0,link is dead
https://wgy.iheart.com/content/2021-12-02-bethlehem-police-still-looking-into-threat-by-high-school-student/,67,ok
https://www.q13fox.com/news/bothell-high-school-closed-on-thursday-following-school-shooting-threat,398,ok
https://wiod.iheart.com/content/2021-12-02-teacher-charged-for-allegedly-leaving-notes-threatening-violence-at-school/,227,ok
https://991kcad.iheart.com/content/2021-12-02-teacher-charged-for-allegedly-leaving-notes-threatening-violence-at-school/,227,ok
https://classichits1390.iheart.com/content/2021-12-02-teacher-charged-for-allegedly-leaving-notes-threatening-violence-at-school/,227,ok
https://newsradiowkcy.iheart.com/content/2021-12-02-teacher-charged-for-allegedly-leaving-notes-threatening-violence-at-school/,227,ok
https://1360kmjm.iheart.com/content/2021-12-02-teacher-charged-for-allegedly-leaving-notes-threatening-violence-at-school/,227,ok
https://www.klif.com/news/rep-jordan-urges-subpoenas-of-doj-wh-school-boards-group-over-alleged-parent-threat/,0,link is dead
https://laser1017.iheart.com/content/2021-12-02-teacher-charged-for-allegedly-leaving-notes-threatening-violence-at-school/,227,ok
https://starherald.com/news/state-and-regional/crime-and-courts/council-bluffs-teacher-accused-of-writing-notes-threatening-school-shooting/article_1b97f23d-c0f6-5a54-a89b-95b648c3c858.html,0,link is dead
https://norfolkdailynews.com/state/nebraska/council-bluffs-teacher-accused-of-writing-notes-threatening-school-shooting/article_99991755-da0e-5fbf-9774-89ff94ded974.html,0,link is dead
https://fremonttribune.com/news/state-and-regional/crime-and-courts/council-bluffs-teacher-accused-of-writing-notes-threatening-school-shooting/article_49624d3a-cccd-597a-b778-2991458bc918.html,0,link is dead
https://www.msn.com/en-us/news/us/bloomfield-hills-and-other-detroit-area-schools-closed-due-to-violent-threats/ar-AARo7Cz,0,page opened but no article text
https://www.grandhaventribune.com/news/state/school-districts-across-metro-detroit-closed-thursday-due-to-threats/article_6f117ce6-5380-11ec-b233-071cb8a6d083.html,0,link is dead
https://wrno.iheart.com/content/2021-12-02-teacher-charged-for-allegedly-leaving-notes-threatening-violence-at-school/,227,ok
https://600wmtradio.iheart.com/content/2021-12-02-teacher-charged-for-allegedly-leaving-notes-threatening-violence-at-school/,227,ok
https://infotel.ca/newsitem/kelowna-rcmp-investigate-social-media-threat-at-secondary-school/it87492,257,ok
https://www.ottumwacourier.com/news/state_news/police-say-teacher-wrote-notes-threatening-iowa-school/article_f95adae4-7847-5de9-80a5-3f99cac708df.html,0,link is dead
https://wjbo.iheart.com/content/2021-12-02-teacher-charged-for-allegedly-leaving-notes-threatening-violence-at-school/,227,ok
https://newsradio710.iheart.com/content/2021-12-02-teacher-charged-for-allegedly-leaving-notes-threatening-violence-at-school/,227,ok
https://wflapanamacity.iheart.com/content/2021-12-02-teacher-charged-for-allegedly-leaving-notes-threatening-violence-at-school/,227,ok
https://1055thebeat.iheart.com/content/2021-12-02-juvenile-arrested-for-threatening-stoneman-douglas-high-school/,103,ok
https://whyn.iheart.com/content/2021-12-02-teacher-charged-for-allegedly-leaving-notes-threatening-violence-at-school/,227,ok
https://www.michigansthumb.com/news/article/School-canceled-in-Tuscola-Co-because-of-threats-16669890.php,377,ok
https://lawandcrime.com/crime/iowa-teacher-charged-with-making-threats-of-terrorism-after-allegedly-posing-as-bullied-student-writing-notes-about-gun-violence-at-school/,520,ok
https://www.fox2detroit.com/news/southeast-michigan-schools-canceling-classes-as-precaution-from-online-threats-amid-oxford-shooting-fallout,444,ok
https://wercfm.iheart.com/content/2021-12-02-teacher-charged-for-allegedly-leaving-notes-threatening-violence-at-school/,227,ok
https://710wor.iheart.com/content/2021-12-02-teacher-charged-for-allegedly-leaving-notes-threatening-violence-at-school/,227,ok
https://kfiam640.iheart.com/content/2021-12-02-teacher-charged-for-allegedly-leaving-notes-threatening-violence-at-school/,227,ok
http://www.msn.com/en-us/news/us/oxford-high-shooting-suspect-charged-with-terrorism-detroit-area-schools-closed-due-to-threats-what-we-know/ar-AARnVhk,0,page opened but no article text
https://dailyvoice.com/connecticut/wilton/police-fire/two-fairfield-county-schools-evacuated-due-to-threat-officials-say/821036/,0,link is dead
https://www.ourmidland.com/news/article/School-canceled-in-Tuscola-Co-because-of-threats-16669890.php,377,ok
https://dailyvoice.com/connecticut/newcanaan/police-fire/two-fairfield-county-schools-evacuated-due-to-threat-officials-say/821036/,0,link is dead
https://us103.com/michigan-schools-closed-amid-concerns-threats/,354,ok
https://kiixcountry.iheart.com/content/2021-12-02-teacher-charged-for-allegedly-leaving-notes-threatening-violence-at-school/,227,ok
https://kfbk.iheart.com/content/2021-12-02-teacher-charged-for-allegedly-leaving-notes-threatening-violence-at-school/,227,ok
https://www.fox5atlanta.com/news/conyers-middle-school-under-lockdown-over-suspicious-visitors,89,ok
https://kwhn.iheart.com/content/2021-12-02-teacher-charged-for-allegedly-leaving-notes-threatening-violence-at-school/,227,ok
https://wincountry.com/2021/12/02/maple-street-magnet-school-on-lockdown-after-threat-made-via-a-phone-call/,89,ok
https://www.detroitnews.com/story/news/local/oakland-county/2021/12/02/school-shootings-threats-michigan-oakland-county-copycat-oxford/8841520002/,694,ok
https://1360kktx.iheart.com/content/2021-12-02-teacher-charged-for-allegedly-leaving-notes-threatening-violence-at-school/,227,ok
https://1051thewolf.iheart.com/content/2021-12-02-teacher-charged-for-allegedly-leaving-notes-threatening-violence-at-school/,227,ok
https://navbharattimes.indiatimes.com/india/maharashtra-defers-reopening-schools-as-new-covid-variant-omicron-threat-looms-check-update-from-your-state/articleshow/88042862.cms,782,ok
https://www.wlky.com/article/teacher-arrested-threatening-notes-found-iowa-high-school/38404731,389,ok
https://1025thefox.iheart.com/content/2021-12-02-teacher-charged-for-allegedly-leaving-notes-threatening-violence-at-school/,227,ok
https://650keni.iheart.com/content/2021-12-02-teacher-charged-for-allegedly-leaving-notes-threatening-violence-at-school/,227,ok
https://wbhpam.iheart.com/content/2021-12-02-teacher-charged-for-allegedly-leaving-notes-threatening-violence-at-school/,227,ok
https://magic1079.iheart.com/content/2021-12-02-teacher-charged-for-allegedly-leaving-notes-threatening-violence-at-school/,227,ok
https://wsfcam.iheart.com/content/2021-12-02-teacher-charged-for-allegedly-leaving-notes-threatening-violence-at-school/,227,ok
https://570wkbn.iheart.com/content/2021-12-02-teacher-charged-for-allegedly-leaving-notes-threatening-violence-at-school/,227,ok
https://590kqnt.iheart.com/content/2021-12-02-teacher-charged-for-allegedly-leaving-notes-threatening-violence-at-school/,227,ok
https://kssn.iheart.com/content/2021-12-02-teacher-charged-for-allegedly-leaving-notes-threatening-violence-at-school/,227,ok
http://www.msn.com/en-us/news/crime/oxford-high-shooting-suspect-charged-with-terrorism-detroit-area-schools-closed-due-to-threats-what-we-know/ar-AARnVhk,0,page opened but no article text
https://www.kmaj1440.com/news/rep-jordan-urges-subpoenas-of-doj-wh-school-boards-group-over-alleged-parent-threat/,0,link is dead
https://talkradio1059.iheart.com/content/2021-12-02-teacher-charged-for-allegedly-leaving-notes-threatening-violence-at-school/,227,ok
https://www.nbcnews.com/news/us-news/michigan-school-shooting-threats-prompt-multiple-districts-cancel-clas-rcna7364,698,ok
https://powertalk967.iheart.com/content/2021-12-02-teacher-charged-for-allegedly-leaving-notes-threatening-violence-at-school/,227,ok
https://wtkg.iheart.com/content/2021-12-02-teacher-charged-for-allegedly-leaving-notes-threatening-violence-at-school/,227,ok
https://wtam.iheart.com/content/2021-12-02-teacher-charged-for-allegedly-leaving-notes-threatening-violence-at-school/,227,ok
https://woai.iheart.com/content/2021-12-02-teacher-charged-for-allegedly-leaving-notes-threatening-violence-at-school/,227,ok
https://1190talkradio.iheart.com/content/2021-12-02-teacher-charged-for-allegedly-leaving-notes-threatening-violence-at-school/,227,ok
https://kfab.iheart.com/content/2021-12-02-teacher-charged-for-allegedly-leaving-notes-threatening-violence-at-school/,227,ok
https://wiod.iheart.com/content/2021-12-02-juvenile-arrested-for-threatening-stoneman-douglas-high-school/,103,ok
https://wcfcourier.com/news/state-and-regional/police-say-teacher-wrote-notes-threatening-iowa-school/article_e571f5ef-9ed9-53e9-a2bf-f2c3e0fc3001.html,0,link is dead
https://790waeb.iheart.com/content/2021-12-02-teacher-charged-for-allegedly-leaving-notes-threatening-violence-at-school/,227,ok
https://800wvhu.iheart.com/content/2021-12-02-teacher-charged-for-allegedly-leaving-notes-threatening-violence-at-school/,227,ok
https://columbustelegram.com/news/state-and-regional/crime-and-courts/council-bluffs-teacher-accused-of-writing-notes-threatening-school-shooting/article_c2b6121c-b393-5700-9223-130e5c677e12.html,0,link is dead
https://www.countytimes.co.uk/news/19756907.threat-powys-school-raises-20-000-charity-auction/,682,ok
https://720thevoice.iheart.com/content/2021-12-02-teacher-charged-for-allegedly-leaving-notes-threatening-violence-at-school/,227,ok
https://wccfradio.iheart.com/content/2021-12-02-juvenile-arrested-for-threatening-stoneman-douglas-high-school/,103,ok
https://wflaorlando.iheart.com/content/2021-12-02-teacher-charged-for-allegedly-leaving-notes-threatening-violence-at-school/,227,ok
https://kxic.iheart.com/content/2021-12-02-teacher-charged-for-allegedly-leaving-notes-threatening-violence-at-school/,227,ok
https://wham1180.iheart.com/content/2021-12-02-teacher-charged-for-allegedly-leaving-notes-threatening-violence-at-school/,227,ok
https://kixcountry929.iheart.com/content/2021-12-02-juvenile-arrested-for-threatening-stoneman-douglas-high-school/,103,ok
https://973thebullicons.iheart.com/content/2021-12-02-teacher-charged-for-allegedly-leaving-notes-threatening-violence-at-school/,227,ok
https://foxsports940.iheart.com/content/2021-12-02-juvenile-arrested-for-threatening-stoneman-douglas-high-school/,103,ok
https://www.king5.com/article/news/local/bothell-high-school-cancels-in-person-classes-thursday-after-anonymous-threat-made-against-the-school/281-79b1b1d0-6e14-4578-a19b-2a80a83427f8,0,link is dead
https://www.khq.com/news/lockdown-lifted-at-garry-middle-school-spokane-police-find-no-threat/article_6ae5ee4e-52f0-11ec-98d7-eb376ccfd82a.html,0,link is dead
https://www.wftw.com/news/rep-jordan-urges-subpoenas-of-doj-wh-school-boards-group-over-alleged-parent-threat/,0,link is dead
https://www.freep.com/story/news/local/michigan/oakland/2021/12/02/oxford-high-school-shooting-threats-copycat-closures/8840230002/,173,ok
https://wlac.iheart.com/content/2021-12-02-teacher-charged-for-allegedly-leaving-notes-threatening-violence-at-school/,227,ok
https://www.washingtonpost.com/education/2021/12/01/school-lockdown-training-shooter-oxford/,0,link is dead
https://knrs.iheart.com/content/2021-12-02-teacher-charged-for-allegedly-leaving-notes-threatening-violence-at-school/,227,ok
https://wrko.iheart.com/content/2021-12-02-teacher-charged-for-allegedly-leaving-notes-threatening-violence-at-school/,227,ok
https://wrak.iheart.com/content/2021-12-02-teacher-charged-for-allegedly-leaving-notes-threatening-violence-at-school/,227,ok
https://www.kxxv.com/news/national/copycat-threats-of-violence-force-some-school-districts-in-michigan-to-close-thursday,489,ok
https://1460kltc.iheart.com/content/2021-12-02-teacher-charged-for-allegedly-leaving-notes-threatening-violence-at-school/,227,ok
https://www.detroitnews.com/story/news/local/macomb-county/2021/12/02/police-investigate-2-sterling-heights-school-threats-girl-arrested/8839781002/,170,ok
https://ktrh.iheart.com/content/2021-12-02-teacher-charged-for-allegedly-leaving-notes-threatening-violence-at-school/,227,ok
https://journalstar.com/news/state-and-regional/crime-and-courts/council-bluffs-teacher-accused-of-writing-notes-threatening-school-shooting/article_80894bd1-7a76-5a35-90aa-7d2adc2b1ebe.html,602,ok
https://beatricedailysun.com/news/state-and-regional/crime-and-courts/council-bluffs-teacher-accused-of-writing-notes-threatening-school-shooting/article_aa67262e-0fe6-5041-9e4b-f1f4e4e350ac.html,0,link is dead
https://wcrz.com/michigan-schools-closed-amid-concerns-threats/,354,ok
https://powertalk1460.iheart.com/content/2021-12-02-teacher-charged-for-allegedly-leaving-notes-threatening-violence-at-school/,227,ok
https://wjdx.iheart.com/content/2021-12-02-teacher-charged-for-allegedly-leaving-notes-threatening-violence-at-school/,227,ok
https://www.breitbart.com/education/2021/12/02/detroit-area-schools-closed-threats-violence/,747,ok
https://www.newschannel5.com/news/national/copycat-threats-of-violence-force-some-school-districts-in-michigan-to-close-thursday,489,ok
https://www.wgrz.com/article/news/local/lockport-high-schools-shift-to-remote-learning-thursday-following-social-media-threat/71-afd0cb69-8bb0-4b27-8cbb-5d9bb8094e85,0,link is dead
http://www.heartfm.ca/news/local-news/opp-investigating-threats-of-violence-at-fergus-high-school/,164,ok
https://dailyvoice.com/connecticut/trumbull/police-fire/two-fairfield-county-schools-evacuated-due-to-threat-officials-say/821036/,0,link is dead
https://www.msn.com/en-us/news/crime/iowa-teacher-arrested-accused-of-threatening-notes-at-school/ar-AARotmF,0,page opened but no article text
https://www.nbcmiami.com/news/local/arrest-made-in-social-media-threat-to-marjory-stoneman-douglas-high-school/2633157/,180,ok
https://www.kimt.com/content/news/Police-say-teacher-wrote-notes-threatening-Iowa-school-575849441.html,0,link is dead
https://kogo.iheart.com/content/2021-12-02-teacher-charged-for-allegedly-leaving-notes-threatening-violence-at-school/,227,ok
https://www.kxly.com/police-say-threats-made-toward-spokane-schools-not-credible/,0,link is dead
https://www.wral.com/active-threat-experts-weighs-in-on-michigan-students-response-to-school-shooter/20011952/,352,ok
https://www.abc12.com/news/several-school-districts-in-mid-michigan-metro-detroit-close-due-to-threats/article_3cd92144-536b-11ec-9ce1-1f751a11175f.html,278,ok
https://www.msn.com/en-us/news/crime/teacher-arrested-for-threatening-notes-found-at-iowa-high-school/ar-AARmy0f,0,page opened but no article text
https://www.wtma.com/news/lawmaker-still-pushing-for-metal-detectors-after-dd2-schools-spend-hours-in-lockdown/,0,link is dead
https://whoradio.iheart.com/content/2021-12-02-teacher-charged-for-allegedly-leaving-notes-threatening-violence-at-school/,227,ok
https://newstalk1090.iheart.com/content/2021-12-02-teacher-charged-for-allegedly-leaving-notes-threatening-violence-at-school/,227,ok
https://klou.iheart.com/content/2021-12-02-teacher-charged-for-allegedly-leaving-notes-threatening-violence-at-school/,227,ok
https://600kcol.iheart.com/content/2021-12-02-teacher-charged-for-allegedly-leaving-notes-threatening-violence-at-school/,227,ok
https://knst.iheart.com/content/2021-12-02-teacher-charged-for-allegedly-leaving-notes-threatening-violence-at-school/,227,ok
https://kste.iheart.com/content/2021-12-02-teacher-charged-for-allegedly-leaving-notes-threatening-violence-at-school/,227,ok
https://jetradio1400.iheart.com/content/2021-12-02-teacher-charged-for-allegedly-leaving-notes-threatening-violence-at-school/?pname=www.jetradio1400.com&sc=dnsredirect,227,ok
https://patriotla.iheart.com/content/2021-12-02-teacher-charged-for-allegedly-leaving-notes-threatening-violence-at-school/,227,ok
https://mynorthwest.com/3263070/social-media-post-threatening-mukilteo-schools/,418,ok
https://realradio.iheart.com/content/2021-12-02-teacher-charged-for-allegedly-leaving-notes-threatening-violence-at-school/,227,ok
https://theindependent.com/news/state-and-regional/crime-and-courts/council-bluffs-teacher-accused-of-writing-notes-threatening-school-shooting/article_a804c4ce-eb4c-5acf-b514-30a1783b47c2.html,0,link is dead
https://kfyr.iheart.com/content/2021-12-02-teacher-charged-for-allegedly-leaving-notes-threatening-violence-at-school/,227,ok
https://woc1420.iheart.com/content/2021-12-02-teacher-charged-for-allegedly-leaving-notes-threatening-violence-at-school/,227,ok
https://www.newsweek.com/copycat-threats-michigan-schools-force-closures-after-oxford-mass-shooting-1655454,409,ok
https://wgiram.iheart.com/content/2021-12-02-teacher-charged-for-allegedly-leaving-notes-threatening-violence-at-school/,227,ok
https://www.wxyz.com/news/local-news/investigations/every-single-hour-were-getting-another-call-copycat-threats-pour-into-mi-schools,440,ok
https://hot1047.com/iowa-teacher-threatening-notes-school/,288,ok
https://lbpost.com/news/shooting-threat-at-cabrillo-high-school-doesnt-appear-to-be-credible-school-official-says,165,ok
https://1057thehawk.com/social-media-threat-closes-manchester-nj-schools-on-friday/,396,ok
https://www.news-gazette.com/news/no-credible-threat-at-mahomet-seymour-high-school/article_a63e216d-cc1e-512e-b91d-e234cd363166.html,0,link is dead
https://www.businessinsider.com.au/michigan-student-arrested-threatens-school-shooting-like-oxford-prosecutors-say-2021-12,0,link is dead
https://www.newstimes.com/news/article/Lamont-As-CT-schools-targets-of-threats-16673024.php,938,ok
https://www.whec.com/news/batavia-city-school-district-buildings-closed-friday-over-social-media-threat/6319896/?cat=565,41,ok
https://www.kptv.com/news/former-newberg-man-facing-charges-for-fake-bomb-threats-directed-at-schools-and-hospital-in/article_c5778296-53db-11ec-94bb-0b6c4e5faa70.html,1605,ok
https://wham1180.iheart.com/content/2021-12-03-batavia-city-school-district-closed-because-of-alleged-threat/,81,ok
https://www.businessinsider.com.au/michigan-schools-shut-oxford-shooting-copycat-threats-2021-12,0,link is dead
https://www.kezi.com/content/news/Lebanon-High-School-on-lockdown-575856261.html,0,link is dead
https://www.kpbs.org/news/local/2021/12/03/threat-made-in-girls-bathroom-prompts-police-patrol-at-carlsbad-school,169,ok
https://www.idahostatejournal.com/news/local/power-county-sheriffs-office-investigating-social-media-threats-involving-local-middle-school/article_8c55945f-24f0-58bc-9b77-6575340714d0.html,0,link is dead
https://www.forbes.com/sites/nicholasreimann/2021/12/03/michigan-student-arrested-accused-of-terrorist-threat-after-school-shooting/,0,link is dead
https://www.wxyz.com/news/oxford-school-shooting/not-the-time-for-jokes-parents-urged-to-talk-to-kids-about-making-false-threats,502,ok
https://www.mdjonline.com/tribune/georgia/threats-of-violence-force-school-closures-nationwide-after-oxford-shooting/article_f321f569-96a8-5378-9c2b-5a5eaf603983.html,0,link is dead
https://www.wral.com/3-schools-3-threats-have-parents-students-law-enforcement-on-edge/20015149/,403,ok
https://www.trumbulltimes.com/news/article/Lamont-As-CT-schools-targets-of-threats-16673024.php,934,ok
https://www.valdostadailytimes.com/news/national_international/parkland-florida-student-arrested-in-school-shooting-threat/article_d18b50bf-4a28-52b8-b447-0d7dc05ca478.html,0,link is dead
http://www.wjjm.com/press-release-from-marshall-county-sheriffs-department-about-school-threat-in-chapel-hill-on-december-2nd/,0,link is dead
http://www.msn.com/en-us/news/us/teachers-how-are-you-coping-with-threats-school-violence-the-pandemic-and-more/ar-AARruyh,0,page opened but no article text
https://www.delmartimes.net/news/story/2021-12-03/in-person-school-cancelled-at-la-costa-canyon-after-threat-found-in-girls-bathroom,210,ok
https://www.kshb.com/news/crime/2nd-threat-in-2-days-reported-at-blue-springs-south-high-school,236,ok
https://www.examiner.net/story/news/local/2021/12/02/one-student-identified-threat-made-blue-springs-south-high-school/8844169002/,0,link is dead
https://www.wxyz.com/news/oxford-school-shooting/i-want-other-school-districts-in-the-state-and-the-nation-to-take-threats-seriously-oxford-student-issues-call-to-other-schools,458,ok
https://www.forbes.com/sites/nicholasreimann/2021/12/03/over-100-michigan-schools-close-friday-after-copycat-shooting-threats-pour-in/,0,link is dead
https://www.fitsnews.com/2021/12/03/midlands-high-school-warns-parents-of-alleged-threat/,642,ok
https://www.greenwichtime.com/news/article/Lamont-As-CT-schools-targets-of-threats-16673024.php,938,ok
https://www.abc12.com/townnews/school/mid-michigan-parents-question-sending-kids-to-school-after-reports-of-threats/article_4ffdb8d4-53c5-11ec-87ae-6fe5a08a1585.html,0,link is dead
https://www.thedailynewsonline.com/top_story/breaking-batavia-city-schools-cancel-friday-classes-as-police-investigate-reported-social-media-threats/article_cd935a56-3578-5817-bce7-540f9fa8f588.html,694,ok
https://koel.com/iowa-teacher-threatening-notes-school/,318,ok
https://www.freep.com/story/news/local/michigan/2021/12/03/oxford-school-shooting-copycat-threats/8844625002/,1195,ok
https://www.wandtv.com/news/national/parkland-florida-student-arrested-in-school-shooting-threat/article_69093eee-7662-5420-925f-608470854120.html,0,link is dead
https://www.grandhaventribune.com/news/law_enforcement/fruitport-schools-closed-friday-due-to-threat/article_0e1a9c19-06b9-5322-9820-7639c2286747.html,1424,ok
http://www.nydailynews.com/news/national/ny-shooting-threats-schools-closed-nationwide-20211203-lpfe5vgpunfvzjozjrh42x5tcm-story.html,401,ok
https://www.ncadvertiser.com/news/article/Police-investigate-threat-at-Norwalk-High-School-16672387.php,538,ok
https://bringmethenews.com/minnesota-news/lockdown-update-armed-man-threatened-to-go-to-kimball-high-school,0,link is dead
https://knsiradio.com/2021/12/03/kimball-high-school-put-in-soft-lockdown-friday/,145,ok
https://www.wgrz.com/article/news/education/batavia-city-schools-closes-buildings-citing-violent-threats/71-57edbba8-f25a-409f-afe8-c7f0d3cc4039,0,link is dead
https://www.wfsb.com/news/hamden-high-school-cancels-class-friday-due-to-gun-threat/article_e0074e2c-53e8-11ec-b542-139501cec29b.html,1543,ok
https://www.wkbw.com/news/local-news/olean-schools-switch-to-full-remote-friday-because-of-threats,131,ok
https://wgrd.com/west-mi-schools-threatened-by-violence-were-forced-to-close-friday/,510,ok
https://www.fox17online.com/homepage-showcase/two-west-michigan-school-districts-closed-friday-due-to-threats,211,ok
https://moose106.iheart.com/content/2021-12-02-teacher-charged-for-allegedly-leaving-notes-threatening-violence-at-school/,227,ok
https://www.wjr.com/2021/12/02/following-oxford-school-shooting-schools-around-metro-detroit-receive-false-threats-close-out-of-caution/,0,link is dead
https://www.wglr.com/2021/12/03/verona-area-high-school-officials-police-investigating-after-anonymous-tip-asked-about-shooting-threat/,0,link is dead
https://www.newser.com/story/314099/teen-arrested-after-threat-against-parkland-high-school.html,282,ok
https://krna.com/iowa-teacher-threatening-notes-school/,318,ok
https://www.wglr.com/2021/12/03/waukesha-high-school-evacuated-following-threat-directed-at-students/,0,link is dead
https://www.newswest9.com/article/news/crime/ecisd-nimitz-middle-school-student-arrested-for-making-threat/513-cf325224-b88b-400d-8b34-0f226e970ee1,0,link is dead
https://www.cnn.com/2021/12/03/us/teachers-school-threats-callout/,157,ok
https://go955.com/2021/12/03/social-media-post-regarding-a-possible-school-threat-investigated-deemed-not-credible-by-portage-police/,117,ok
https://mix957gr.com/west-mi-schools-threatened-by-violence-were-forced-to-close-friday/,510,ok
https://woodradio.iheart.com/content/2021-12-02-teacher-charged-for-allegedly-leaving-notes-threatening-violence-at-school/,227,ok
https://www.abc12.com/news/how-will-schools-return-to-class-while-balancing-copycat-threats/article_6b0f84bc-53ee-11ec-aa71-476a08ac536f.html,0,link is dead
https://www.heraldpalladium.com/communities/watervliet/sheriff-reports-false-threats-against-coloma-watervliet-schools/article_3c39a785-de28-5bdf-b9ce-ef87ed66c859.html,0,link is dead
https://www.x1071.com/2021/12/03/verona-area-high-school-officials-police-investigating-after-anonymous-tip-asked-about-shooting-threat/,0,link is dead
https://www.whec.com/news/batavia-city-school-district-buildings-closed-friday-over-social-media-threat/6319896/,41,ok
https://www.insider.com/michigan-schools-shut-oxford-shooting-copycat-threats-2021-12,458,ok
https://www.king5.com/article/news/local/authorities-investigate-threats-at-several-western-washington-schools/281-ef2ddbae-5229-4af5-bf46-42a82bf9572d,0,link is dead
https://www.msn.com/en-us/news/us/ionia-and-big-rapids-public-schools-closing-friday-due-to-threats/ar-AARqpPI,0,page opened but no article text
https://woodradio.iheart.com/content/2021-12-03-threats-prompting-precautionary-school-closures/,68,ok
https://banana1015.com/17-year-old-flint-charged-threat-on-school/,303,ok
https://www.ifiberone.com/news/wenatchee-high-school-moves-to-remote-learning-on-friday-after-unspecified-threat/article_b29e72e0-5455-11ec-8dea-bb9bc17311a8.html,0,link is dead
https://dailyvoice.com/new-jersey/northpassaic/police-fire/updated-online-gun-threats-rumors-close-jersey-shore-school-district/821212/,0,link is dead
https://wblk.com/wny-school-shooting-threat/,355,ok
https://montreal.ctvnews.ca/scaffold-not-gunfire-was-the-source-of-the-noise-that-sent-a-quebec-school-into-lockdown-1.5691366,82,ok
https://tucson.com/news/national/parkland-florida-student-arrested-in-school-shooting-threat/article_b7c2f7fd-4544-5a31-a5dd-da0cd62ea8f4.html,0,link is dead
https://www.lansingstatejournal.com/story/news/2021/12/03/webberville-schools-closed-amid-investigation-into-recent-threats/8849856002/,213,ok
https://mynorthwest.com/3264867/parkland-florida-student-arrested-in-school-shooting-threat/,0,link is dead
https://infotel.ca/newsitem/us-school-shooting-threat/cp1730384952,406,ok
https://www.wiltonbulletin.com/news/article/Lamont-As-CT-schools-targets-of-threats-16673024.php,934,ok
https://www.fox2detroit.com/news/lake-orion-high-school-student-arrested-for-threatening-to-shoot-up-school,226,ok
https://www.nbcconnecticut.com/news/local/police-investigating-threat-believed-to-be-hoax-at-norwalk-high-school/2664998/,193,ok
https://wobm.com/social-media-threat-closes-manchester-nj-schools-on-friday/,396,ok
https://patch.com/pennsylvania/pittsburgh/threats-cause-disruptions-dozens-pittsburgh-schools,316,ok
https://www.newsweek.com/parkland-student-arrested-school-shooting-threat-mother-says-it-was-joke-1655835,402,ok
https://www.nhregister.com/news/article/Lamont-As-CT-schools-targets-of-threats-16673024.php,939,ok
https://www.nbcconnecticut.com/news/local/hamden-high-school-to-be-closed-friday-after-threat/2664627/,278,ok
https://www.nbcnews.com/news/us-news/student-arrested-threat-parkland-high-school-site-2018-mass-shooting-rcna7525,373,ok
https://www.cadillacnews.com/news/caps-closes-due-to-online-threat-against-high-school/article_34c638d0-5437-11ec-bb9a-bb189ba34090.html,0,link is dead
https://www.channel3000.com/waukesha-high-school-evacuated-following-threat-directed-at-students/,0,link is dead
https://www.citizensvoice.com/news/crime-emergencies/tip-line-threat-closes-wilkes-barre-area-schools/article_4ae2d0ea-5e0f-5498-a4cc-f24668b2df60.html,0,link is dead
https://dailyvoice.com/connecticut/norwalk/schools/police-investigating-threat-believed-to-be-hoax-at-norwalk-high-school/821241/,0,link is dead
https://kjkj.iheart.com/content/2021-12-02-teacher-charged-for-allegedly-leaving-notes-threatening-violence-at-school/,227,ok
https://www.sentinel-standard.com/story/news/education/2021/12/03/ionia-public-schools-closed-friday-due-threat-toward-middle-school/8848371002/,140,ok
https://herald-review.com/news/local/education/police-say-threatening-messages-found-in-mount-zion-school/article_560073b6-1284-59f2-a232-b58ece533e26.html,0,link is dead
https://mybeachradio.com/social-media-threat-closes-manchester-nj-schools-on-friday/,396,ok
https://www.wgrz.com/article/news/local/olean-city-school-district-switches-to-remote-learning-friday-following-social-media-threat/71-74dc7d01-124d-4a60-ab7a-701f59ebfcb7,0,link is dead
https://wcrz.com/17-year-old-flint-charged-threat-on-school/,303,ok
https://www.channel3000.com/verona-area-high-school-threat-tip/,0,link is dead
https://www.middletownpress.com/news/article/Lamont-As-CT-schools-targets-of-threats-16673024.php,934,ok
https://www.oleantimesherald.com/news/crime/olean-allegany-schools-go-remote-citing-violent-threat/article_652a0411-c056-59fe-a558-69ca843f68fd.html,103,ok
https://www.pressandjournal.co.uk/fp/education/schools/3718332/argyll-teacher-who-threatened-to-kill-colleague-struck-off/,0,link is dead
https://wfgr.com/west-mi-schools-threatened-by-violence-were-forced-to-close-friday/,510,ok
https://www.abc12.com/news/arenac-county-girl-charged-with-making-threat-against-high-school/article_b75c7fba-546f-11ec-ad1f-cb158f6717c5.html,0,link is dead
https://www.abc12.com/townnews/police/millington-schools-close-as-districts-investigate-social-media-threats/article_21142a16-53bc-11ec-bc96-3bf7e5b27e32.html,0,link is dead
https://www.wxyz.com/news/oxford-school-shooting/we-will-hold-people-accountable-law-enforcement-warns-of-stiff-penalties-for-copycat-threats,161,ok
https://www.nbcsandiego.com/news/local/threat-prompts-virtual-learning-day-for-north-county-high-school/2808257/,164,ok
https://www.wxyz.com/news/oxford-school-shooting/police-investigating-copycat-threats-that-forced-dozens-of-schools-districts-to-close,347,ok
https://www.washingtonpost.com/nation/2021/12/03/oxford-shooting-michigan-schools-copycat-threats/,0,link is dead
https://www.fox61.com/article/news/local/new-haven-county/hamden-high-school-gun-violence-threat-closed-friday/520-a45f6c3c-adeb-4ed0-a38d-fa3ddbab30f2,0,link is dead
https://sanangelolive.com/news/crime/2021-12-03/odessa-middle-school-student-arrested-threatening-shoot-school,88,ok
https://news.yahoo.com/schools-react-social-media-threats-222301991.html,415,ok
https://www.myrecordjournal.com/News/Southington/Southington-News/Online-threat-at-Southington-school-determined-not-credible,0,link is dead
https://radio951.iheart.com/featured/deanna-king/content/2021-12-03-batavia-schools-closed-friday-over-social-media-threats/,0,link is dead
https://www.kezi.com/content/news/No-ongoing-threat-at-Willamette-High-School-575856861.html,0,link is dead
https://www.registercitizen.com/news/article/Police-investigate-threat-at-Norwalk-High-School-16672387.php,538,ok
https://www.udayavani.com/homepage-karnataka-edition/breaking-news/schools-in-india-likely-to-see-14-drop-in-students-attendance-due-to-threat-survey,0,link is dead
https://menafn.com/1103297122/Omicron-Threat-In-Person-Student-Attendance-In-Schools-May-Drop-By-14&source=22,0,link is dead
https://www.wnep.com/article/news/local/luzerne-county/wilkes-barre-area-school-district-going-virtual-due-to-threat-buildings-closed/523-3f206cd3-79fc-4e82-8531-eac8c6f33491,0,link is dead
https://nj1015.com/social-media-threat-closes-manchester-nj-schools-on-friday/,396,ok
https://democratherald.com/news/local/crime-and-courts/lebanon-high-school-placed-on-lockdown-after-potential-threat/article_9bba0ec6-7910-56b9-a61c-3ad84d95c4f3.html,0,link is dead
https://wincountry.com/2021/12/03/social-media-post-regarding-a-possible-school-threat-investigated-deemed-not-credible-by-portage-police/,117,ok
https://www.lansingstatejournal.com/story/news/2021/12/02/police-investigate-nondescript-threat-holt-high-school-bathroom/8842681002/,138,ok
https://www.wgrz.com/article/news/local/wny-schools-deal-with-social-media-threats/71-8c58f780-ea0d-4283-a777-7ee2af17eacc,0,link is dead
https://www.fox17online.com/news/local-news/youre-getting-locked-up-michigan-prosecutors-warn-students-about-making-school-threats,429,ok
https://www.abc12.com/news/all-21-genesee-intermediate-school-district-member-districts-close-friday-due-to-threats/article_fb20870e-53df-11ec-bf7d-e7e1305e621e.html,0,link is dead
https://kdat.com/iowa-teacher-threatening-notes-school/,318,ok
http://www.msn.com/en-us/news/us/michigan-student-arrested-after-threatening-to-shoot-up-her-school-like-oxford-prosecutors-say/ar-AARqW19,0,page opened but no article text
https://www.wral.com/parkland-florida-student-arrested-in-school-shooting-threat/20015218/,0,link is dead
https://www.9and10news.com/2021/12/03/cadillac-area-public-schools-closed-due-to-threat/,76,ok
https://www.fox17online.com/news/local-news/michigan/parents-find-relief-in-school-cancellations-amid-fear-of-reported-copycat-shooter-threats,611,ok
https://www.dailymail.co.uk/news/article-10272143/Several-schools-including-60-Michigan-closed-today-copycat-Oxford-shooting-threats.html,0,link is dead
https://www.wjr.com/news/rep-jordan-urges-subpoenas-of-doj-wh-school-boards-group-over-alleged-parent-threat/,0,link is dead
https://www.wfmd.com/2021/12/02/linganore-high-school-student-arrested-for-threatening-another-student-with-a-knife-during-class/,0,link is dead
https://pakobserver.net/lhc-hints-at-lockdown-for-schools-private-offices/,0,page opened but no article text
https://kcrr.com/iowa-teacher-threatening-notes-school/,318,ok
https://www.wxyz.com/news/oxford-school-shooting/investigators-across-metro-detroit-following-up-on-frequent-school-threat-tips,163,ok
https://943thepoint.com/social-media-threat-closes-manchester-nj-schools-on-friday/,396,ok
https://dailyvoice.com/new-jersey/southpassaic/police-fire/online-threats-close-jersey-shore-school-district/821212/,0,link is dead
https://www.firstcoastnews.com/article/news/local/westside-high-school-on-lockdown-due-to-report-of-potentially-dangerous-situation-with-an-alleged-firearm/77-5b52a4d1-408f-465f-a964-37a7570c01e8,0,link is dead
https://www.abc12.com/news/genesee-county-prosecutor-school-threats-carry-hefty-felony-charge-prison-time/article_6291ce30-53b2-11ec-93f0-2bc881a6f079.html,0,link is dead
https://wmanfm.iheart.com/content/2021-12-02-teacher-charged-for-allegedly-leaving-notes-threatening-violence-at-school/,227,ok
https://triblive.com/local/social-media-threats-prompt-modified-lockdown-friday-at-pittsburgh-public-schools/,275,ok
https://wtmj.com/news/2021/12/03/waukesha-west-high-school-evacuated-after-threat/,77,ok
https://www.wsiltv.com/news/national/parkland-florida-student-arrested-in-school-shooting-threat/article_3202d228-75b9-5f22-a582-793e466d0b58.html,367,ok
https://mymagicgr.com/west-mi-schools-threatened-by-violence-were-forced-to-close-friday/,510,ok
https://www.niagara-gazette.com/news/local_news/lockport-high-schools-to-reopen-after-online-threat/article_623dcfbe-36d1-5b05-8f1c-d73680f8549f.html,0,link is dead
https://www.kxly.com/its-surreal-parents-concerned-after-social-media-threats-targeted-two-spokane-schools/,0,link is dead
https://abcnews.go.com/US/wireStory/parkland-florida-student-arrested-school-shooting-threat-81537427,0,link is dead
https://www.mymotherlode.com/news/national/2163181/parkland-florida-student-arrested-in-school-shooting-threat.html,0,link is dead
https://www.bridgemi.com/michigan-health-watch/bomb-threats-school-closings-tighten-student-stress-after-oxford-shootings,1234,ok
https://www.q13fox.com/news/12-year-old-could-face-charges-in-everett-school-threat,269,ok
https://dailyvoice.com/connecticut/ridgefield/police-fire/two-fairfield-county-schools-evacuated-due-to-threat-officials-say/821036/,0,link is dead
https://www.cbs58.com/news/waukesha-west-high-school-evacuated-following-threat,169,ok
https://www.980waav.com/news/rep-jordan-urges-subpoenas-of-doj-wh-school-boards-group-over-alleged-parent-threat/,0,link is dead
https://www.latimes.com/world-nation/story/2021-12-02/60-michigan-schools-close-amid-tidal-wave-of-copycat-threats-after-oxford-high-school-shooting,585,ok
https://www.deadlinedetroit.com/articles/29385/school_threats_and_closings_go_beyond_metro_detroit,253,ok
https://www.wptv.com/news/state/broward/parkland-student-arrested-after-shooting-threat-against-marjory-stoneman-douglas-high-school,109,ok
https://www.newsweek.com/teen-admits-he-made-threat-against-school-get-day-off-after-oxford-shooting-police-1655906,406,ok
https://wfnt.com/17-year-old-flint-charged-threat-on-school/,303,ok
https://www.mankatofreepress.com/news/local_news/west-high-school-responds-to-alleged-threat-on-social-media/article_cce40c6e-545f-11ec-a36b-4faba92e2af6.html,347,ok
https://www.wkbw.com/news/local-news/lockport-high-school-shifts-to-remote-learning-thursday-due-to-threats-to-return-to-normal-schedule-friday,256,ok
https://www.wkbw.com/news/local-news/batavia-city-school-district-going-fully-remote-on-friday-due-to-threats-of-violence-on-social-media,194,ok
https://spincycleradio.iheart.com/content/2021-12-02-teacher-charged-for-allegedly-leaving-notes-threatening-violence-at-school/,227,ok
https://www.michiganradio.org/criminal-justice-legal-system/2021-12-02/schools-cancel-classes-as-oxford-shooting-spawns-copycat-threats-more-districts-cancel-classes-friday,471,ok
https://dailyvoice.com/new-jersey/northpassaic/police-fire/online-threats-close-jersey-shore-school-district/821212/,0,link is dead
https://www.msn.com/en-us/news/us/michigan-student-arrested-after-threatening-to-shoot-up-her-school-like-oxford-prosecutors-say/ar-AARqW19,0,page opened but no article text
https://www.msn.com/en-us/news/us/carlsbad-high-school-ramps-up-security-after-false-shooting-threat-circulates-online/ar-AARqXYD,0,page opened but no article text
https://rivergrandrapids.com/west-mi-schools-threatened-by-violence-were-forced-to-close-friday/,510,ok
https://www.wxyz.com/news/oxford-school-shooting/parents-find-relief-in-school-cancellations-amid-fear-of-reported-copycat-shooter-threats,611,ok
https://www.mexicostar.com/news/271857240/parent-teacher-relationship-vital-to-home-schooling-during-lockdown,997,ok
https://www.wkar.org/wkar-news/2021-12-03/genesee-prosecutor-charges-17-year-old-for-threat-against-flint-school,269,ok
https://keyt.com/news/2021/12/03/man-facing-charges-for-fake-bomb-threats-directed-at-schools-and-hospital-in-oregon/,448,ok
https://www.wkbw.com/news/local-news/police-investigate-possible-threat-in-medina-school-district-recommend-schools-remain-fully-open,271,ok
https://www.wvlkam.com/news/rep-jordan-urges-subpoenas-of-doj-wh-school-boards-group-over-alleged-parent-threat/,0,link is dead
https://www.newsradio1029.com/news/rep-jordan-urges-subpoenas-of-doj-wh-school-boards-group-over-alleged-parent-threat/,0,link is dead
https://wonw1280.iheart.com/content/2021-12-02-teacher-charged-for-allegedly-leaving-notes-threatening-violence-at-school/,227,ok
https://up989.iheart.com/content/2021-12-02-juvenile-arrested-for-threatening-stoneman-douglas-high-school/,103,ok
http://www.msn.com/en-us/news/us/60-michigan-schools-cancelled-classes-after-more-than-100-copycat-threats-surfaced-following-the-oxford-high-school-shooting/ar-AARpNm7,0,page opened but no article text
https://wyrk.com/wny-school-shooting-threat/,355,ok
https://www.westport-news.com/news/article/Lamont-As-CT-schools-targets-of-threats-16673024.php,934,ok
https://godanriver.com/news/local/education/social-media-threat-prompts-increased-security-at-danvilles-george-washington-high-school/article_771f0d1c-5449-11ec-88d1-ab20c50b95be.html,0,link is dead
https://www.sheltonherald.com/news/article/Lamont-As-CT-schools-targets-of-threats-16673024.php,934,ok
https://www.lockportjournal.com/news/local_news/lockport-high-schools-reopen-after-threat/article_f5c989ac-9228-5d12-9e7a-38ee8687c006.html,0,link is dead
https://www.startribune.com/parkland-florida-student-arrested-in-school-shooting-threat/600123372/,0,link is dead
https://lebanon-express.com/news/local/crime-and-courts/lebanon-high-school-placed-on-lockdown-after-potential-threat/article_0a6ed23e-bb69-5b1d-ab77-3661ee9557cf.html,0,link is dead
https://www.mysanantonio.com/news/local/article/Parkland-student-arrest-school-threat-shooting-16671985.php,306,ok
https://abc17news.com/news/2021/12/03/man-facing-charges-for-fake-bomb-threats-directed-at-schools-and-hospital-in-oregon/,448,ok
https://www.newmilfordspectrum.com/news/article/Lamont-As-CT-schools-targets-of-threats-16673024.php,934,ok
https://nbc-2.com/news/crime/2021/12/03/parkland-student-arrested-in-school-shooting-threat-at-marjory-stoneman-douglas/,0,link is dead
https://mymixfm.com/2021/12/03/clay-city-schools-on-lockdown-near-officer-involved-shooting/,0,link is dead
https://www.bridgemi.com/talent-education/scores-michigan-schools-close-amid-threats-following-oxford-shootings,835,ok
https://www.9and10news.com/2021/12/03/15-year-old-arrested-in-social-media-threat-directed-at-cheboygan-high-school/,393,ok
http://www.orlandosentinel.com/news/florida/os-ne-parkland-florida-student-arrested-in-school-shooting-threat-20211203-cswbizfptzathmkprtgdqtj6ma-story.html,383,ok
https://thecatfm.iheart.com/content/2021-12-02-teacher-charged-for-allegedly-leaving-notes-threatening-violence-at-school/,227,ok
https://www.candgnews.com/news/oakland-county-officials-respond-to-school-closings-threats-to-districts-122198,0,link is dead
https://www.newsweek.com/oxford-copycat-threats-force-dozens-schools-close-across-country-1655710,536,ok
https://www.fox17online.com/news/local-news/michigan/every-single-hour-were-getting-another-call-copycat-threats-pour-into-mi-schools,440,ok
https://www.msn.com/en-us/news/us/threat-prompts-virtual-learning-day-for-north-county-high-school/ar-AARr4v9,0,page opened but no article text
https://www.abc12.com/news/all-21-genesee-county-public-school-districts-close-friday-due-to-threats/article_fb20870e-53df-11ec-bf7d-e7e1305e621e.html,0,link is dead
https://www.newsweek.com/since-oxford-shooting-least-519-schools-have-closed-nationwide-due-threats-1655897,859,ok
https://www.wcnc.com/article/news/crime/harding-university-high-school-lockdown-on-campus-fight/275-d440c465-9204-479f-975b-d377fda7f93a,0,link is dead
https://kicdam.com/news/170071-rumored-threat-against-spencer-high-school-deemed-not-credible/,0,link is dead
https://localnews8.com/cnn-regional/2021/12/03/man-facing-charges-for-fake-bomb-threats-directed-at-schools-and-hospital-in-oregon/,448,ok
https://www.ncadvertiser.com/news/article/Lamont-As-CT-schools-targets-of-threats-16673024.php,934,ok
https://kstp.com/minnesota-news/man-arrested-after-search-that-led-to-brief-soft-lockdown-of-kimball-high-school/6320688/?cat=12196,138,ok
https://wibx950.com/bouckville-teen-arrested-for-making-terroristic-threats-against-a-school/,165,ok
https://www.fox2detroit.com/news/some-80-schools-closed-friday-amid-copycat-threats-of-violence-at-districts,371,ok
https://www.kxly.com/wenatchee-high-school-moves-to-remote-learning-in-response-to-threat/,0,link is dead
http://www.msn.com/en-us/news/crime/parents-of-michigan-school-shooter-charged-after-previously-being-warned-of-son-s-threats/ar-AARrlat,0,page opened but no article text
http://www.msn.com/en-us/news/us/threats-of-violence-force-school-closures-nationwide-after-oxford-shooting/ar-AARqBrN,0,page opened but no article text
https://www.msn.com/en-us/news/us/threat-prompts-police-patrol-at-north-county-school/ar-AARrl0u,0,page opened but no article text
https://www.wbap.com/news/rep-jordan-urges-subpoenas-of-doj-wh-school-boards-group-over-alleged-parent-threat/,0,link is dead
https://www.detroitnews.com/story/news/local/michigan/2021/12/02/school-threats-close-more-southeast-michigan-school-districts-friday/8844877002/,571,ok
https://www.newsweek.com/60-michigan-schools-close-following-oxford-copycat-threats-1655605,551,ok
https://www.wjbc.com/2021/12/03/district-87-chief-seeks-to-ban-critic-from-school-property-for-threatening-tirade-after-board-meeting/,213,ok
https://www.newmilfordspectrum.com/news/article/Police-investigate-threat-at-Norwalk-High-School-16672387.php,538,ok
https://myedmondsnews.com/2021/12/after-anonymous-threats-at-two-high-schools-edmonds-school-district-superintendent-outlines-safety-protocols-in-place/,0,link is dead
https://www.x1071.com/2021/12/03/waukesha-high-school-evacuated-following-threat-directed-at-students/,0,link is dead
https://www.idahostatejournal.com/news/local/american-falls-school-district-law-enforcement-respond-to-threatening-social-media-posts/article_8c55945f-24f0-58bc-9b77-6575340714d0.html,126,ok
https://www.thehour.com/news/article/Police-investigate-threat-at-Norwalk-High-School-16672387.php,542,ok
https://www.darientimes.com/news/article/Lamont-As-CT-schools-targets-of-threats-16673024.php,934,ok
https://catcountry1071.iheart.com/content/2021-12-02-juvenile-arrested-for-threatening-stoneman-douglas-high-school/,103,ok
http://www.sanilacbroadcasting.com/2021/12/03/schools-cancel-classes-due-to-threats-school-shooting/,222,ok
https://www.cadillacnews.com/news/caps-closes-friday-due-to-online-threat-against-high-school-threat-found-not-credible/article_34c638d0-5437-11ec-bb9a-bb189ba34090.html,1355,ok
https://www.gazettetimes.com/news/local/crime-and-courts/lebanon-high-school-placed-on-lockdown-after-potential-threat/article_7f4a4b62-bee6-53dd-97b5-dd7da8cf79d0.html,0,link is dead
https://www.khq.com/news/wenatchee-high-school-goes-remote-while-police-investigate-potential-threat/article_cd39926a-5455-11ec-98f5-bf85670379c6.html,87,ok
https://www.pressconnects.com/story/news/local/2021/12/03/binghamton-man-charged-fatal-stabbing-main-street-apartment-school-lockdown/8847540002/,263,ok
https://www.sandiegouniontribune.com/news/public-safety/story/2021-12-03/la-costa-canyon-high-school-campus-closed-friday-after-threat-written-on-school-wall,241,ok
https://www.news8000.com/i/waukesha-high-school-evacuated-following-threat-directed-at-students/,0,link is dead
https://www.fox7austin.com/news/leander-isd-investigates-social-media-threat-against-school-campus,349,ok
https://www.fairfieldcitizenonline.com/news/article/Lamont-As-CT-schools-targets-of-threats-16673024.php,934,ok
https://www.lansingstatejournal.com/story/news/2021/12/02/how-lansing-area-schools-police-prepare-active-shooter-threats/8821245002/,1055,ok
https://www.stamfordadvocate.com/news/article/Lamont-As-CT-schools-targets-of-threats-16673024.php,938,ok
https://www.veteranstoday.com/2021/12/03/michigan-closes-schools-after-terrorist-threats-from-trumper-shooters-militias/,641,ok
https://www.ctpost.com/news/article/Lamont-As-CT-schools-targets-of-threats-16673024.php,938,ok
https://www.wzzm13.com/article/news/local/ionia-and-big-rapids-public-schools-closing-friday-due-to-threats/69-b7e7f337-619e-41b3-b053-c3c3b407196d,0,link is dead
http://discoverestevan.com/articles/police-report-potential-threat-at-high-school,71,ok
https://www.wsjm.com/2021/12/03/sheriff-prosecutor-berrien-county-schools-have-received-threats-this-week/,126,ok
https://www.thehour.com/news/article/Lamont-As-CT-schools-targets-of-threats-16673024.php,938,ok
https://www.wkbw.com/news/local-news/batavia-schools-to-reopen-after-no-credible-threat-to-district-found,76,ok
https://www.983thecoast.com/2021/12/03/sheriff-prosecutor-berrien-county-schools-have-received-threats-this-week/,0,link is dead
https://www.wtol.com/article/news/local/tecumseh-high-school-postpones-winter-formal-due-to-a-threat-to-the-event/512-3630497f-8f81-42e7-a658-60a7cf62a619,0,link is dead
https://www.wpsdlocal6.com/news/law-enforcement-investigating-after-shooting-threat-note-found-inside-calloway-county-high-school-district-says/article_e4cf9906-547d-11ec-9ebb-87ee1bb0eeb0.html,0,link is dead
https://www.wsmv.com/news/school-threats-not-tolerated-in-middle-tennessee-school-districts/article_0de87994-5496-11ec-8df5-679c2958aca7.html,728,ok
https://www.whec.com/news/sherman-elementary-school-in-henrietta-evacuated-for-threat/6320940/?cat=565,41,ok
https://www.9and10news.com/2021/12/03/suspect-arrested-for-threat-against-lake-city-schools/,130,ok
https://www.kshb.com/news/crime/blue-springs-school-district-identifies-student-involved-in-threat-incidents,242,ok
https://www.detroitnews.com/story/news/local/michigan/2021/12/03/lake-orion-student-arrested-threat-shooting-high-school-oakland-county/8857303002/,369,ok
https://www.nbcconnecticut.com/news/local/connecticut-schools-grapple-with-ongoing-violence-and-threats/2665215/,712,ok
https://www.petoskeynews.com/story/news/2021/12/03/threat-closes-cheboygan-area-schools-friday/8852984002/,868,ok
https://www.news8000.com/holmen-school-district-uses-safety-protocols-to-protect-students-as-threats-increase/,0,link is dead
https://lancasteronline.com/news/local/12-year-old-threatened-to-shoot-others-at-centerville-middle-school-police/article_432b52e4-551c-11ec-9cbc-c7144663524a.html,211,ok
https://www.mexicostar.com/news/271867005/study-relationship-between-parent-teacher-important-for-home-schooling-during-lockdown,992,ok
https://www.kcentv.com/article/news/local/no-threat-or-danger-to-midway-middle-school-following-rumors-and-confusion/500-a4431b8f-13f8-4ced-a362-7d871fb655a3,0,link is dead
https://www.wpsdlocal6.com/news/sheriff-student-charged-after-threat-made-to-carlisle-county-school/article_f81a9854-549a-11ec-91d3-538f42d5b064.html,0,link is dead
https://news.yahoo.com/monroe-county-prosecutor-school-threats-110255001.html,904,ok
https://www.dailymail.co.uk/news/article-10273781/Michigan-student-15-arrested-making-threat-shoot-school-miles-Oxford-High.html,0,link is dead
https://www.couriernews.com/news/high-school-briefly-put-on-lockdown-due-to-suspicious-vehicle/article_e681f8dd-134c-5b60-860d-8e9197d29da2.html,648,ok
https://patch.com/new-jersey/manchester-nj/manchester-schools-reopen-monday-after-threat-investigation,329,ok
https://www.petoskeynews.com/story/news/2021/12/03/petoskey-high-school-sees-extra-police-presence-friday-following-written-threat/8855849002/,328,ok
https://www.kshb.com/news/local-news/independence-school-threat-not-credible-latest-in-string-of-threats-across-kc-metro,224,ok
https://www.wzzm13.com/article/news/local/its-not-funny-and-we-will-find-you-prosecutor-superintendent-react-to-threats-that-closed-schools/69-49462f6b-bfb7-47c6-a172-953ba799be18,0,link is dead
https://www.monroenews.com/story/news/2021/12/04/monroe-county-prosecutor-school-threats-not-tolerated/8851952002/,880,ok
https://www.wkbw.com/news/local-news/allegany-limestone-central-school-district-no-threat-to-safety-of-students-after-social-media-post,363,ok
https://wacotrib.com/news/local/education/series-of-unfortunate-events-leads-to-lockdown-at-midway-middle-school-no-actual-threat/article_cc4475be-548c-11ec-9cc8-bf7cac54af61.html,0,link is dead
https://www.9and10news.com/2021/12/03/how-possible-school-threats-online-are-investigated-by-schools-msp/,427,ok
https://www.examiner.net/story/news/2021/12/03/authorities-deem-independence-middle-school-threat-not-credible/8860532002/,0,link is dead
https://club937.com/17-year-old-flint-charged-threat-on-school/,303,ok
https://www.statesmanjournal.com/story/news/local/2021/12/04/arrest-made-st-paul-oregon-high-school-bomb-threat/8869932002/,314,ok
https://www.nbcconnecticut.com/tag/school-threats/,1206,ok
https://www.wcsy.com/2021/12/03/sheriff-prosecutor-berrien-county-schools-have-received-threats-this-week/,126,ok
https://www.hometownstation.com/santa-clarita-news/education/william-s-hart-union-school-district/hart-district-officials-law-enforcement-investigating-potential-threat-to-arroyo-seco-398485,422,ok
https://wnyt.com/commit-to-kids/lockdown-and-fire-drills-at-capital-region-schools/6320881/?cat=10464,0,link is dead
https://www.wtol.com/article/news/local/student-found-with-loaded-gun-at-east-broadway-elementary-no-threats-made-to-school/512-80636f80-fbce-4a46-ae68-a52180b94cc7,0,link is dead
https://www.theridgefieldpress.com/news/article/Lamont-As-CT-schools-targets-of-threats-16673024.php,934,ok
https://www.news8000.com/holmen-school-district-uses-safety-protocol-to-protect-students-as-threats-increase/,0,link is dead
https://www.registercitizen.com/news/article/Lamont-As-CT-schools-targets-of-threats-16673024.php,934,ok
https://www.wkbw.com/news/local-news/schools-react-to-social-media-threats,604,ok
https://www.prabhatkhabar.com/state/jharkhand/ranchi/viral-news-lockdown-in-jharkhand-from-6-december-school-colleges-institutes-closed-exams-cancelled-know-the-truth-mtj,526,ok
https://www.milfordmirror.com/news/article/Lamont-As-CT-schools-targets-of-threats-16673024.php,934,ok
https://www.thedailynewsonline.com/top_story/batavia-schools-will-resume-activities-saturday-no-evidence-of-credible-threat/article_36ac57b5-b73c-5421-9ae7-959af756a599.html,413,ok
https://www.kxxv.com/news/local-news/police-midway-middle-school-placed-on-lockdown-out-of-caution-no-threat,363,ok
https://www.desmoinesregister.com/story/news/2021/12/03/des-moines-roosevelt-high-school-rumored-threat-weapon-prompts-investigation-police/8857449002/,495,ok
https://www.oaoa.com/local-news/middle-school-student-arrested-for-threat/,0,page opened but no article text
https://www.lenconnect.com/story/news/crime/2021/12/04/tecumseh-high-school-dance-called-off-due-threat/8870250002/,303,ok
https://triblive.com/opinion/editorial-violent-school-threats-spread-like-epidemic/,510,ok
https://www.wirx.com/2021/12/03/sheriff-prosecutor-berrien-county-schools-have-received-threats-this-week/,0,link is dead
https://www.msn.com/en-us/news/us/union-claims-new-mexico-teacher-suspended-for-voicing-concerns-after-school-threat/vi-AARrV9j,0,page opened but no article text
https://www.wcpo.com/news/local-news/boone-county/hebron/boone-county-middle-school-student-faces-charges-after-allegedly-writing-threats-in-notebook,267,ok
https://www.wtae.com/article/law-enforcement-agencies-seeing-uptick-in-school-threats-across-pittsburgh-region/38425919,429,ok
https://wnyt.com/commit-to-kids/lockdown-and-fire-drills-at-capital-region-schools/6320881/?cat=10114,0,link is dead
https://localnews8.com/news/2021/12/04/gun-threat-that-forced-several-connecticut-schools-into-lockdown-deemed-not-credible/,1062,ok
https://www.msn.com/en-us/news/crime/boy-15-threatens-to-shoot-up-school-miles-from-michigan-tragedy/ar-AARrNM4,0,page opened but no article text
http://www.msn.com/en-nz/news/other/active-shooter-drills-mean-gunmen-often-know-a-school-s-lockdown-plan-here-s-why-one-expert-says-drills-can-still-save-lives/ar-AARtF5G,0,page opened but no article text
https://localnews8.com/news/2021/12/05/school-district-students-face-lengthy-suspension-expulsion-for-threats/,1062,ok
https://triblive.com/local/regional/schools-across-western-pa-u-s-try-to-keep-students-safe-in-face-of-increased-threats/,1611,ok
https://www.businessinsider.com.au/gunmen-know-schools-lockdown-plan-drills-can-still-save-lives-2021-12,0,link is dead
https://www.wzzm13.com/article/news/local/detroit/michigan-prosecutor-charges-7-juveniles-with-school-threats/69-fd01056a-03ea-4b06-bd4a-131b8e179427,0,link is dead
https://www.heraldpalladium.com/news/regional/michigan-prosecutor-charges-7-juveniles-with-school-threats/article_84c3b0e0-e3f7-5b4d-b3d1-372fe070416e.html,0,link is dead
https://kyma.com/news/2021/12/05/school-district-students-face-lengthy-suspension-expulsion-for-threats/,1062,ok
https://www.prabhatkhabar.com/state/jharkhand/gumla/balika-ashram-school-news-criminals-beat-up-laborers-threatened-to-stop-the-work-grj,496,ok
https://www.kshb.com/news/local-news/tips-lead-to-suspension-of-3-students-at-blue-springs-south-high-school-for-graffiti-threats,381,ok
http://www.msn.com/en-us/news/crime/an-iowa-teacher-was-arrested-after-she-wrote-threatening-notes-about-committing-gun-violence-at-school-police-say/ar-AARtris,0,page opened but no article text
https://www.freep.com/story/news/education/2021/12/05/7-students-charged-wayne-county-making-threats-schools/8878263002/,738,ok
https://www.wxyz.com/news/7-teens-charged-for-allegedly-threatening-wayne-county-schools-in-wake-of-oxford-shooting,394,ok
https://patch.com/pennsylvania/pittsburgh/ozs-senate-bid-pens-sold-school-threats-more-weekly-wrap,241,ok
https://kesq.com/news/2021/12/05/school-district-students-face-lengthy-suspension-expulsion-for-threats/,1062,ok
https://www.cbsnews.com/news/michigan-juveniles-charged-alleged-threats-violence-schools-oxford-shooting/,437,ok
https://www.grandhaventribune.com/news/law_enforcement/fruitport-schools-likely-closed-monday-as-threat-investigation-continues/article_cf52aa5e-5578-11ec-a455-0bb6ff73e06d.html,0,link is dead
https://www.fox2detroit.com/news/7-juveniles-charged-with-making-threats-against-schools-in-wayne-county,172,ok
https://www.msn.com/en-us/news/crime/police-investigating-possible-threat-made-by-an-indiana-middle-school-student/ar-AARwblv,0,page opened but no article text
https://dailyvoice.com/connecticut/fairfield/police-fire/two-fairfield-county-schools-evacuated-due-to-threat-officials-say/821036/,0,link is dead
https://www.wral.com/additional-law-enforcement-expected-at-garner-high-on-monday-following-school-threat-rumors/20019964/,364,ok
https://www.nbcconnecticut.com/news/local/hamden-high-school-closed-today-tomorrow-after-another-threat/2666012/,317,ok
https://www.kbzk.com/gfps-says-rumors-of-a-threat-at-cmr-high-school-are-unfounded,353,ok
https://www.grandhaventribune.com/news/law_enforcement/grand-haven-schools-closed-monday-due-to-threat/article_866a0b3a-5658-11ec-a68e-6f6a6b94dfe5.html,1094,ok
https://www.wthr.com/article/news/local/fayette-county-connersville-middle-school-possible-threat-snapchat-juvenile-arrested/531-5527a2ce-7996-4de8-80b1-e87ef37bfe51,0,link is dead
https://www.abccolumbia.com/2021/12/06/lcsd-lexington-county-student-accused-of-making-threats-against-schools/,186,ok
https://www.nbclosangeles.com/news/local/student-at-santa-monica-high-school-removed-from-campus-after-alleged-threat/2773276/,371,ok
https://www.msn.com/en-us/news/us/vista-ridge-high-school-cancels-classes-monday-due-to-social-media-threats/ar-AARv2I9,0,page opened but no article text
https://river967.com/details-shared-on-threat-made-to-the-sauk-rapids-middle-school/,260,ok
https://www.startribune.com/14-year-old-in-custody-after-threats-prompt-school-closures-in-sauk-rapids-district/600124354/,0,link is dead
https://www.abc10.com/article/news/local/elk-grove/laguna-creek-high-school-elk-grove-threat/103-cb496a55-9be5-4fd9-a1c9-9ed74c2df06f,0,link is dead
https://www.fox17online.com/news/crime/former-owosso-student-arrested-for-threatening-school,139,ok
https://www.wfmj.com/story/45379466/police-say-greenville-school-threat-is-false,0,link is dead
https://www.fox61.com/article/news/local/wilbur-cross-high-school-new-haven-lockdown/520-a54f916a-4a90-4b0b-8bf1-26a786ec631c,0,link is dead
https://whiznews.com/2021/12/06/authorities-investigate-bomb-threat-at-coshocton-high-school/,0,link is dead
https://1055thebeat.iheart.com/content/2021-12-06-extra-police-on-hand-at-several-south-florida-schools-after-threats/,135,ok
https://1037theloon.com/threat-prompts-canceled-classes-at-sr-r-middle-high-schools/,184,ok
https://1037theloon.com/details-shared-on-threat-made-to-the-sauk-rapids-middle-school/,260,ok
https://www.michiganradio.org/public-safety/2021-12-06/the-oxford-shootings-sparked-many-school-threats-we-asked-a-former-fbi-agent-about-copycat-cases,731,ok
https://www.wfsb.com/news/two-ct-high-schools-placed-in-lockdown-due-to-threats/article_03aa90e4-56a7-11ec-9ba0-0b0a95b3170f.html,1543,ok
https://www.wfsb.com/news/four-new-haven-county-high-schools-dismiss-early-due-to-threats/article_03aa90e4-56a7-11ec-9ba0-0b0a95b3170f.html,1543,ok
https://www.kxlf.com/gfps-says-rumors-of-a-threat-at-cmr-high-school-are-unfounded,353,ok
https://www.businessinsider.com/school-board-threats-masks-critical-race-theory-doj-domestic-terrorism-2021-12,1139,ok
https://www.wlwt.com/article/police-investigating-possible-threat-made-by-an-indiana-middle-school-student/38437605,173,ok
https://kixcountry929.iheart.com/content/2021-12-06-extra-police-on-hand-at-several-south-florida-schools-after-threats/,135,ok
https://www.kxdlhotrodradio.com/news/school-lockdown-1,0,link is dead
https://www.wbir.com/article/news/local/oak-ridge-anderson/oak-ridge-high-school-on-level-3-lockdown-due-to-shooting-threat-on-social-media-in-oak-ridge-tennessee/51-7813f9d1-f158-42f7-bc89-12979ed37496,0,link is dead
https://www.freep.com/story/news/local/michigan/2021/12/06/school-threats-romeo-crestwood-dearborn-high-school/8890296002/,439,ok
https://www.nbcmiami.com/news/local/student-arrested-after-threats-made-to-several-miami-dade-schools/2635303/,170,ok
https://www.newstracklive.com/news/karnatak-schools-likely-to-shut-again-amid-omicron-threat-sc75-nu318-ta928-1477590-1.html,0,link is dead
https://www.ctinsider.com/shorelinenews/article/Lamont-As-CT-schools-targets-of-threats-16673024.php,934,ok
https://www.nbcconnecticut.com/news/local/wilbur-cross-high-in-lockdown-after-report-of-gun-at-school/2666220/,409,ok
https://beaver1003.com/local/7-students-this-year-charged-with-making-threats-at-clarksville-montgomery-county-schools/,427,ok
https://big1059.iheart.com/content/2021-12-06-extra-police-on-hand-at-several-south-florida-schools-after-threats/,135,ok
https://www.wral.com/four-local-schools-have-extra-law-enforcement-due-to-school-threat-rumors/20020843/,218,ok
https://www.2news.com/news/code-yellow-lockdown-lifted-at-alice-maxwell-elementary-school/article_05ad4ace-56d6-11ec-a419-bf69749bfc1e.html,86,ok
https://www.thisislocallondon.co.uk/news/19765857.lockdown-learning-look-students-mind---joanne-shotonwa-roages-townley-grammar-school/,0,link is dead
https://www.candgnews.com/news/bloomfield-hills-schools-community-debates-policies-following-racist-threats-122206,0,link is dead
https://www.sharonherald.com/news/threat-to-greenville-schools-determined-to-be-false/article_49136826-56a8-11ec-9141-e73d60218e16.html,331,ok
https://wccfradio.iheart.com/content/2021-12-06-extra-police-on-hand-at-several-south-florida-schools-after-threats/,135,ok
https://www.msn.com/en-us/news/us/local-schools-have-received-a-dozen-safety-threats-this-fall-heres-where-and-what-happened/ar-AARxi8X,0,page opened but no article text
https://www.abc12.com/news/former-owosso-student-accused-of-making-threat-against-schools/article_f5a2cba0-56a2-11ec-a6c6-9b8c011a8874.html,251,ok
https://foxsports940.iheart.com/content/2021-12-06-extra-police-on-hand-at-several-south-florida-schools-after-threats/,135,ok
https://www.msn.com/en-us/news/us/social-media-post-threatened-shooting-at-wyandotte-high-school-in-kansas-city-kansas/ar-AARwOiy,0,page opened but no article text
https://www.krtv.com/news/great-falls-news/gfps-says-rumors-of-a-threat-at-cmr-high-school-are-unfounded,353,ok
https://www.fox61.com/article/news/local/hamden-high-school-closed-another-threat/520-f5366630-3d67-4009-b919-3350fceabbc2,0,link is dead
http://www.msn.com/en-nz/news/national/southland-school-out-of-lockdown-after-police-respond-to-shooting-that-left-one-injured/ar-AARv9Ai,0,page opened but no article text
https://www.wxyz.com/news/many-metro-detroit-schools-reopen-following-dozens-of-threats-last-week-after-oxford-shooting,329,ok
https://patch.com/connecticut/madison-ct/schools-reinstates-expulsion-student-who-threatened-shooting,0,link is dead
https://businessmirror.com.ph/2021/12/06/deped-cautiously-opens-in-person-classes-in-some-ncr-schools-amid-omicron-threat/,0,link is dead
https://catcountry1071.iheart.com/content/2021-12-06-extra-police-on-hand-at-several-south-florida-schools-after-threats/,135,ok
https://wiod.iheart.com/content/2021-12-06-extra-police-on-hand-at-several-south-florida-schools-after-threats/,135,ok
https://www.fox2detroit.com/news/romeo-high-school-on-lockdown-due-to-police-investigation,251,ok
https://www.msn.com/en-us/news/crime/hamden-high-school-closed-today-tomorrow-after-another-threat/ar-AARvZCp,0,page opened but no article text
https://www.kvor.com/2021/12/06/threat-closes-school/,0,link is dead
https://www.wkyc.com/article/news/education/student-arrested-threats-elyria-westwood-middle-school/95-88aa41ac-a561-43c4-898d-a372aae58a11,0,link is dead
https://www.wtkr.com/news/camden-co-school-closed-monday-after-reported-threat-against-students,786,ok
https://kesq.com/news/2021/12/06/police-expected-at-high-school-following-school-threat-rumors-in-north-carolina/,1062,ok
https://www.foxnews.com/us/south-carolina-high-schooler-arrested-allegedly-threatening-shoot-up-school,371,ok
https://www.thepostathens.com/article/2021/12/athens-high-school-finds-no-threat-after-thursday-lockdown,278,ok
https://www.fox29.com/news/bristol-middle-school-high-school-closed-due-to-potential-threat-monday,174,ok
https://www.wzzm13.com/article/news/fruitport-community-schools-close-monday-as-threat-investigation-continues/69-5d08ae48-7c12-4b4c-9014-c61a1d26648f,0,link is dead
https://www.wtma.com/news/law-enforcement-investigating-threats-made-at-lucy-beckham-high-school/,0,link is dead
https://www.wgrz.com/article/news/local/fredonia-high-school-lockdown-monday-morning-caused-by-student-with-a-pocket-knife/71-8f8d6767-db72-48da-8688-fefe1246ca58,0,link is dead
https://www.nbcconnecticut.com/news/local/hamden-high-school-receives-another-threat-closed-monday-and-tuesday/2665918/,187,ok
https://gazette.com/news/local/colorado-springs-high-school-cancels-classes-monday-amid-social-media-threats/article_7d812fea-5643-11ec-a80e-076091515e8b.html,119,ok
https://www.wzzm13.com/article/news/local/west-michigan-schools-closing-monday-due-to-threats/69-d1779788-5bc3-44b1-a09e-54b933400f86,0,link is dead
http://www.courant.com/breaking-news/hc-br-hamden-high-school-online-threat-closes-cancels-classes-20211206-mudsq2psl5cyxmsephqxibjmuy-story.html,321,ok
https://www.ncnewsonline.com/news/local_news/threat-to-greenville-schools-determined-to-be-false/article_a3b19cec-894d-52d1-83ec-a07c8ee94169.html,0,link is dead
https://wjon.com/threat-prompts-canceled-classes-at-sr-r-middle-high-schools/,184,ok
https://dailyvoice.com/connecticut/fairfield/schools/police-investigating-threat-believed-to-be-hoax-at-fairfield-county-high-school/821241/,0,link is dead
https://www.wral.com/police-expected-at-garner-high-on-monday-following-school-threat-rumors/20019964/,364,ok
https://www.hometownlife.com/story/news/local/michigan/2021/12/03/oxford-school-shooting-copycat-threats/8844625002/,1195,ok
https://patriotla.iheart.com/content/2021-12-06-santa-monica-high-school-student-removed-from-campus-after-alleged-threat/,366,ok
https://mix949.com/details-shared-on-threat-made-to-the-sauk-rapids-middle-school/,260,ok
https://mix949.com/threat-prompts-canceled-classes-at-sr-r-middle-high-schools/,184,ok
https://kstp.com/minnesota-news/teen-arrested-for-threatening-social-media-post-toward-sauk-rapids-school/6323417/?cat=12196,110,ok
https://www.smdp.com/multiple-threats-rattle-local-schools/211171,723,ok
https://www.wkyc.com/article/news/national/michigan-prosecutor-charges-7-juveniles-with-school-threats/69-fd01056a-03ea-4b06-bd4a-131b8e179427,0,link is dead
https://www.localmemphis.com/article/news/education/memphis-tennessee-soulsville-charter-school-virtual-classes-police-investigate-threat-violence/522-2235b453-b309-4fb5-93ab-c93e504aa727,0,link is dead
https://www.wral.com/additional-law-enforcement-expected-at-garner-magnet-high-school-on-monday-following-school-threat-rumors/20019964/,364,ok
https://www.buckscountycouriertimes.com/story/news/2021/12/06/bristol-borough-schools-closed-student-arrested-after-shooting-threat/8886997002/,218,ok
https://www.theepochtimes.com/student-at-santa-monica-high-school-removed-from-campus-after-alleged-threat_4141808.html,445,ok
https://www.wcnc.com/article/news/local/officials-investigating-snapchat-threat-at-alexander-graham-middle-school/275-e6969f73-7019-489e-af12-50b568b32c3b,0,link is dead
https://www.miamitimesonline.com/news/local/15-year-old-made-online-threat-against-miami-high-school-police/article_13fd6f2e-56c1-11ec-9c86-47df9a6c6cab.html,173,ok
https://www.wral.com/police-expected-garner-high-on-monday-following-school-threat-rumors/20019964/,364,ok
https://wjno.iheart.com/content/2021-12-06-extra-police-on-hand-at-several-south-florida-schools-after-threats/,135,ok
https://wcvu.iheart.com/content/2021-12-06-extra-police-on-hand-at-several-south-florida-schools-after-threats/,135,ok
https://www.indystar.com/story/news/2021/12/06/carmel-schools-lockdown-all-back-normal-after-police-investigation/6407316001/,129,ok
https://www.sharonherald.com/news/threat-to-greenville-schools-false/article_49136826-56a8-11ec-9141-e73d60218e16.html,0,link is dead
https://www.wtma.com/news/law-enforcement-investigating-threats-made-toward-lucy-beckham-high-school/,0,link is dead
https://www.fox5atlanta.com/news/atlanta-public-schools-responds-to-alleged-social-media-threat,210,ok
https://www.fox17online.com/news/local-news/lakeshore/muskegon/fruitport-community-schools-continues-investigation-after-threats,124,ok
https://wjon.com/details-shared-on-threat-made-to-the-sauk-rapids-middle-school/,260,ok
https://www.stamfordadvocate.com/news/article/As-school-threats-persist-in-CT-state-agencies-16680452.php,609,ok
https://www.wtma.com/news/south-carolina-teen-charged-with-school-shooting-threat-days-after-michigan-murders/,0,link is dead
https://www.insidenova.com/headlines/judge-warns-against-threats-in-loudoun-county-school-board-recall-hearing/article_0e55b39c-572a-11ec-bc58-6bfb11c129d1.html,788,ok
https://www.ktvq.com/news/crime-watch/possible-threat-brings-increase-police-presence-at-skyview-high-school,109,ok
https://www.inforum.com/west-fargo/7312248-News-conference-Investigation-is-in-full-force-following-threat-of-violence-to-West-Fargo-school,0,link is dead
https://kstp.com/minnesota-news/st-paul-middle-school-briefly-placed-on-lockdown-after-parent-misplaces-gun/6324597/?cat=12196,439,ok
https://www.divyabhaskar.co.in/local/gujarat/gandhinagar/news/the-threat-of-omicron-has-increased-but-no-decision-has-yet-been-made-to-close-schools-the-cm-will-review-the-cabinet-today-before-leaving-for-dubai-129186424.html,282,ok
https://www.wcvb.com/article/threats-made-to-massachusetts-schools-on-snapchat-december-6-2021/38444108,43,ok
https://up989.iheart.com/content/2021-12-06-extra-police-on-hand-at-several-south-florida-schools-after-threats/,135,ok
https://www.grandhaventribune.com/news/local/threats-cause-local-schools-to-close-monday-ghaps-closed-again-tuesday/article_66f0fca4-56e0-11ec-bd0a-374c39a8e773.html,0,link is dead
https://www.wfsb.com/news/new-haven-police-increase-patrols-at-schools-following-series-of-threats/article_3690f990-5750-11ec-b0e2-8b18a3d877f8.html,1543,ok
https://www.news5cleveland.com/news/state/neo-schools-face-rash-of-threats-no-matter-if-its-credible-the-punishment-is-severe,519,ok
https://theconversation.com/michigan-school-shooting-shows-how-violence-can-transition-from-online-threats-to-real-world-tragedy-173216,1109,ok
https://www.kabc.com/news/south-carolina-teen-charged-with-school-shooting-threat-days-after-michigan-murders/,0,link is dead
https://www.wbap.com/news/south-carolina-teen-charged-with-school-shooting-threat-days-after-michigan-murders/,0,link is dead
https://www.ifiberone.com/columbia_basin/mlpd-investigating-anonymous-threat-directed-at-moses-lake-high-school/article_466ce050-5777-11ec-bcfc-93b7050cf314.html,0,link is dead
https://www.q13fox.com/news/13-year-old-arrested-for-shooting-threats-at-north-seattle-school,191,ok
https://q108.com/local/7-students-this-year-charged-with-making-threats-at-clarksville-montgomery-county-schools/,427,ok
https://www.nhregister.com/news/article/As-school-threats-persist-in-CT-state-agencies-16680452.php,610,ok
https://www.kmjnow.com/news/south-carolina-teen-charged-with-school-shooting-threat-days-after-michigan-murders/,0,link is dead
https://bigfrog104.com/police-investigate-alleged-social-media-threats-on-middle-school-students-in-rome/,242,ok
https://buckeyecountry943.iheart.com/content/2021-12-07-arrest-made-in-threats-case-at-ridgedale-high-school/,263,ok
https://www.westernmassnews.com/news/authorities-investigating-potential-threats-at-two-local-schools/article_0a5bd8a2-5793-11ec-8825-3b518b5aa3cb.html,1391,ok
https://www.kmaj1440.com/news/south-carolina-teen-charged-with-school-shooting-threat-days-after-michigan-murders/,0,link is dead
https://www.kpvi.com/news/local_news/jefferson-school-district-addresses-social-media-threats/article_34a5f8f2-56eb-11ec-befe-fbe041a8de22.html,209,ok
https://www.firstcoastnews.com/article/news/education/westside-high-school-code-yellow-lockdown-investigating-possible-false-report-threat/77-444d9e8e-56c9-442d-a18d-247525ccf085,0,link is dead
https://www.nbcnewyork.com/news/national-international/new-jersey-resident-suspected-in-online-threat-against-stratford-high-school/3438438/,141,ok
https://lite987.com/police-investigate-alleged-social-media-threats-on-middle-school-students-in-rome/,242,ok
https://www.detroitnews.com/story/news/local/wayne-county/2021/12/07/prosecutor-worthy-charges-5-more-teens-school-threats/6420796001/,581,ok
https://www.hometownsource.com/abc_newspapers/free/columbia-heights-high-school-threat-under-investigation/article_3bef565e-578f-11ec-92a3-1bd5f03e9a6f.html,0,link is dead
https://www.wphm.net/2021/12/06/marine-city-high-school-subject-of-bomb-threat/,0,link is dead
https://www.nbcconnecticut.com/news/local/extra-police-at-waterbury-career-academy-high-school-as-threat-is-investigated/2666972/,115,ok
https://hot975fm.com/a-north-dakota-middle-school-target-of-shooting-threat/,285,ok
https://www.wxyz.com/news/wayne-county-prosecutor-charges-five-minors-who-allegedly-made-threats-to-area-schools,262,ok
https://www.nbcconnecticut.com/news/local/new-jersey-resident-suspected-in-online-threat-against-stratford-high-school/2667302/,143,ok
https://www.thehour.com/news/article/As-school-threats-persist-in-CT-state-agencies-16680452.php,609,ok
https://www.abc57.com/news/st-joseph-high-school-dismissed-tuesday-morning-for-potential-threat,244,ok
https://knsiradio.com/2021/12/06/police-school-threats-investigation-forwarded-to-county-attorney/,145,ok
https://www.wgowam.com/news/south-carolina-teen-charged-with-school-shooting-threat-days-after-michigan-murders/,0,link is dead
https://www.stardem.com/news/easton-high-school-evacuated-for-bomb-threat/article_5c8b94d2-64c6-5dd5-b54a-812f3a5051f2.html,0,link is dead
https://b93radio.com/2021/12/07/social-media-threats-made-against-north-high-school/,97,ok
https://www.fox17online.com/news/local-news/lakeshore/muskegon/mona-shores-student-faces-charges-in-connection-to-school-threats,119,ok
http://www.loscerritosnews.net/2021/12/06/student-at-santa-monica-high-school-removed-from-campus-after-alleged-threat/,0,page opened but no article text
http://www.courant.com/politics/hc-pol-school-climate-threats-20211206-pc3kb2iwmfecripjsgpkt7jcu4-story.html,806,ok
https://yourradioplace.com/local-news/bomb-threat-at-coshocton-high-school-under-investigation/,0,link is dead
https://www.nipawinjournal.com/news/local-news/rcmp-investigate-after-threat-to-warman-high-school,0,link is dead
https://www.msn.com/en-us/news/us/brownsville-elementary-school-placed-on-lockdown-after-call-to-911-mentioning-gun-was-traced-to-school/ar-AARzG87,0,page opened but no article text
https://www.fox32chicago.com/news/girl-12-accused-of-sending-snapchat-of-firearm-message-threatening-to-shoot-up-middle-school-in-niles,154,ok
https://www.registercitizen.com/news/article/As-school-threats-persist-in-CT-state-agencies-16680452.php,605,ok
https://calcoastnews.com/2021/12/fbi-investigates-threats-regarding-arroyo-grande-high-school/,151,ok
https://whtc.com/2021/12/07/grand-haven-and-zeeland-school-districts-closed-as-law-enforcement-investigate-threats/,208,ok
https://news.yahoo.com/threats-close-monroe-high-schools-181458830.html,773,ok
https://www.inforum.com/west-fargo/7312248-West-Fargo-school-expected-to-reopen-Wednesday-as-investigation-into-threat-continues,0,link is dead
https://www.inforum.com/news/education/7312248-Threats-of-violence-to-West-Fargos-Cheney-Middle-School-prompts-day-of-online-learning,0,link is dead
https://abc17news.com/cnn-regional/2021/12/07/arrests-highly-likely-as-state-police-follow-up-on-leads-related-to-recent-school-threats/,1062,ok
https://www.metrotimes.com/news-hits/archives/2021/12/07/conservative-livingston-county-facebook-group-hit-with-restrictions-leader-threatened-school-board-members,536,ok
https://www.thehour.com/news/article/Norwalk-Hig-School-threats-remain-under-16680297.php,193,ok
https://krforadio.com/update-14-year-old-in-custody-for-alleged-school-threat/,184,ok
https://www.wgrz.com/article/news/local/lockport-high-school-students-learning-remotely-tuesday-due-to-threats-on-social-media/71-a9ed0514-822c-4356-8b00-29a92f58e7ed,0,link is dead
https://www.ctinsider.com/shorelinenews/article/As-school-threats-persist-in-CT-state-agencies-16680452.php,605,ok
https://wibx950.com/police-investigate-alleged-social-media-threats-on-middle-school-students-in-rome/,242,ok
https://www.nbcmiami.com/news/local/3-miami-dade-students-now-arrested-for-social-media-threats-against-high-schools/2636241/,391,ok
https://www.msn.com/en-us/news/us/monroe-middle-school-student-faces-charge-after-lying-about-school-shooting-threat/ar-AARz0DU,0,page opened but no article text
https://www.fox61.com/article/news/local/rocky-hill-schools-soft-lockdown-police-investigation/520-f2a789f7-8f6b-4d04-b2d2-817e97d1ea83,0,link is dead
https://www.newstimes.com/news/article/As-school-threats-persist-in-CT-state-agencies-16680452.php,609,ok
https://www.wzzm13.com/article/news/local/its-never-worth-it-grandmother-keeps-kids-home-from-school-after-threats-made-to-muskegon-co-school-district/69-5bdba219-3d85-4658-b819-6284fe0b03b8,0,link is dead
https://www.smdp.com/multiple-threats-rattle-local-schools-2/211208,575,ok
https://newstalk955.com/billings-montana-police-investigating-threat-skyview-high-school-social-media/,318,ok
https://www.rexburgstandardjournal.com/news/idaho/school-shooting-threat-made-at-rigby-middle-school/article_925d357c-42bb-5f12-a546-c2afd22b759b.html,138,ok
https://www.newsdakota.com/2021/12/07/authorities-investigating-west-fargo-school-shooting-threat/,95,ok
https://965thefox.com/a-north-dakota-middle-school-target-of-shooting-threat/,285,ok
https://www.kvor.com/news/south-carolina-teen-charged-with-school-shooting-threat-days-after-michigan-murders/,0,link is dead
https://www.1490wosh.com/news/south-carolina-teen-charged-with-school-shooting-threat-days-after-michigan-murders/,0,link is dead
https://www.wjr.com/news/south-carolina-teen-charged-with-school-shooting-threat-days-after-michigan-murders/,0,link is dead
https://www.11alive.com/article/news/crime/man-arrested-after-threatening-atlanta-school-administrator/85-57f1c765-14ab-4a1f-a769-350d061cc68f,0,link is dead
https://www.hillsdale.net/story/news/2021/12/07/school-threats-continue-county/6424147001/,335,ok
https://whbl.com/2021/12/07/social-media-threats-made-against-north-high-school/,98,ok
https://www.postandcourier.com/news/charleston-area-police-respond-to-gun-and-potential-threats-made-at-area-high-schools/article_70057aa0-56d0-11ec-9292-1f1adc853b7b.html,0,link is dead
https://www.hollandsentinel.com/story/news/education/2021/12/06/grand-haven-fruitport-schools-closed-monday-due-threats/8886309002/,362,ok
https://kion546.com/news/2021/12/07/high-school-in-ct-to-upgrade-mental-health-services-security-following-threats/,432,ok
https://www.msn.com/en-us/news/us/are-kansas-city-area-schools-safe-amid-threats-heres-what-districts-are-doing/ar-AARzfUd,0,page opened but no article text
https://www.bozemandailychronicle.com/ap_news/conversation/michigan-school-shooting-shows-how-violence-can-transition-from-online-threats-to-real-world-tragedy/article_93eca05f-8a61-5840-9b4a-1a9c17b0cb68.html,0,link is dead
https://www.greatfallstribune.com/story/news/2021/12/06/great-falls-public-schools-investigates-school-threat-all-cleared/6406222001/,199,ok
https://www.westport-news.com/news/article/As-school-threats-persist-in-CT-state-agencies-16680452.php,605,ok
https://www.examiner.net/story/news/local/2021/12/06/three-students-suspended-following-threats-blue-springs-south-high-school/8888161002/,0,link is dead
https://rewind943.com/local/7-students-this-year-charged-with-making-threats-at-clarksville-montgomery-county-schools/,427,ok
https://www.nbcmiami.com/news/local/students-arrested-after-threats-made-to-several-miami-dade-schools/2635303/,170,ok
https://www.wzzm13.com/article/news/crime/how-prosecutors-determine-whether-to-charge-a-juvenile-for-making-school-threats/69-9b3f6713-5658-45fa-b3c1-d69e2bf0bf75,0,link is dead
https://www.mantecabulletin.com/news/local-news/manteca-police-issues-sharp-rebuke-those-spreading-false-info-school-threats/,374,ok
https://www.wsjm.com/2021/12/07/st-joseph-high-school-dismissed-early-due-to-threats/,104,ok
https://www.wzzm13.com/article/news/unfounded-ottawa-co-sheriffs-office-investigation-concluded-no-credible-threats-to-area-schools/69-d967bd03-1a1b-4eb8-9134-c12da586edc3,0,link is dead
https://www.fox17online.com/news/local-news/lakeshore/ottawa/authorities-say-threats-towards-ottawa-county-schools-are-not-credible,128,ok
https://www.newmilfordspectrum.com/news/article/As-school-threats-persist-in-CT-state-agencies-16680452.php,605,ok
https://dailyvoice.com/connecticut/greenwich/schools/three-ct-high-schools-enter-lockdown-on-same-day-due-to-separate-threats/821368/,0,link is dead
https://www.cheboygannews.com/story/news/2021/12/06/suspect-custody-after-threat-cheboygan-area-schools/8886379002/,683,ok
https://wmrn.iheart.com/content/2021-12-07-arrest-made-in-threats-case-at-ridgedale-high-school/,263,ok
https://www.ksby.com/news/local-news/arroyo-grande-police-investigate-threat-to-high-school,543,ok
https://www.fox17online.com/rebound/state-of-education/muskegon-co-law-enforcement-forms-task-force-to-combat-school-threats,344,ok
https://www.news8000.com/onalaska-middle-school-closed-due-to-threat/,0,link is dead
https://www.theridgefieldpress.com/news/article/As-school-threats-persist-in-CT-state-agencies-16680452.php,605,ok
https://www.nbcconnecticut.com/news/local/increased-police-presence-at-new-haven-schools-tuesday-after-threats-hoax-call-prompt-lockdowns/2666862/,455,ok
https://majic959.iheart.com/content/2021-12-07-arrest-made-in-threats-case-at-ridgedale-high-school/,263,ok
https://www.the-sun.com/uncategorized/4225748/covid-lockdown-school-closures-children/,405,ok
https://www.983thecoast.com/2021/12/07/st-joseph-high-school-dismissed-early-due-to-threats/,0,link is dead
https://www.ncadvertiser.com/news/article/As-school-threats-persist-in-CT-state-agencies-16680452.php,605,ok
https://www.wtol.com/article/news/education/no-school-at-orchard-center-hs-monroe-hs-for-dec-7-due-to-ongoing-investigation-into-potential-threat/512-062ae9bf-7f7f-4713-87c5-0ddf0dba5f79,0,link is dead
https://www.980waav.com/news/south-carolina-teen-charged-with-school-shooting-threat-days-after-michigan-murders/,0,link is dead
https://www.am1100theflag.com/news/local-news/40096-cheney-middle-school-remote-today-after-threat,0,link is dead
https://billingsgazette.com/news/local/threat-to-skyview-high-school-not-credible-investigation-continues/article_046e94bf-8f5e-5fa2-967c-fb6d2868f7a0.html,0,link is dead
https://news.yahoo.com/students-return-school-credible-threat-121350891.html,377,ok
https://www.wicc600.com/2021/12/07/melissa-in-the-morning-school-threats/,0,link is dead
https://www.lenconnect.com/story/news/crime/2021/12/06/suspect-custody-tecumseh-school-dance-threat/8889114002/,462,ok
https://www.msn.com/en-us/news/crime/rigby-middle-school-student-faces-possible-charges-after-shooting-threats/ar-AARzO00,0,page opened but no article text
https://mynorthwest.com/3270888/snohomish-county-teen-falsely-accused-classmate-of-threatening-school-shooting/,220,ok
https://www.hollandsentinel.com/story/lifestyle/public-safety/2021/12/07/ottawa-county-sheriffs-office-says-school-threats-found-not-credible/6424121001/,213,ok
https://www.wcsy.com/2021/12/07/st-joseph-high-school-dismissed-early-due-to-threats/,104,ok
https://www.msn.com/en-us/news/us/hamden-high-school-will-start-screening-students-with-metal-detectors-after-threats/ar-AARxxna,0,page opened but no article text
https://www.postandcourier.com/columbia/news/lexington-county-teen-charged-with-threatening-to-shoot-up-schools/article_da6bf97e-56d9-11ec-83b8-cbda0a664fcb.html,275,ok
https://www.inmaricopa.com/school-authorities-law-enforcement-investigate-threat/,500,ok
https://patch.com/illinois/niles/12-year-old-girl-posts-school-shooting-threat-snapchat-police,438,ok
https://927thevan.com/2021/12/07/school-threats-continue-zps-ghs-among-the-closed/,162,ok
https://www.taosnews.com/news/education/taos-high-teacher-who-spoke-out-after-school-threat-sidelined-for-behavior-issue/article_0944a0ee-578d-11ec-abbb-1305a4a8352b.html,0,link is dead
https://www.ksbw.com/article/hollister-terrosit-threats-arrest-high-school/38454144,132,ok
https://www.koco.com/article/oklahoma-piedmont-high-school-threat-investigation/38450205,134,ok
https://www.fox61.com/article/news/local/new-haven-county/hamden-high-schools-new-safety-measures-threats/520-4ce1711d-228f-4139-95bb-b6fdc6f4353e,0,link is dead
https://catcountry1029.com/billings-montana-police-investigating-threat-skyview-high-school-social-media/,318,ok
https://www.boston.com/news/local-news/2021/12/07/three-whitman-hanson-regional-high-school-students-to-be-charged-following-threatening-social-media-post/,210,ok
https://www.kxly.com/police-online-threat-made-toward-moses-lake-high-school-not-credible/,0,link is dead
https://dailycaller.com/2021/12/07/police-arrest-14-year-old-after-fellow-student-allegedly-overheard-him-threatening-to-shoot-up-schools/,0,link is dead
https://kfgo.com/2021/12/07/authorities-investigating-shooting-threat-at-west-fargo-cheney-middle-school-students-attending-classes-virtually-today/,299,ok
https://www.newsradio1029.com/news/south-carolina-teen-charged-with-school-shooting-threat-days-after-michigan-murders/,0,link is dead
https://927thevan.com/2021/12/07/grand-haven-and-zeeland-school-districts-closed-as-law-enforcement-investigate-threats/,208,ok
https://www.necn.com/news/national-international/new-jersey-resident-suspected-in-online-threat-against-stratford-high-school/2630827/,0,link is dead
https://www.wmay.com/2021/12/07/13-year-old-arrested-in-connection-with-washington-middle-school-threats/,111,ok
https://www.fairfieldcitizenonline.com/news/article/As-school-threats-persist-in-CT-state-agencies-16680452.php,605,ok
https://www.kiiitv.com/article/news/local/mary-carroll-high-school-lockdown-has-been-lifted-investigation-still-in-progress/503-15e3aac4-cb82-498b-aa15-0a46a2919b86,0,link is dead
https://www.inforum.com/west-fargo/7312248-Police-Investigation-is-in-full-force-following-threat-of-violence-to-West-Fargo-school,0,link is dead
https://www.inforum.com/entertainment/podcasts/7312272-Morning-headlines-School-threat-cars-being-towed-tuition-assistance-in-Minnesota,0,link is dead
http://www.news9.com/story/61af84613b802c0c0cfa32b4/piedmont-high-school-briefly-placed-on-lockdown,90,ok
https://www.kgw.com/article/news/crime/pps-lockdown-three-schools-no-injuries/283-af464fa4-f549-4f81-8383-f2102809f194,0,link is dead
https://pudhari.news/maharashtra/pune/80833/amid-omicron-threat-school-in-vadgaon-maval-organizes-an-event-to-welcome-primary-students/ar,367,ok
https://www.9and10news.com/2021/12/06/tcaps-receives-four-oxford-copycat-threats-parents-say-school-district-can-do-more/,549,ok
https://www.middletownpress.com/news/article/As-school-threats-persist-in-CT-state-agencies-16680452.php,605,ok
https://www.currentargus.com/story/news/local/2021/12/03/carlsbad-high-school-lockdown-student-gun-shooting-planned/8851472002/,0,link is dead
https://localnews8.com/news/2021/12/07/high-school-in-ct-to-upgrade-mental-health-services-security-following-threats/,432,ok
https://www.hometownsource.com/abc_newspapers/abc_newspapers/free/columbia-heights-high-school-threat-under-investigation/article_3bef565e-578f-11ec-92a3-1bd5f03e9a6f.html,0,link is dead
https://www.997wtn.com/news/south-carolina-teen-charged-with-school-shooting-threat-days-after-michigan-murders/,0,link is dead
https://www.wftw.com/news/south-carolina-teen-charged-with-school-shooting-threat-days-after-michigan-murders/,0,link is dead
https://www.wivk.com/2021/12/07/students-at-oak-ridge-high-school-return-to-class-with-extra-security-in-place-following-a-level-three-lockdown-for-a-shooting-threat/,0,link is dead
https://www.fox17online.com/rebound/state-of-education/wayne-county-prosecutor-charges-five-minors-who-allegedly-made-threats-to-area-schools,262,ok
https://www.coladaily.com/communities/gilbert/14-year-old-gilbert-high-student-charged-with-threatening-schools/article_d0bd5f94-56d9-11ec-a8bb-27005e55cbd0.html,0,link is dead
https://www.lansingstatejournal.com/story/news/2021/12/06/vermontville-schools-close-monday-following-rumors-shooting-threat/6407086001/,273,ok
https://www.nbcconnecticut.com/news/local/hamden-high-school-will-start-screening-students-with-metal-detectors-after-threats/2666760/,232,ok
https://supertalk1270.com/a-north-dakota-middle-school-target-of-shooting-threat/,285,ok
https://www.lawofficer.com/iowa-high-school-teacher-katrina-phelan-arrested-threatening-notes-campus/,0,page opened but no article text
https://www.kvrr.com/2021/12/07/police-continue-investigating-shooting-threat-at-cheney-middle-school/,0,link is dead
https://www.wvlkam.com/news/south-carolina-teen-charged-with-school-shooting-threat-days-after-michigan-murders/,0,link is dead
https://kstp.com/minnesota-news/st-paul-middle-school-briefly-placed-on-lockdown-after-parent-misplaces-gun/6324597/,439,ok
https://froggyweb.com/2021/12/07/authorities-investigating-shooting-threat-at-west-fargo-cheney-middle-school-students-attending-classes-virtually-today/,298,ok
https://www.wltx.com/article/news/crime/lexington-county-student-charged-threatening-schools/101-4768f97d-cfbe-4eb9-8ae6-1b6fa65dfcf1,0,link is dead
https://www.klif.com/news/south-carolina-teen-charged-with-school-shooting-threat-days-after-michigan-murders/,0,link is dead
https://www.kshb.com/news/crime/several-kc-area-high-schools-named-in-shooting-threat,417,ok
https://www.vvdailypress.com/story/news/2021/12/07/anonymous-threat-violence-against-barstow-junior-high-school-prompts-police-presence-ongoing-investi/6418322001/,630,ok
https://clarksvillenow.com/local/7-students-this-year-charged-with-making-threats-at-clarksville-montgomery-county-schools/,427,ok
https://www.sheltonherald.com/news/article/As-school-threats-persist-in-CT-state-agencies-16680452.php,605,ok
https://www.wtkr.com/news/threat-deemed-not-credible-made-to-virginia-beach-middle-school-over-the-weekend-student-to-be-disciplined,406,ok
https://www.lcsun-news.com/story/news/education/2021/12/07/las-cruces-public-schools-comments-threats-deemed-not-credible/6418692001/,386,ok
http://theconversation.com/michigan-school-shooting-shows-how-violence-can-transition-from-online-threats-to-real-world-tragedy-173216,1109,ok
https://www.wzzm13.com/article/news/local/task-force-formed-to-investigate-threats-against-muskegon-co-schools/69-dea2c956-734b-4c4a-86b6-7d9bab405a0a,0,link is dead
https://www.abc57.com/news/three-individual-threats-made-within-lakeshore-schools-over-two-days,328,ok
https://www.darientimes.com/news/article/As-school-threats-persist-in-CT-state-agencies-16680452.php,605,ok
https://www.9and10news.com/2021/12/06/false-school-threats-carry-major-criminal-penalties/,381,ok
https://www.sharonherald.com/news/false-alarm-in-greenville-but-school-threat-taken-seriously/article_49136826-56a8-11ec-9141-e73d60218e16.html,331,ok
https://catcountry1073.com/social-media-threat-against-middle-twp-nj-school-found-not-credible/,170,ok
https://www.wxow.com/news/top-stories/classes-canceled-at-onalaska-middle-school-due-to-serious-threat/article_e48e75dc-574f-11ec-bd80-37d3dde7fe84.html,236,ok
https://www.heraldpalladium.com/communities/st_joseph/st-joseph-high-school-dismissed-early-due-to-threat/article_59812a4a-eaa8-560a-a05a-921a749f0102.html,0,link is dead
https://www.sweetwaternow.com/scsd-no-2-superintendent-addresses-potential-threat-at-high-school-police-presence/,0,page opened but no article text
https://www.greenwichtime.com/news/article/As-school-threats-persist-in-CT-state-agencies-16680452.php,609,ok
https://www.theguardian.com/education/2021/dec/07/school-lockdowns-risk-more-cases-like-arthur-labinjo-hughes-says-ofsted-head,653,ok
https://www.kvor.com/2021/12/07/high-school-investigates-threats/,0,link is dead
https://www.ncwlife.com/police-investigating-threat-of-violence-at-moses-lake-high-school/,0,link is dead
https://cool987fm.com/a-north-dakota-middle-school-target-of-shooting-threat/,285,ok
https://www.inforum.com/west-fargo/7312248-LIVE-AT-1230-p.m.-News-conference-planned-after-threat-of-violence-to-West-Fargo-school-prompts-online-classes,0,link is dead
https://www.heraldpalladium.com/communities/stevensville/lakeshore-school-officials-investigating-multiple-threats/article_58c30468-921b-563e-9401-0487973c1947.html,654,ok
https://www.ctpost.com/news/article/As-school-threats-persist-in-CT-state-agencies-16680452.php,609,ok
https://www.wiltonbulletin.com/news/article/As-school-threats-persist-in-CT-state-agencies-16680452.php,605,ok
https://www.kkoh.com/news/south-carolina-teen-charged-with-school-shooting-threat-days-after-michigan-murders/,0,link is dead
https://www.wirx.com/2021/12/07/st-joseph-high-school-dismissed-early-due-to-threats/,0,link is dead
https://www2.ljworld.com/news/schools/2021/dec/07/billy-mills-middle-school-student-allegedly-made-threat-against-school-leaders-said-students-were-not-at-risk/,315,ok
https://lacrossetribune.com/news/local/education/threat-shuts-down-onalaska-middle-school/article_b4b4a973-96cb-5cee-98bd-8739a4466904.html,814,ok
https://kmhk.com/billings-montana-police-investigating-threat-skyview-high-school-social-media/,318,ok
https://www.khq.com/news/rogers-high-school-went-into-lockdown-for-incident-near-school-campus/article_4ce17f60-57a7-11ec-a3e3-974d32190477.html,0,link is dead
https://go955.com/2021/12/07/grand-haven-and-zeeland-school-districts-closed-as-law-enforcement-investigate-threats/,208,ok
https://www.q13fox.com/news/deputies-13-year-old-falsely-accuses-monroe-classmate-of-threatening-to-shoot-up-school,415,ok
https://www.wkbw.com/news/local-news/lockport-high-school-to-shift-to-remote-learning-tuesday-due-to-threatening-social-media-posts,338,ok
https://literock969.com/social-media-threat-against-middle-twp-nj-school-found-not-credible/,170,ok
https://www.msn.com/en-us/news/us/wisconsin-middle-school-closes-tuesday-due-to-serious-threat/ar-AARyWyd,0,page opened but no article text
https://www.kvrr.com/2021/12/07/cheney-middle-school-students-kept-home-following-threat/,0,link is dead
http://www.wrjc.com/news/local-news/a-threat-deemed-to-be-not-viable-directed-at-royall-schools/,0,link is dead
https://www.trumbulltimes.com/news/article/As-school-threats-persist-in-CT-state-agencies-16680452.php,605,ok
https://www.milfordmirror.com/news/article/As-school-threats-persist-in-CT-state-agencies-16680452.php,605,ok
https://www.kulr8.com/community/police-asking-anyone-who-saw-original-alleged-skyview-high-school-threat-to-contact-authorities/article_e231e9ae-5713-11ec-9f5c-0f60c93f0a19.html,0,link is dead
https://www.wzzm13.com/article/news/local/mona-shore-student-posted-threat-to-school/69-a77be268-e94f-4f30-b742-4dc89782bcef,0,link is dead
https://www.insider.com/qanon-queen-of-canada-fan-arrested-school-threat-police-said-2021-12,487,ok
https://mynorthwest.com/3269534/rumored-threat-monroe-high-school/,280,ok
https://www.wmal.com/news/south-carolina-teen-charged-with-school-shooting-threat-days-after-michigan-murders/,0,link is dead
https://www.kake.com/story/45383281/mcpherson-police-investigate-a-threat-a-violence-made-by-a-student-at-mcpherson-middle-school,0,link is dead
https://961theeagle.com/police-investigate-alleged-social-media-threats-on-middle-school-students-in-rome/,242,ok
https://www.ifiberone.com/south_sound/columbia_basin/mlpd-investigating-anonymous-threat-directed-at-moses-lake-high-school/article_466ce050-5777-11ec-bcfc-93b7050cf314.html,0,link is dead
https://www.idahopress.com/opinion/conversation/michigan-school-shooting-shows-how-violence-can-transition-from-online-threats-to-real-world-tragedy/article_fd57279a-a1a8-5179-a749-65b7fbeb4ef2.html,0,link is dead
https://www.wandtv.com/news/police-threats-to-springfield-schools-made-online/article_f21ce106-57b9-11ec-af41-abe91dc7e689.html,0,link is dead
https://www.wfmj.com/story/45405225/student-charged-after-alleged-threats-to-canfield-middle-school,0,link is dead
https://www.wxyz.com/news/dozens-of-students-charged-with-making-threats-to-schools-in-metro-detroit-after-oxford,374,ok
http://www.wrjc.com/news/local-news/statement-from-royall-schools-on-threat-made/,0,link is dead
https://www.msn.com/en-us/news/us/vernon-student-arrested-in-connection-with-school-threats/ar-AARCznV,0,page opened but no article text
https://www.grandhaventribune.com/news/law_enforcement/muskegon-county-forms-task-force-to-deal-with-school-threats/article_efa5dcde-aa5d-52a1-9ede-54f65cc38817.html,0,link is dead
https://www.fox5dc.com/news/fairfax-teen-arrested-after-posting-threats-photo-of-gun-online-toward-loudoun-county-school,164,ok
https://gazette.com/news/crime/numerous-threats-made-against-high-school-in-denver/article_f3fc5522-585b-11ec-bb07-5318dcb6c8d0.html,361,ok
https://www.msn.com/en-us/news/crime/whitman-middle-school-student-13-arrested-after-threatening-to-shoot-classmates-police/ar-AARA8Zr,0,page opened but no article text
https://cumberlink.com/news/local/education/police-continue-to-investigate-threats-of-violence-at-mechanicsburg-middle-school/article_6f9bdffa-8040-583c-b617-e9915a821c51.html,0,link is dead
https://www.portlandmercury.com/blogtown/2021/12/07/37247622/good-afternoon-news-roosevelt-high-school-placed-on-lockdown-state-sent-bad-checks-to-renters-and-cyclone-hits-hawaii,574,ok
https://www.am1090theflag.com/news/local-news/40152-two-juvenile-residents-in-custody-after-threatening-cheney-middle-school,628,ok
http://thepeoplestribune.com/2021/12/08/parents-seek-answers-from-bowling-green-high-school-staff-after-alleged-shooting-threat/,1428,ok
https://www.cadillacnews.com/news/marion-public-schools-send-students-home-close-district-until-monday-after-threat-received/article_d29bbc1a-584c-11ec-9f86-57a3c643d64b.html,0,link is dead
https://www.fox17online.com/news/local-news/lakeshore/muskegon/my-office-does-not-treat-it-as-a-joke-muskegon-county-prosecutor-reacts-to-rise-in-school-threats,338,ok
https://www.candgnews.com/news/troy-schools-respond-to-threats-in-the-wake-of-oxford-shooting-122272,0,link is dead
https://www.fox61.com/article/news/local/13-year-old-arrested-online-threats-against-hamden-schools/520-ff5bf55c-a6d5-48ac-a275-1aa8674e6ef4,0,link is dead
https://www.ksdk.com/article/news/local/man-arrested-terrorist-threat-festus-high-school/63-c8f01122-93a3-436a-9128-a036852c6bd0,0,link is dead
https://www.monroenews.com/story/news/2021/12/07/threats-close-monroe-high-schools-teen-arrested/6416468001/,764,ok
https://www.stardem.com/news/easton-high-school-evacuated-for-bomb-threat-all-clear-given-in-afternoon/article_5c8b94d2-64c6-5dd5-b54a-812f3a5051f2.html,0,link is dead
https://www.620ckrm.com/2021/12/08/no-threats-found-after-warman-high-school-went-into-lockdown-mode-tuesday-afternoon/,69,ok
https://991kggi.iheart.com/featured/odm-voice-of-thee-i-e/content/2021-12-08-student-arrested-at-ontario-middle-school-for-gun-threat/,0,link is dead
https://www.ontarioca.gov/press_releases/update-opd-school-threat-investigation,109,ok
https://www.nbcwashington.com/news/local/northern-virginia/teen-arrested-after-making-threats-on-social-media-against-virginia-middle-school-police/2904041/,196,ok
https://knoxradio.com/2021/12/07/officials-investigate-shooting-threat-at-wf-middle-school/,152,ok
https://www.montanarightnow.com/great-falls/gfps-superintendent-speaks-on-recent-school-threat-investigation/article_365f187a-57bf-11ec-8fb7-87d7337a6ac2.html,513,ok
http://www.courant.com/breaking-news/hc-br-hamden-high-school-security-metal-detectors-threats-20211208-ncnwlvdimfblxbivfazxyglj3e-story.html,656,ok
https://www.shorelinemedia.net/oceanas_herald_journal/news/area-schools-enter-soft-lockdown-after-receiving-anonymous-threat/article_362ed0ac-1aac-5329-a33c-ac4994001d04.html,0,link is dead
https://dailyvoice.com/connecticut/fairfield/schools/shots-fired-outside-ct-schools-lead-to-soft-lockdown/821463/,0,link is dead
https://www.heraldpalladium.com/news/regional/students-charged-in-school-threats-face-court-hearings/article_0644486f-3439-56c0-baa4-8e7034eab2d2.html,0,link is dead
https://www.buckscountycouriertimes.com/story/news/2021/12/08/bristol-borough-hit-latest-threat-shoot-up-high-school/6435027001/,356,ok
https://www.wmdt.com/2021/12/14-year-old-charged-following-bomb-threat-at-easton-high-school/,203,ok
https://www.msn.com/en-us/news/crime/teen-arrested-after-making-threats-on-social-media-against-virginia-middle-school-police/ar-AARBWea,0,page opened but no article text
https://www.wnep.com/article/news/local/schuylkill-county/student-in-schuylkill-county-suspended-arrested-after-alleged-threats-blue-mountain-school-district/523-a196ef13-3b59-4fed-8c83-898241f76d08,0,link is dead
https://news.yahoo.com/increased-patrols-fairfield-schools-threat-150038852.html,171,ok
https://paherald.sk.ca/2021/12/07/warman-high-school-lockdown-lifted-after-rcmp-search/,0,link is dead
https://www.9and10news.com/2021/12/07/gt-prosecutor-taking-school-threat-cases-seriously/,563,ok
https://www.nbcconnecticut.com/news/local/13-year-old-arrested-in-connection-with-new-haven-school-threats/2667624/,366,ok
https://www.am1100theflag.com/news/local-news/40152-two-juvenile-residents-in-custody-after-threatening-cheney-middle-school,0,link is dead
https://www.cfnrfm.ca/2021/12/08/lifted-vague-online-threat-prompts-brief-hold-and-secure-warning-at-kitimat-schools/,154,ok
https://finance.yahoo.com/news/glenwood-high-school-soft-lockdown-180104232.html,406,ok
https://www.wfdd.org/story/michigan-schools-are-figuring-out-how-respond-flood-shooting-threats,0,link is dead
https://www.wxow.com/townnews/school/update-district-onalaska-middle-school-threats-resolved-classes-resume-wednesday/article_6a6c115c-5799-11ec-94f5-6b24d9456139.html,417,ok
https://www.insidenova.com/headlines/fairfax-18-year-old-charged-with-threatening-loudoun-school/article_9e362ba4-57e3-11ec-a184-438e6e0a0fe7.html,0,link is dead
https://www.beaumontenterprise.com/news/article/BISD-s-King-Middle-School-goes-into-lockdown-16685171.php,62,ok
https://www.13newsnow.com/article/news/crime/grafton-high-school-yorktown-threats-arrests/291-6e75ffea-9ff4-4ec0-880f-abef2e8926b6,0,link is dead
https://www.wboc.com/story/45404580/student-arrested-for-easton-high-school-bomb-threat,0,link is dead
https://www.wmay.com/2021/12/07/two-more-students-arrested-for-online-threats-targeting-schools/,111,ok
https://www.fox5atlanta.com/news/loganville-high-school-student-accused-of-terroristic-threats,81,ok
https://www.surfsantamonica.com/ssm_site/the_lookout/news/News-2021/December-2021/12_07_2021_Santa_Monica_Schools_Take_Precautions_After_Perceived_Threats.html,0,link is dead
https://wina.com/news/064460-three-juveniles-charged-in-two-separate-threats-to-albemarle-county-high-schools/,0,link is dead
https://www.wandtv.com/news/juvenile-arrested-after-threat-made-against-chatham-school/article_52a7d388-585e-11ec-9103-f35f35f51730.html,0,link is dead
https://www.chron.com/news/article/Students-charged-in-school-threats-face-court-16685499.php,0,link is dead
https://www.fox10phoenix.com/news/13-year-old-arrested-accused-of-threatening-camp-verde-school-shooting,168,ok
https://www.wcsy.com/2021/12/07/amid-school-threats-sheriff-asks-parents-to-talk-to-their-kids/,229,ok
https://kfgo.com/2021/12/08/two-suspects-identified-and-taken-into-custody-related-to-school-violence-threat/,231,ok
https://banana1015.com/7-genesee-county-students-have-been-charged-for-making-school-threats/,315,ok
https://www.waer.org/2021-12-08/michigan-schools-are-figuring-out-how-to-respond-to-a-flood-of-shooting-threats,596,ok
https://www.stltoday.com/news/local/crime-and-courts/festus-man-charged-after-reportedly-threatening-to-shoot-high-school-students/article_f6c1e0f5-ab78-513d-9948-222268f14ced.html,0,link is dead
https://www.alabamanews.net/2021/12/08/goodwyn-middle-school-put-on-lockdown-after-weapon-found/,111,ok
https://www.wrkf.org/2021-12-08/michigan-schools-are-figuring-out-how-to-respond-to-a-flood-of-shooting-threats,596,ok
https://927thevan.com/2021/12/08/ottawa-co-school-threats-investigated/,87,ok
https://971kissfm.com/billings-montana-police-investigating-threat-skyview-high-school-social-media/,287,ok
https://dailyvoice.com/connecticut/westport/schools/three-ct-high-schools-enter-lockdown-on-same-day-due-to-separate-threats/821368/,0,link is dead
https://www.washingtonexaminer.com/news/crime/missouri-man-allegedly-threatens-to-shoot-high-schoolers-in-the-name-of-kyle-rittenhouse,92,ok
https://krdo.com/news/2021/12/08/social-media-trend-blamed-for-rash-of-school-threats/,433,ok
https://www.firstcoastnews.com/article/news/crime/lockdown-lifted-at-ponte-vedra-elementary-school-after-nearby-shooting-incident/77-53c129cd-4f79-46ad-8c8b-bd9f679c5323,0,link is dead
https://nj1015.com/weapon-brought-to-lawrence-high-school-in-nj-prompts-lockdown/,401,ok
https://www.journalinquirer.com/towns/manchester/school-officials-address-manchester-high-threats/article_a625663a-5843-11ec-90cc-33fa61573efa.html,1489,ok
https://www.ckom.com/2021/12/07/threat-sends-warman-high-school-into-lockdown/,108,ok
https://www.timesargus.com/news/local/vsp-threat-made-at-twinfield-school-operating-as-normal/article_bc94613c-7fa3-5d42-bfc9-c8a26f9547e6.html,0,link is dead
https://www.wqcs.org/2021-12-08/michigan-schools-are-figuring-out-how-to-respond-to-a-flood-of-shooting-threats,596,ok
https://froggyweb.com/2021/12/08/two-juvenile-suspects-identified-and-taken-into-custody-for-west-fargo-school-violence-threat/,230,ok
https://www.stardem.com/news/easton-high-school-lockdown-ended-after-threat-deemed-not-credible/article_f9dc0740-8e03-5727-ada8-946bb3cacab3.html,400,ok
https://wncy.com/2021/12/08/arrest-made-after-threatening-note-found-at-weyauwega-fremont-schools/,456,ok
https://www.sfgate.com/news/article/Students-charged-in-school-threats-face-court-16685499.php,0,link is dead
https://www.inforum.com/7312248-Two-juveniles-in-custody-for-making-online-threats-directed-at-West-Fargo-middle-school,887,ok
https://www.fox17online.com/news/local-news/lakeshore/muskegon/charges-in-whitehall-school-threat-forwarded-to-muskegon-county-prosecutor,101,ok
https://740thefan.com/2021/12/08/update-two-juvenile-suspects-identified-and-taken-into-custody-for-west-fargo-school-violence-threat/,230,ok
https://www.gazettextra.com/news/education/milton-middle-school-officials-police-respond-to-students-threat/article_8cd620df-bb94-569b-9229-35df56212b03.html,0,link is dead
http://www.courant.com/news/connecticut/hc-news-connecticut-farmington-schools-threat-20211208-nvtzxjrl5rbb3etqdema2kknqy-story.html,651,ok
https://www.msn.com/en-us/news/crime/milton-s-pierce-middle-school-goes-into-lockdown-after-phone-charger-mistaken-for-gun/ar-AARCejO,0,page opened but no article text
https://www.thechiefnews.com/news/school-threat-incident-at-local-school-under-investigation/article_9aacef38-584a-11ec-8198-631515f0cd83.html,0,link is dead
https://www.timesunion.com/news/article/Students-charged-in-school-threats-face-court-16685499.php,0,link is dead
https://www.983thecoast.com/2021/12/07/amid-school-threats-sheriff-asks-parents-to-talk-to-their-kids/,0,link is dead
https://www.abc12.com/news/crime/former-owosso-student-facing-charges-after-school-threat/article_378f1f20-584a-11ec-893e-97622dbe34ab.html,0,link is dead
https://www.columbian.com/news/2021/dec/08/seattle-student-arrested-accused-of-threatening-a-shooting-at-his-middle-school/,91,ok
https://observer.ug/news/headlines/72120-lockdown-more-boys-than-girls-dropped-out-of-ugandan-schools,739,ok
https://www.fox17online.com/news/local-news/michigan/newaygo/they-think-its-a-joke-newaygo-parents-not-laughing-at-increase-in-school-threats,239,ok
https://www.wzzm13.com/article/news/freshman-at-oakridge-high-school-made-threat-to-school-district-investigation-finds/69-80d1682d-b422-467f-9724-2382342496e0,0,link is dead
https://www.msn.com/en-us/news/crime/two-suspects-identified-and-taken-into-custody-related-to-school-violence-threat/ar-AARzZSy,0,page opened but no article text
https://augustafreepress.com/albemarle-county-police-charge-three-in-threats-at-high-schools/,0,page opened but no article text
https://www.wivk.com/2021/12/08/police-say-two-students-are-responsible-shooting-threat-at-oak-ridge-high-school/,0,link is dead
https://www.wbfo.org/education/2021-12-08/lockport-schools-remain-in-remote-mode-due-to-threats,190,ok
https://www.msn.com/en-us/news/us/social-media-threat-prompts-increased-police-presence-at-north-high-school-wednesday/ar-AARBGbe,0,page opened but no article text
https://club937.com/7-genesee-county-students-have-been-charged-for-making-school-threats/,315,ok
https://wtaq.com/2021/12/08/arrest-made-after-threatening-note-found-at-weyauwega-fremont-schools/,457,ok
https://www.kake.com/story/45392949/assistant-superintendent-proud-of-students-for-reporting-fake-threat-made-at-school,0,link is dead
https://localnews8.com/news/2021/12/07/arrests-highly-likely-as-state-police-follow-up-on-leads-related-to-recent-school-threats/,1062,ok
https://www.wtae.com/article/brownsville-elementary-school-placed-on-lockdown-after-call-to-911-mentioning-gun-was-traced-to-school/38453105,204,ok
https://www.fox61.com/article/news/local/another-student-arrested-threats-to-new-haven-schools/520-63426237-36e2-49a1-b16f-a9639252a2a5,0,link is dead
https://www.leadertelegram.com/news/daily-updates/threat-involving-north-high-school-wednesday-unsubstantiated-officials-say/article_5f34c45d-a6bd-5d70-b3be-1c2605f70b38.html,0,link is dead
https://www.nbcconnecticut.com/news/local/13-year-old-charged-with-making-hamden-school-threats/2668109/,139,ok
https://www.wshu.org/connecticut-news/2021-12-08/connecticut-police-investigate-multiple-threats-to-schools-tied-to-social-media-trend,141,ok
https://www.tpr.org/2021-12-08/michigan-schools-are-figuring-out-how-to-respond-to-a-flood-of-shooting-threats,596,ok
https://www.ypradio.org/2021-12-08/michigan-schools-are-figuring-out-how-to-respond-to-a-flood-of-shooting-threats,596,ok
https://www.abc57.com/news/threats-of-violence-continue-at-berrien-county-schools,364,ok
https://gazette.com/news/parents-of-chinook-trail-middle-school-worried-over-threats-despite-schools-assurances/article_7df4cf1e-57d7-11ec-a782-3f8cc3e5270a.html,0,link is dead
https://www.mysanantonio.com/news/local/article/Fredericksburg-middle-school-student-threats-16682357.php,240,ok
https://www.wnmufm.org/2021-12-08/michigan-schools-are-figuring-out-how-to-respond-to-a-flood-of-shooting-threats,596,ok
https://wtax.com/news/101101-school-threatened-with-gun-violence/,0,link is dead
https://kingfm.com/cheyenne-high-school-increases-police-presence-after-threat/,184,ok
https://www.kezi.com/content/news/Concerned-SEHS-parent-speaks-out-about-school-threats--575879631.html,0,link is dead
https://www.mojo1029.com/2021/12/07/franklin-police-investigates-recent-school-threats/,0,link is dead
https://www.wvnews.com/theet/morgantownnews/news/monongalia-county-west-virginia-schools-superintendent-addresses-recent-threats-received-in-wake-of-michigan-school/article_c5708a78-5844-11ec-9d8e-1b78badfe7d9.html,0,link is dead
https://www.newsdakota.com/2021/12/08/two-arrested-after-west-fargo-school-shooting-threat/,143,ok
https://www.niagara-gazette.com/news/crime/police-arrest-high-school-student-in-lockport-social-media-threats/article_89943540-585d-11ec-b767-9f8680b57be6.html,0,link is dead
http://www.msn.com/en-nz/news/us/a-texas-student-was-expelled-and-may-face-criminal-charges-for-making-threats-to-their-school-police-say/ar-AARCyxl,0,page opened but no article text
https://www.fox17online.com/news/local-news/lakeshore/muskegon/muskegon-co-prosecutor-charges-9-juveniles-with-making-school-threats,205,ok
https://y94.com/2021/12/08/two-juvenile-suspects-identified-and-taken-into-custody-for-west-fargo-school-violence-threat/,230,ok
https://www.startribune.com/threat-pushes-northeast-middle-school-into-distance-learning/600124956/,0,link is dead
https://www.candgnews.com/news/two-rcs-schools-enter-lockdown-after-student-finds-suspicious-note-122257,0,link is dead
https://pamplinmedia.com/pt/9-news/530206-424105-portland-high-school-put-on-lockdown-over-student-with-weapon,0,link is dead
https://y95country.com/cheyenne-high-school-increases-police-presence-after-threat/,184,ok
https://www.wnep.com/article/news/local/northumberland-county/milton-area-school-district-closed-on-wednesday-threats/523-70f50708-1e7e-4a38-aff1-6eb9e7de9a44,0,link is dead
https://www.therepublic.com/2021/12/08/school-resource-officers-investigate-reported-threats-at-high-schools/,315,ok
https://wydaily.com/alerts/2021/12/08/ypso-takes-three-grafton-high-school-students-into-custody-for-threatening-text-messages/,0,page opened but no article text
https://www.lockportjournal.com/news/local_news/threats-send-schools-to-remote-learning/article_b5289252-ab70-5b4f-b3e5-dc2411682f77.html,612,ok
https://patch.com/new-york/smithtown/threats-reported-smithtown-schools-police-investigating,356,ok
https://www.wtkr.com/news/3-york-co-students-taken-into-custody-after-allegedly-exchanging-texts-threatening-grafton-school-complex,217,ok
https://kvia.com/news/education/2021/12/07/increase-in-borderland-school-lockdowns-takes-mental-toll-on-students/,1062,ok
https://www.cadillacnews.com/news/more-details-released-regarding-missaukee-county-school-shooting-threat/article_f45e33ae-56d1-11ec-8fbe-c35445fe902c.html,0,link is dead
https://www.11alive.com/article/news/local/loganville-high-school-atlanta-public-schools-student-arrested-threats/85-23e5e8ec-3f51-499b-b361-45ddd5109579,0,link is dead
https://www.am1100theflag.com/news/local-news/40169-west-fargo-schools-issue-statement-on-parent-concerns-for-shooting-threats,0,link is dead
https://wpst.com/weapon-brought-to-lawrence-high-school-in-nj-prompts-lockdown/,401,ok
https://www.wvnews.com/statejournal/morgantownnews/news/monongalia-county-west-virginia-schools-superintendent-addresses-recent-threats-received-in-wake-of-michigan-school/article_c5708a78-5844-11ec-9d8e-1b78badfe7d9.html,844,ok
https://www.wmay.com/2021/12/08/police-investigate-another-school-threat-linked-to-social-media/,111,ok
https://www.oklahoman.com/story/news/2021/12/07/school-piedmont-high-okc-metro-threat-student-detained-law-enforcement/6422001001/,136,ok
https://www.capeandislands.org/2021-12-08/michigan-schools-are-figuring-out-how-to-respond-to-a-flood-of-shooting-threats,596,ok
https://1065thebuzz.com/2021/12/07/social-media-threats-made-against-north-high-school/,97,ok
https://www.nbcconnecticut.com/news/local/hamden-high-school-to-reopen-with-increased-security-wednesday-after-multiple-threats/2667715/,475,ok
https://www.khou.com/article/news/local/klein-isd-high-school-social-media-threats/285-bd995590-71aa-4b72-8d4f-97466b4cfc51,0,link is dead
https://www.fox2detroit.com/news/11-students-charged-for-threats-made-against-metro-detroit-schools-12th-charged-for-bringing-weapon-to-school,974,ok
https://www.wvtm13.com/article/trussville-police-investigating-shooting-threat-hewitt-trussville-middle-school/38453328,226,ok
https://www.wfae.org/united-states-world/2021-12-08/michigan-schools-are-figuring-out-how-to-respond-to-a-flood-of-shooting-threats,596,ok
https://www.abc12.com/news/crime/two-12-year-old-students-awaiting-charges-after-threatening-to-shoot-the-school/article_0b965120-57a2-11ec-9c4e-1f2b36fd15a7.html,147,ok
https://www.msn.com/en-us/news/crime/lake-county-middle-school-student-arrested-in-connection-with-reported-threats/ar-AARAzfs,0,page opened but no article text
https://www.postandcourier.com/columbia/news/another-lexington-county-student-accused-of-school-shooting-threats/article_774f2106-583f-11ec-a1b8-27f1401d0379.html,0,link is dead
https://www.breitbart.com/education/2021/12/08/palisades-high-school-parents-confront-administration-over-haphazard-threat-response/,851,ok
https://www.wzzm13.com/article/news/whitehall-student-used-social-media-to-post-threat-allegedly-didnt-want-to-go-to-school/69-e0bb5750-31f8-4439-9995-d0647ef712b6,0,link is dead
https://www.ourmidland.com/news/article/Students-charged-in-school-threats-face-court-16685499.php,0,link is dead
https://us103.com/7-genesee-county-students-have-been-charged-for-making-school-threats/,315,ok
https://www.dailyitem.com/news/update-milton-schools-moving-to-virtual-classes-tomorrow-due-to-threat-investigation/article_9263d8fc-57cb-11ec-9e13-9bdb3b6260b5.html,0,link is dead
https://www.wxyz.com/news/oxford-school-shooting/dozens-of-juveniles-charged-in-metro-detroit-after-copycat-school-threats,389,ok
https://gazette.com/news/parents-of-colorado-springs-middle-school-students-worried-over-threats-despite-schools-assurances/article_7df4cf1e-57d7-11ec-a782-3f8cc3e5270a.html,292,ok
https://www.necn.com/news/national-international/hamden-high-school-to-reopen-with-increased-security-wednesday-after-multiple-threats/2631470/,0,link is dead
https://1035thebeat.iheart.com/featured/stichiz/content/2021-12-08-florida-students-arrested-after-school-threats-drives-parents-concern/,84,ok
https://www.leadertelegram.com/news/daily-updates/threat-seemingly-involving-north-high-school-unsubstantiated-school-officials-say/article_5f34c45d-a6bd-5d70-b3be-1c2605f70b38.html,0,link is dead
https://www.ksmu.org/2021-12-08/michigan-schools-are-figuring-out-how-to-respond-to-a-flood-of-shooting-threats,596,ok
https://www.businessinsider.com.au/qanon-queen-of-canada-fan-arrested-school-threat-police-said-2021-12,0,link is dead
https://www.msn.com/en-us/news/us/13-year-old-arrested-in-connection-with-new-haven-school-threats/ar-AARAn6W,0,page opened but no article text
https://www.fox29.com/news/student-with-weapon-caused-new-jersey-high-school-to-lockdown,249,ok
https://www.wral.com/hoax-school-threats-cost-time-money-but-nc-sheriff-can-t-get-help-when-calls-come-from-out-of-state/20024247/,368,ok
https://wxerfm.com/2021/12/07/social-media-threats-made-against-north-high-school/,97,ok
https://www.portlandmercury.com/blogtown/2021/12/07/37247622/good-afternoon-news-roosevelt-high-school-placed-on-lockdown-state-sent-bad-checks-to-renters-and-cyclone-hits-hawaii/comments,574,ok
https://www.wral.com/hoax-school-threats-cost-time-money-but-few-face-charges/20024744/,398,ok
https://www.columbian.com/news/2021/dec/07/evergreen-threat-against-east-vancouver-middle-school-not-credible/,81,ok
https://www.kake.com/story/45390260/high-school-in-ct-to-upgrade-mental-health-services-security-following-threats,0,link is dead
https://wixx.com/2021/12/08/arrest-made-after-threatening-note-found-at-weyauwega-fremont-schools/,456,ok
https://www.erienewsnow.com/story/45404262/police-investigate-west-lake-middle-school-threats,0,link is dead
https://www.midfloridanewspapers.com/ap/politics/students-charged-in-school-threats-face-court-hearings/article_16fc97c4-59aa-502b-ae70-907bef718f1e.html,0,link is dead
https://www.abc57.com/news/criminal-charges-eligible-for-individuals-that-make-violent-school-threats-in-michigan,57,ok
https://www.fox17online.com/news/local-news/lakeshore/muskegon/student-facing-expulsion-after-authorities-investigate-threats-towards-oakridge-public-schools,172,ok
https://www.kvrr.com/2021/12/07/update-two-juveniles-taken-into-custody-for-threats-against-cheney-middle-school/,0,link is dead
https://www.fox5atlanta.com/news/man-arrested-for-threating-school-administrator-officials-say,109,ok
https://www.kcentv.com/article/news/local/midway-isd-addresses-mental-health-after-life-school-threat/500-d71a2dbf-06d7-49d0-b70c-f9022d32627d,0,link is dead
https://www.inforum.com/west-fargo/7312248-UPDATE-Two-juveniles-in-custody-for-making-online-threats-directed-at-Cheney-Middle-School-students-to-return-to-classrooms-Wednesday,0,link is dead
https://www.monroenews.com/story/news/2021/12/08/huron-student-makes-threat-against-school/6439315001/,125,ok
https://www.abc12.com/news/threat-made-at-hamady-high-school-leads-to-student-arrest/article_087a17a2-57a6-11ec-aca7-2b5d9854a943.html,0,link is dead
https://www.wyomingnews.com/news/in_our_schools/social-media-post-of-threatening-nature-brought-to-east-highs-attention/article_fb934a49-ffe4-541d-a29a-37d8fe2bd297.html,174,ok
https://www.fox17online.com/news/local-news/barry/barry-co-teen-accused-of-making-violent-threats-toward-high-school,66,ok
https://www.dailyitem.com/news/update-milton-schools-all-virtual-wednesday-superintendent-says-threat-source-idd/article_9263d8fc-57cb-11ec-9e13-9bdb3b6260b5.html,0,link is dead
https://duke.fm/2021/12/08/arrest-made-after-threatening-note-found-at-weyauwega-fremont-schools/,456,ok
https://www.omakchronicle.com/news/schools-police-respond-to-threats/article_36bc4810-585a-11ec-8737-cf5b75a658a8.html,0,link is dead
https://www.kshb.com/news/local-news/lees-summit-middle-school-latest-to-receive-threat-of-violence,103,ok
https://www.wlwt.com/article/fairfield-city-schools-increasing-police-patrols-following-threat-made-on-social-media/38460673,150,ok
https://www.nbcconnecticut.com/news/local/vernon-student-arrested-in-connection-with-school-threats/2668254/,133,ok
https://www.grandhaventribune.com/news/law_enforcement/mona-shores-student-posted-threat-because-he-didn-t-want-to-go-to-school-police/article_3b61bcb1-f26b-5423-a225-c3f8ea72d01c.html,1137,ok
https://news.yahoo.com/man-threatens-school-shooting-name-225738893.html,292,ok
https://www.wjcl.com/article/false-weapon-threat-richmond-hill-high-school/38461715,223,ok
https://www.kvnf.org/2021-12-08/michigan-schools-are-figuring-out-how-to-respond-to-a-flood-of-shooting-threats,596,ok
https://www.wsjm.com/2021/12/07/amid-school-threats-sheriff-asks-parents-to-talk-to-their-kids/,229,ok
https://dailyvoice.com/new-york/clarkstown/police-fire/high-school-student-arrested-for-making-terroristic-threats-in-area/821527/,0,link is dead
https://www.9and10news.com/2021/12/08/newaygo-schools-in-secure-mode-as-law-enforcement-investigate-threat/,0,link is dead
https://www.southcarolinapublicradio.org/2021-12-08/michigan-schools-are-figuring-out-how-to-respond-to-a-flood-of-shooting-threats,596,ok
https://www.wwno.org/npr-news/2021-12-08/michigan-schools-are-figuring-out-how-to-respond-to-a-flood-of-shooting-threats,596,ok
https://www.wboc.com/story/45393127/police-investigate-easton-high-school-bomb-threat-given-all-clear,0,link is dead
https://kowb1290.com/cheyenne-high-school-increases-police-presence-after-threat/,184,ok
https://www.fox17online.com/news/dozens-of-students-charged-with-making-threats-to-schools-in-metro-detroit-after-oxford,374,ok
https://www.kvrr.com/2021/12/08/parents-not-convinced-that-shooting-threat-is-resolved-at-cheney-middle-school/,0,link is dead
https://calcoastnews.com/2021/12/school-threats-included-photo-of-gun-toting-arroyo-grande-student/,353,ok
https://943jackfm.com/2021/12/08/arrest-made-after-threatening-note-found-at-weyauwega-fremont-schools/,456,ok
https://wild1063.iheart.com/featured/stichiz/content/2021-12-08-florida-students-arrested-after-school-threats-drives-parents-concern/,84,ok
https://www.whqr.org/national/2021-12-08/michigan-schools-are-figuring-out-how-to-respond-to-a-flood-of-shooting-threats,596,ok
https://mynorthwest.com/3271371/seattle-teen-arrested-school-threat/,175,ok
https://www.inforum.com/news/crime-and-courts/7313633-Law-enforcement-officials-investigating-North-Border-School-threat,124,ok
https://japantoday.com/category/crime/knife-wielding-boy-arrested-after-threatening-elementary-school-girl,331,ok
https://www.fox7austin.com/news/increase-police-presence-at-lake-travis-high-school-following-threat,406,ok
https://www.pressherald.com/2021/12/08/leonard-pitts-in-wake-of-yet-another-school-shooting-the-real-threat-to-kids-is-a-book/,596,ok
https://www.kasu.org/2021-12-08/michigan-schools-are-figuring-out-how-to-respond-to-a-flood-of-shooting-threats,596,ok
https://www.kwit.org/2021-12-08/michigan-schools-are-figuring-out-how-to-respond-to-a-flood-of-shooting-threats,596,ok
https://www.kccu.org/u-s/2021-12-08/michigan-schools-are-figuring-out-how-to-respond-to-a-flood-of-shooting-threats,596,ok
https://www.myeasternshoremd.com/kent_county_news/news/easton-high-school-evacuated-for-bomb-threat-all-clear-given-after-search/article_a246df25-8d5e-59ec-93f6-b45091e522d5.html,0,link is dead
https://www.fox5atlanta.com/news/police-investigating-grayson-high-school-threat,287,ok
https://www.whec.com/news/lockport-city-schools-turn-to-remote-learning-due-to-recent-social-media-threats/6325346/?cat=565,41,ok
https://www.wandtv.com/news/police-teen-arrested-for-school-gun-violence-threat/article_f15afec0-579a-11ec-a2be-9764954b0dc2.html,0,link is dead
https://www.waaytv.com/content/news/Colbert-County-student-charged-after-threatening-note-found-in-school-bathroom-575878551.html,903,ok
https://www.inforum.com/7312248-UPDATE-Two-juveniles-in-custody-for-making-online-threats-directed-at-Cheney-Middle-School-students-to-return-to-classrooms-Wednesday,0,link is dead
https://www.observer.ug/news/headlines/72120-lockdown-more-boys-than-girls-dropped-out-of-ugandan-schools,0,link is dead
https://ckxsfm.com/chatham-high-school-placed-in-lockdown/,185,ok
https://www.cincinnati.com/story/news/crime/2021/12/08/increased-patrols-fairfield-schools-after-threat-posted-social-media/6431006001/,153,ok
https://www.coladaily.com/communities/lexington/lexington-county-middle-school-student-threatened-classmates-lcsd-says/article_12c76770-5844-11ec-beff-b706bfab110b.html,0,link is dead
https://www.loudountimes.com/news/fairfax-man-arrested-after-allegedly-posting-threats-toward-loudoun-middle-school/article_ecd604fc-5840-11ec-b101-db8cb72fac77.html,904,ok
https://www.monroenews.com/story/news/2021/12/08/local-school-districts-see-more-false-threats/6432411001/,538,ok
https://www.nhregister.com/metro/article/Cops-Juvenile-arrested-in-Hamden-school-threat-16685351.php,418,ok
https://www.wusa9.com/article/news/police/fairfax-county-18-year-old-posted-social-media-threats-towards-school-arrested/65-14a709c2-3eeb-4dde-af44-8a901b306bb1,0,link is dead
https://www.msn.com/en-us/news/crime/missouri-man-charged-with-threatening-to-shoot-high-school-students-in-the-name-of-kyle-rittenhouse/ar-AAREHIj,0,page opened but no article text
https://www.wvtf.org/2021-12-08/michigan-schools-are-figuring-out-how-to-respond-to-a-flood-of-shooting-threats,596,ok
https://www.sam1039.com/2021/12/09/perceived-threat-investigated-at-middlesboro-high-school/,0,link is dead
http://www.khits.com/story/61b18b26b7a7510c38f8dd1e/wagoner-public-schools-says-it-is-aware-of-recent-threats-on-social-media,0,link is dead
https://www.wlwt.com/article/school-threat-in-cincinnati-contagion-factor/38464867,350,ok
https://www.kcra.com/article/police-lincoln-high-school-lockdown-after-reports-firearm-campus/38476486,372,ok
https://1350kman.com/breaking-rcpd-investigating-possible-threat-at-eisenhower-middle-school/,0,link is dead
https://www.inforum.com/news/crime-and-courts/7315459-1-arrested-in-connection-with-North-Border-School-threat,88,ok
https://www.wkyc.com/article/news/local/summit-county/mogadore-police-department-high-school-threats/95-9700b2ec-ea3c-442e-ab62-1ef8e2e6ce6d,0,link is dead
https://www.tonyskansascity.com/2021/12/kansas-city-metro-school-threats.html,198,ok
https://www.kxly.com/wilbur-creston-school-district-student-accused-of-making-possible-threat-put-on-emergency-exulsion/,0,link is dead
https://dailyvoice.com/connecticut/trumbull/schools/three-ct-high-schools-enter-lockdown-on-same-day-due-to-separate-threats/821368/,0,link is dead
https://www.amestrib.com/story/news/2021/12/09/rumors-violent-threat-ames-high-school-unfounded-police-say/6449315001/,407,ok
https://www.wsjm.com/2021/12/09/coloma-high-school-student-take-into-custody-after-possible-threat/,154,ok
https://www.stamfordadvocate.com/news/article/CT-school-threats-may-show-lack-of-awareness-of-16689296.php,1430,ok
https://wjon.com/cold-spring-police-investigating-threat-to-rocori-schools/,117,ok
https://www.omakchronicle.com/news/alleged-threats-made-against-grand-coulee-schools/article_abe549de-5913-11ec-a230-2b795f943551.html,611,ok
https://www.wtkr.com/news/southampton-high-school-placed-on-lockdown-sheriffs-office-searching-campus-after-report-of-student-with-weapon,176,ok
https://www.ifiberone.com/south_sound/columbia_basin/student-identified-in-threats-made-against-quincy-middle-school-other-students/article_7e599d2c-591c-11ec-aee3-07645c7e0d1e.html,0,link is dead
https://www.mysanantonio.com/news/local/article/La-Grange-school-student-arrested-TikTok-threat-16688308.php,232,ok
https://www.abc10.com/article/news/local/lincoln/lincoln-high-school-lockdown-weapon/103-8f85e331-2628-4ab2-8437-ec8539d520d5,0,link is dead
https://wincountry.com/2021/12/09/parchment-high-school-closed-thursday-due-to-alleged-threat/,172,ok
https://www.heraldbulletin.com/indiana/news/lebanon-school-police-receive-reports-of-threats/article_8e3004f7-37d1-51a5-9156-5a4fdb94b3e9.html,0,link is dead
https://www.wtma.com/news/several-berkeley-county-schools-on-lockdown-due-to-law-enforcement-activity-nearby/,0,link is dead
https://www.detroitnews.com/story/news/local/detroit-city/2021/12/09/officials-discuss-flurry-detroit-wayne-county-school-threats/6448060001/,583,ok
https://www.wcsy.com/2021/12/08/student-accused-of-making-threat-at-st-joseph-high-school-in-police-custody/,162,ok
https://www.redriverradio.org/2021-12-08/michigan-schools-are-figuring-out-how-to-respond-to-a-flood-of-shooting-threats,596,ok
https://www.weaa.org/2021-12-08/michigan-schools-are-figuring-out-how-to-respond-to-a-flood-of-shooting-threats,596,ok
https://www.wusa9.com/article/news/education/safety-incidents-stafford-senior-high-school-lockdown/65-5b1fcfdc-40b0-4ff2-adbc-e4d2521e9266,0,link is dead
https://auburnpub.com/news/local/education/auburn-police-school-threat-report-doesnt-appear-credible/article_586d137c-002a-5485-b2eb-aa9c1da4e605.html,0,link is dead
http://www.thebulltulsa.com/story/61b18b26b7a7510c38f8dd1e/wagoner-public-schools-says-it-is-aware-of-recent-threats-on-social-media,0,link is dead
https://www.kvor.com/2021/12/09/rumors-in-school-threats/,0,link is dead
https://www.msn.com/en-us/news/us/school-shooting-threats-found-in-beaufort-and-bluffton-school-bathrooms/ar-AAREHUL,0,page opened but no article text
https://www.fox2detroit.com/news/oxford-high-school-shooting-two-100m-lawsuits-allege-school-officials-knew-of-threats,510,ok
https://www.mdjonline.com/tribune/lifestyles/educators-report-a-rise-in-school-threats-fights-and-misbehavior-and-blame-covid/article_a6990032-633e-5992-ac5a-e91a89623223.html,0,link is dead
https://www.ourmidland.com/news/article/Cass-City-teen-charged-with-making-school-threat-16688611.php,339,ok
https://www.9and10news.com/2021/12/09/mason-county-law-enforcement-school-officials-issue-stern-warning-about-school-threats/,369,ok
https://www.gazettextra.com/news/education/milton-middle-school-officials-release-statement-about-potential-threat-to-school/article_8cd620df-bb94-569b-9229-35df56212b03.html,0,link is dead
https://news.yahoo.com/schools-law-enforcement-deal-threats-191600766.html,686,ok
https://www.wcpo.com/news/local-news/hamilton-county/fairfield/fairfield-police-ramp-up-patrols-at-school-after-threat-on-social-media,339,ok
https://nbc-2.com/news/2021/12/08/lee-county-investigates-more-school-threats-this-semester-than-entire-previous-school-year/,0,link is dead
https://tdn.com/news/local/business/threats-at-a-rainier-elementary-school-prompts-investigation/article_090c2000-f345-529e-9fe2-3739444c6e7a.html,0,link is dead
https://www.shorelinemedia.net/ludington_daily_news/news/local/officials-at-least-one-threat-to-mason-county-school-since-nov-30-ask-for-individuals/article_913813be-dbf7-5de1-9fdc-361663901a5b.html,0,link is dead
https://dailyvoice.com/connecticut/westport/police-fire/shooting-suspect-arrested-for-drive-by-shooting-that-prompted-lockdowns-at-three-ct-schools/821511/,0,link is dead
https://www.ctpost.com/news/article/Trumbull-High-School-threat-rumors-16686820.php,218,ok
https://www.jsonline.com/story/communities/northshore/news/fox-point/2021/12/08/police-maple-dale-school-receives-threat-student-taken-into-custody/6433259001/,670,ok
https://www.wsiltv.com/news/missouri/police-missouri-man-cited-rittenhouse-in-school-threat/article_b52f428f-fced-5f88-b05a-e9e660eed9c9.html,399,ok
https://www.news8000.com/students-facing-terroristic-threat-charges-following-concern-snapchat-message-at-logan-high-school/,0,link is dead
https://wcrz.com/7-genesee-county-students-have-been-charged-for-making-school-threats/,315,ok
https://www.wftw.com/news/lawsuit-mich-school-shooter-posted-threats-on-social-media-before-rampage/,0,link is dead
https://www.hawaii.edu/news/2021/12/09/hawaii-schools-need-threat-prevention-teams/,872,ok
https://river967.com/cold-spring-police-investigating-threat-to-rocori-schools/,117,ok
https://www.fox10phoenix.com/news/oxford-high-school-shooting-two-100m-lawsuits-allege-school-officials-knew-of-threats,510,ok
https://www.wbir.com/article/news/education/never-a-threat-district-responds-as-false-rumors-on-social-media-disrupt-learning-at-harlan-county-high-school/51-03dd7978-ea02-4bf4-8688-585238b863cd,0,link is dead
https://www.kazu.org/npr-news/2021-12-08/michigan-schools-are-figuring-out-how-to-respond-to-a-flood-of-shooting-threats,596,ok
https://www.wzzm13.com/article/news/local/teen-accused-of-making-threat-at-kenowa-hills-high-school-charged/69-f0963a02-23c3-45b0-860e-61c409bf0040,0,link is dead
https://www.wfmj.com/story/45407132/lowellville-schools-police-investigated-threat-found-to-not-be-accurate,0,link is dead
https://www.inforum.com/west-fargo/7314368-Despite-arrests-some-parents-opt-for-extra-day-at-home-after-Cheney-Middle-School-threat,0,link is dead
https://www.wgrz.com/article/news/local/student-making-threats-against-lockport-high-school-identified-and-charged-social-media/71-4249b27b-4511-4282-ac41-635ebed2087d,0,link is dead
http://www.baltimoresun.com/maryland/howard/cng-ho-cf-howard-high-school-lockdown-20211208-20211209-hhnotp434bfsjjg2syt3k4ket4-story.html,702,ok
https://www.ctpost.com/news/article/Fairfield-police-No-threats-to-schools-16687624.php,627,ok
https://www.fox2detroit.com/news/detroit-police-chief-wayne-county-prosecutor-to-discuss-wave-of-school-threats,347,ok
https://www.thehour.com/news/article/CT-school-threats-may-show-lack-of-awareness-of-16689296.php,1430,ok
https://www.cincinnati.com/story/news/crime/2021/12/08/reading-community-city-schools-closes-thursday-following-threats/6442954001/,238,ok
https://www.kten.com/story/45405363/students-report-threat-at-savoy-high-school,0,link is dead
https://www.msn.com/en-us/news/crime/man-threatens-school-shooting-in-the-name-of-kyle-rittenhouse-missouri-police-say/ar-AARCrNX,0,page opened but no article text
https://www.mtpr.org/2021-12-08/michigan-schools-are-figuring-out-how-to-respond-to-a-flood-of-shooting-threats,596,ok
https://toronto.ctvnews.ca/three-youth-taken-into-custody-after-replica-firearm-sends-brampton-school-into-lockdown-police-1.5700537,116,ok
https://www.sott.net/article/461757-Los-Angeles-school-board-fires-496-unvaccinated-employees-unvaccinated-students-threatened-with-already-short-staffed-independent-study,696,ok
https://wibqam.com/2021/12/09/two-local-schools-go-on-lockdown-thursday-afternoon/,0,link is dead
https://www.wvxu.org/2021-12-08/michigan-schools-are-figuring-out-how-to-respond-to-a-flood-of-shooting-threats,596,ok
https://www.wkbw.com/news/local-news/lockport-school-officials-person-responsible-for-social-media-threats-identified-and-charged,124,ok
https://www.theguardian.com/uk-news/2021/dec/09/wales-14-schools-to-add-hour-a-day-to-help-pupils-catch-up-after-lockdowns,586,ok
https://www.chillicothegazette.com/story/news/2021/12/06/threats-allegedly-made-against-paint-valley-high-school-bainbridge-monday/8890947002/,222,ok
https://www.kkoh.com/news/lawsuit-mich-school-shooter-posted-threats-on-social-media-before-rampage/,0,link is dead
https://www.krcu.org/2021-12-08/michigan-schools-are-figuring-out-how-to-respond-to-a-flood-of-shooting-threats,596,ok
https://www.am1100theflag.com/news/local-news/40218-police-west-fargo-officials-say-additional-school-shooting-threats-not,0,link is dead
https://www.wnmufm.org/education/2021-12-09/two-threats-made-toward-munising-school-result-in-lockdown-and-police-presence,146,ok
https://www.wmay.com/2021/12/09/more-juveniles-arrested-amid-rash-of-school-threats/,105,ok
https://www.laprensalatina.com/few-schools-reopening-in-panama-after-more-than-a-year-of-covid-lockdown/,0,link is dead
https://www.q13fox.com/news/oxford-high-school-shooting-two-100m-lawsuits-allege-school-officials-knew-of-threats,510,ok
https://www.fox5ny.com/news/oxford-high-school-shooting-two-100m-lawsuits-allege-school-officials-knew-of-threats,510,ok
https://www.candgnews.com/news/grosse-pointe-schools-take-additional-steps-against-threats-following-oxford-shooting-122277,0,link is dead
https://www.indexjournal.com/news/breaking/brief-lockout-lifted-after-investigation-into-possible-threat-against-ware-shoals-schools/article_d56d4027-5659-5f37-bcfb-cbf0f665a9a2.html,0,link is dead
https://abc10up.com/2021/12/08/school-threat/,0,link is dead
https://knoxradio.com/2021/12/09/juvenile-arrested-for-new-violence-threat-at-2nd-wf-middle-school/,369,ok
https://www.wcnc.com/article/news/education/potential-threat-at-piedmont-high-or-middle-school-ucps-and-sheriffs-office-investigating/275-1df31c83-c6d0-4593-89a1-bac3d522fb94,0,link is dead
https://www.msn.com/en-us/news/us/kids-as-young-as-9-have-made-copy-cat-threats-in-wake-of-michigan-school-shooting-police-say/ar-AARDZis,0,page opened but no article text
https://dailyvoice.com/connecticut/norwalk/police-fire/shooting-suspect-arrested-for-drive-by-shooting-that-prompted-lockdowns-at-three-ct-schools/821511/,0,link is dead
https://www.lansingstatejournal.com/story/news/2021/12/08/police-arrest-13-year-old-after-another-threat-maple-valley-schools/6431790001/,247,ok
http://www.orlandosentinel.com/news/seminole-county/os-ne-lyman-high-school-student-arrested-bathroom-threat-20211209-uttbwcvn55elpekc6wldaxm5fu-story.html,153,ok
https://www.krgv.com/news/mercedes-middle-school-ordered-to-shelter-in-place-after-alleged-threat,224,ok
https://www.abc10.com/article/news/crime/instagram-threats-twelve-bridges-high-school/103-a27fe64d-877d-4a12-978a-0afe06799dab,0,link is dead
https://www.abc57.com/news/berrien-county-schools-urge-continued-discussion-among-families-amid-safety-threats,274,ok
https://www.kokomotribune.com/indiana/news/lebanon-school-police-receive-reports-of-threats/article_f6f56668-4610-54fc-81ba-dc00e8c8ca74.html,0,link is dead
https://www.patriotledger.com/story/news/2021/12/09/hingham-police-visit-school-after-reference-past-shooting-threat/6446602001/,430,ok
https://www.krgv.com/news/mercedes-middle-school-ordered-to-shelter-in-place-after-alleged-threat/,224,ok
https://kgmi.com/news/007700-sehome-high-school-closed-while-bpd-investigates-lockdown-incident/,0,link is dead
https://www.fox32chicago.com/news/bomb-threat-at-a-south-deering-high-school-prompts-emergency-response-police,116,ok
https://www.waaytv.com/content/news/Law-enforcement-believes-school-threat-increases-in-Alabama-possibly-due-to-pandemic-575885161.html,903,ok
https://www.news8000.com/new-details-emerge-about-threat-that-closed-la-crosse-central-high-school/,0,link is dead
http://www.msn.com/en-us/news/crime/dozens-of-students-some-as-young-as-9-could-face-charges-amid-rash-of-school-threats-after-michigan-shooting/ar-AARExNC,0,page opened but no article text
https://www.newsradio1029.com/news/lawsuit-mich-school-shooter-posted-threats-on-social-media-before-rampage/,0,link is dead
https://www.abc12.com/news/crime/14-year-old-charged-with-threatening-schools-in-tuscola-county-more-under-investigation/article_37b6c4e6-5924-11ec-bc31-4b5dff2a885e.html,0,link is dead
https://patch.com/california/pacificpalisades/police-respond-threat-palisades-high-school,624,ok
https://www.azcentral.com/story/news/local/arizona-breaking/2021/12/08/3-arizona-schools-report-threats-shooting-2-teens-arrested/6440030001/,292,ok
https://www.abc57.com/news/student-accused-of-making-threat-at-st-joseph-high-school-in-police-custody-district-says,171,ok
https://www.mojo1029.com/2021/12/08/police-investigate-another-franklin-school-threat-juvenile-arrested/,0,link is dead
https://www.nbcconnecticut.com/news/local/suspect-in-three-hoax-threats-against-norwalk-high-school-in-custody/2668600/,209,ok
https://dailyvoice.com/new-york/whiteplains/police-fire/high-school-student-accused-of-making-terroristic-threats-in-westchester/821527/,0,link is dead
https://www.kcci.com/article/ames-community-school-district-says-threats-of-violence-unsubstantiated/38475875,123,ok
http://www.bigcountry995.com/story/61b18b26b7a7510c38f8dd1e/wagoner-public-schools-says-it-is-aware-of-recent-threats-on-social-media,0,link is dead
https://dailyvoice.com/connecticut/fairfield/police-fire/shooting-suspect-arrested-for-drive-by-shooting-that-prompted-lockdowns-at-three-ct-schools/821511/,0,link is dead
https://www.ktts.com/2021/12/08/police-missouri-man-cited-rittenhouse-in-school-threat/,162,ok
https://www.13newsnow.com/article/news/crime/southampton-high-school-lockdown-threat/291-49a13faa-bbf7-4702-974f-1d3bbe04342a,0,link is dead
https://sojo1049.com/threat-of-shooting-at-egg-harbor-township-nj-high-school-deemed-not-credible/,260,ok
https://www.sooeveningnews.com/story/news/2021/12/09/student-threat-closes-down-tahquamenon-schools/6445422001/,284,ok
https://dailyvoice.com/connecticut/fairfield/schools/two-students-arrested-after-threats-force-ct-hs-into-lockouts/821482/,0,link is dead
https://103jamz.iheart.com/content/2021-12-08-teens-arrested-threatened-to-bomb-burn-yorktowns-grafton-high-school/,32,ok
https://www.abc12.com/news/genesee-co-prosecutor-says-11-students-are-facing-charges-for-school-related-threats-with-more/article_5c39ab46-586e-11ec-82be-3754c23c3d34.html,0,link is dead
https://www.kivitv.com/news/how-idaho-school-districts-prevent-lockdown-situations,420,ok
https://www.ktvu.com/news/two-northern-california-teens-accused-of-making-social-media-threats-against-high-school,138,ok
https://www.fairfieldcitizenonline.com/news/article/Fairfield-police-No-threats-to-schools-16687624.php,617,ok
https://www.indystar.com/story/news/crime/2021/12/09/fishers-teen-charged-felony-intimidation-after-school-threat-riverside-junior-high/6449452001/,265,ok
https://froggyweb.com/2021/12/09/west-fargo-school-leaders-dispute-credibility-of-additional-school-threats/,133,ok
https://clarksvillenow.com/local/guns-in-schools-threats-prompt-need-for-more-active-shooter-training-at-cmcss-opinion/,465,ok
https://www.freep.com/story/news/local/michigan/detroit/2021/12/09/oxford-school-shooting-threats-detroit-police-kym-worthy/6450904001/,410,ok
https://www.wamc.org/2021-12-08/michigan-schools-are-figuring-out-how-to-respond-to-a-flood-of-shooting-threats,596,ok
https://www.hollandsentinel.com/story/news/state/2021/12/09/9-muskegon-county-students-face-charges-threats-made-against-schools/6445536001/,293,ok
https://observer-reporter.com/michigan-school-shooting-shows-how-violence-can-transition-from-online-threats-to-real-world-tragedy/article_51039426-5869-11ec-92b0-57d02e257e87.html,0,link is dead
https://www.reporter.net/news/local_news/lebanon-school-police-receive-reports-of-threats/article_d33bf7ae-585e-11ec-8231-0ff8830794d8.html,0,link is dead
https://www.thechronicleonline.com/news/school-threats-2-separate-incidents-this-week-in-columbia-county/article_0623165e-590c-11ec-b01e-8b5098d63621.html,0,link is dead
https://www.npr.org/2021/12/08/1062478288/michigan-schools-are-figuring-out-how-to-respond-to-a-flood-of-shooting-threats,697,ok
https://www.ksut.org/2021-12-08/michigan-schools-are-figuring-out-how-to-respond-to-a-flood-of-shooting-threats,596,ok
https://www.knau.org/2021-12-08/michigan-schools-are-figuring-out-how-to-respond-to-a-flood-of-shooting-threats,596,ok
https://www.kclu.org/2021-12-08/michigan-schools-are-figuring-out-how-to-respond-to-a-flood-of-shooting-threats,596,ok
https://www.wnmufm.org/education/2021-12-08/threat-locks-down-tahquamenon-area-schools-wednesday,241,ok
https://www.freep.com/story/news/local/michigan/wayne/2021/12/09/wyandotte-high-school-lockdown-fight/6448317001/,343,ok
https://www.latimes.com/california/story/2021-12-09/educators-report-rise-in-school-threats-fights-misbehavior,879,ok
https://www.msn.com/en-us/news/us/educators-report-a-rise-in-school-threats-fights-and-misbehavior-and-blame-covid/ar-AARE2jG,0,page opened but no article text
https://www.wtvq.com/meade-county-high-school-holding-classes-virtually-thursday-due-to-threat/,457,ok
https://www.ctpost.com/news/article/CT-school-threats-may-show-lack-of-awareness-of-16689296.php,1430,ok
https://www.kedm.org/npr-national-news/2021-12-08/michigan-schools-are-figuring-out-how-to-respond-to-a-flood-of-shooting-threats,596,ok
https://www.abc12.com/news/crime/genesee-county-prosecutor-says-11-students-are-facing-charges-for-school-threats/article_5c39ab46-586e-11ec-82be-3754c23c3d34.html,0,link is dead
https://www.x1071.com/2021/12/09/mmsd-mpd-find-no-credibility-behind-threat-directed-at-east-high-school/,0,link is dead
https://wkzo.com/2021/12/09/parchment-high-school-closed-thursday-due-to-alleged-threat/,173,ok
https://www.wlky.com/article/meade-county-high-school-shooting-threat/38465226,259,ok
https://www.wibc.com/news/local-indiana/fishers-13-year-old-arrested-for-school-threat/,154,ok
https://www.inforum.com/news/education/7315739-As-local-threats-and-rumors-stack-up-Moorhead-middle-school-becomes-the-latest-to-face-specter-of-violence,363,ok
https://wlds.com/parents-and-students-reminded-of-saftey-hotline-in-wake-of-school-threats-in-illinois/,0,link is dead
https://www.wksu.org/2021-12-08/michigan-schools-are-figuring-out-how-to-respond-to-a-flood-of-shooting-threats,284,ok
https://www.kcra.com/article/2-teens-elk-grove-high-school-shooting-threats-social-media/38467915,393,ok
https://www.wthr.com/article/news/crime/fishers-police-arrest-13-year-old-girl-riverside-junior-high-school-threat/531-ae8a6e61-f2b5-4af6-b75a-129018cb7410,0,link is dead
https://www.greenwichtime.com/news/article/CT-school-threats-may-show-lack-of-awareness-of-16689296.php,1430,ok
https://www.kmuw.org/2021-12-08/michigan-schools-are-figuring-out-how-to-respond-to-a-flood-of-shooting-threats,596,ok
https://news.prairiepublic.org/2021-12-08/michigan-schools-are-figuring-out-how-to-respond-to-a-flood-of-shooting-threats,596,ok
https://www.aspenpublicradio.org/2021-12-08/michigan-schools-are-figuring-out-how-to-respond-to-a-flood-of-shooting-threats,596,ok
https://www.delawareonline.com/story/news/local/delaware/2021/12/09/laurel-school-district-delaware-closed-reported-threats/6445300001/,181,ok
https://www.civilbeat.org/2021/12/hawaii-schools-need-threat-prevention-teams/,1049,ok
https://www.inforum.com/news/education/7315739-Photo-depicting-violence-not-a-threat-for-Moorhead-middle-school-officials-say,0,link is dead
https://www.news8000.com/new-details-following-threat-at-la-crosse-central-high-school/,0,link is dead
https://triblive.com/local/police-conducting-searches-at-4-pittsburgh-public-school-buildings-after-online-threat-received/,128,ok
https://sputniknews.com/20211209/now-i-am-become-death-lawsuit-says-suspect-posted-threats-just-before-shooting-in-michigan-school-1091399422.html,995,ok
https://dailyvoice.com/connecticut/darien/police-fire/shooting-suspect-arrested-for-drive-by-shooting-that-prompted-lockdowns-at-three-ct-schools/821511/,0,link is dead
https://www.wsjm.com/2021/12/08/student-accused-of-making-threat-at-st-joseph-high-school-in-police-custody/,752,ok
https://www.lex18.com/news/meade-county-high-school-transitions-to-virtual-for-dec-9-due-to-threat-of-violence,190,ok
https://www.cp24.com/news/three-youth-in-custody-after-replica-firearm-sends-brampton-school-into-lockdown-police-1.5700547,37,ok
https://www.kdrv.com/content/news/SchoolWatch-Reported-threat-at-South-Medford-High-School-not-a-criminal-matter-police-say-575886101.html,0,link is dead
https://www.wnep.com/article/news/local/schuylkill-county/9th-grader-arrested-after-making-threats-to-school-blue-mountain/523-569e5633-63e8-4283-a3dd-a417459f5627,0,link is dead
https://www.insidenova.com/headlines/infive-school-threats-data-center-approved-and-warming-up/article_29e5a0ea-57f2-11ec-a4c4-7fc02cecfe16.html,0,link is dead
https://www.insidenova.com/headlines/parents-worried-after-two-threats-in-one-day-at-stafford-high-school/article_6b90d072-58b1-11ec-8d90-2bf129be1257.html,0,link is dead
https://catcountry1073.com/threat-of-shooting-at-egg-harbor-township-nj-high-school-deemed-not-credible/,260,ok
https://www.msn.com/en-us/news/us/southwest-virginia-schools-share-plans-for-protecting-kids-after-series-of-threats/ar-AAREZDT,0,page opened but no article text
https://www.theday.com/policefirecourts/20211209/police-investigate-social-media-rumor-of-threat-in-new-london-school,0,link is dead
https://www.publicradiotulsa.org/2021-12-08/michigan-schools-are-figuring-out-how-to-respond-to-a-flood-of-shooting-threats,596,ok
https://wusfnews.wusf.usf.edu/2021-12-08/michigan-schools-are-figuring-out-how-to-respond-to-a-flood-of-shooting-threats,596,ok
https://www.mynspr.org/2021-12-08/michigan-schools-are-figuring-out-how-to-respond-to-a-flood-of-shooting-threats,596,ok
https://www.nbcmiami.com/news/local/teen-who-made-shooting-threat-at-parkland-msd-high-school-faces-judge/2637580/,155,ok
https://www.fox7austin.com/news/middle-school-student-in-texas-charged-with-making-terroristic-threat,165,ok
https://www.channel3000.com/mmsd-mpd-find-no-credibility-behind-threat-directed-at-east-high-school/,0,link is dead
https://www.detroitnews.com/story/news/local/wayne-county/2021/12/09/plymouth-canton-high-schools-lockdown-due-potential-threat/6451370001/,488,ok
https://www.983thecoast.com/2021/12/08/student-accused-of-making-threat-at-st-joseph-high-school-in-police-custody/,0,link is dead
https://www.wlwt.com/article/reading-community-city-schools-to-be-closed-thursday-due-to-potential-threat-of-violence/38466568,264,ok
https://www.9and10news.com/2021/12/09/more-schools-closed-on-thursday-due-to-threats/,111,ok
http://www.maryvilleforum.com/news/state_news/police-missouri-man-cited-rittenhouse-in-school-threat/article_77c3aa0e-dd26-5812-90c5-2c37aa550814.html,0,link is dead
https://www.wdrb.com/news/meade-county-hs-to-go-virtual-thursday-due-to-school-shooting-threat/article_8bae112c-5892-11ec-a931-1fe92c005889.html,807,ok
https://www.komu.com/news/state/police-missouri-man-cited-rittenhouse-in-school-threat/article_b02f43db-4043-590e-a588-66228afa03bc.html,0,link is dead
https://www.heraldpalladium.com/communities/coloma/coloma-high-school-student-taken-into-custody-over-threats/article_4b619c96-6ede-542e-8976-b2a2be2ad642.html,0,link is dead
https://dailyvoice.com/connecticut/newcanaan/police-fire/shooting-suspect-arrested-for-drive-by-shooting-that-prompted-lockdowns-at-three-ct-schools/821511/,0,link is dead
http://www.capitalgazette.com/maryland/cng-ho-cf-howard-high-school-lockdown-20211208-20211209-hhnotp434bfsjjg2syt3k4ket4-story.html,702,ok
https://www.lockportjournal.com/news/crime/police-arrest-high-school-student-in-lockport-social-media-threats/article_8b1b079a-585d-11ec-959e-5b5d0082cc1f.html,297,ok
https://real1051.iheart.com/featured/stichiz/content/2021-12-08-florida-students-arrested-after-school-threats-drives-parents-concern/,84,ok
https://www.kvue.com/article/news/local/la-grange-middle-school-charged-threats-on-tiktok/269-b1f0d77f-35ff-4cbf-ba8e-738bdc46b52c,0,link is dead
https://www.grandforksherald.com/news/crime-and-courts/7315459-1-arrested-in-connection-with-North-Border-School-threat,88,ok
https://www.wivk.com/2021/12/09/three-juveniles-are-charged-with-terrorism-among-other-charges-for-a-shooting-threat-made-at-oak-ridge-high-school-on-social-media/,0,link is dead
https://www.insidenova.com/headlines/updated-authorities-investigate-three-threats-in-one-day-at-stafford-high-school/article_6b90d072-58b1-11ec-8d90-2bf129be1257.html,0,link is dead
https://www.9and10news.com/2021/12/09/two-juveniles-charged-for-threats-towards-newaygo-county-schools/,213,ok
https://www.eastlothiancourier.com/news/19770814.jail-time-man-threatened-drag-schoolgirl-bushes-slit-throat/,390,ok
https://www.montrosepress.com/free_access/sheriff-investigating-alleged-school-shooting-threat-in-olathe-students-tip-prompted-threat-assessment-team-response/article_e88e8a3c-592a-11ec-968a-c7ec8e27af71.html,857,ok
https://www.fox7austin.com/news/oxford-high-school-shooting-two-100m-lawsuits-allege-school-officials-knew-of-threats,510,ok
https://www.kten.com/story/45405410/durant-schools-on-alert-after-social-media-threat,0,link is dead
https://www.kten.com/story/45406875/texoma-schools-on-alert-after-threats-circulate-social-media,0,link is dead
https://www.9and10news.com/2021/12/09/12-year-old-charged-in-petoskey-schools-social-media-threat/,146,ok
https://www.petoskeynews.com/story/news/2021/12/08/charlevoix-boyne-city-schools-close-due-missing-gun-threat/6430983001/,527,ok
https://www.sj-r.com/story/news/2021/12/09/sangamon-county-states-attorney-taking-school-threats-seriously/6442046001/,933,ok
https://www.wglr.com/2021/12/09/mmsd-mpd-find-no-credibility-behind-threat-directed-at-east-high-school/,0,link is dead
https://www.investmentwatchblog.com/an-indiana-school-district-hired-outside-counsel-to-threaten-a-father-for-speaking-out-against-mask-mandates/,128,ok
https://www.hometownsource.com/forest_lake_times/shooting-threat-to-school-deemed-not-credible/article_339a0100-590d-11ec-8db8-cf11600d19be.html,468,ok
https://www.wboi.org/2021-12-08/michigan-schools-are-figuring-out-how-to-respond-to-a-flood-of-shooting-threats,596,ok
https://news.wjct.org/national-news/2021-12-08/michigan-schools-are-figuring-out-how-to-respond-to-a-flood-of-shooting-threats,596,ok
https://abc10up.com/2021/12/09/munising-schools-locked-down-after-two-alleged-threats/,0,link is dead
https://kfgo.com/2021/12/09/west-fargo-school-leaders-dispute-credibility-of-additional-school-threats/,134,ok
https://www.register-herald.com/news/state_region/details-scant-in-threats-at-monroe-county-school-but-two-students-suspended/article_b08067ba-56b6-5809-9456-2e21d4ed7272.html,690,ok
https://www.hollandsentinel.com/story/news/crime/2021/12/08/police-take-zero-tolerance-approach-school-threats-continue/6415966001/,606,ok
https://www.kunm.org/npr-news/2021-12-08/michigan-schools-are-figuring-out-how-to-respond-to-a-flood-of-shooting-threats,596,ok
https://abc17news.com/news/ap-missouri/2021/12/08/police-missouri-man-cited-rittenhouse-in-school-threat/,1062,ok
https://www.petoskeynews.com/story/news/local/2021/12/09/student-suspended-charged-making-threat-petoskey-public-schools/6446535001/,1062,ok
https://www.wzzm13.com/article/news/local/licensed-counselor-explains-impact-on-students-when-threats-of-violence-happen-at-school/69-8ec41431-5b3e-4ca2-a8e0-93776b469461,0,link is dead
https://www.fox32chicago.com/news/one-student-arrested-in-woodstock-school-threat-investigation-police,231,ok
https://www.santafenewmexican.com/news/local_news/taos-high-teacher-who-spoke-out-after-school-threat-placed-on-leave/article_e804513c-5849-11ec-8b35-030c801ecd10.html,0,link is dead
https://dailyjournal.net/2021/12/09/franklin-middle-school-student-arrested-after-reported-threat/,315,ok
https://dailyvoice.com/connecticut/greenwich/police-fire/shooting-suspect-arrested-for-drive-by-shooting-that-prompted-lockdowns-at-three-ct-schools/821511/,0,link is dead
https://www.wjcl.com/article/beach-high-school-lockdown/38475080,172,ok
https://www.heraldpalladium.com/communities/st_joseph/st-joseph-high-school-student-faces-felony-charge-over-threats/article_ddbdf63f-288d-5d72-b37c-47f0dd962df7.html,931,ok
https://www.kxxv.com/brazos/police-investigating-threats-made-on-social-media-against-2-bryan-isd-schools,140,ok
https://www.iowapublicradio.org/2021-12-08/michigan-schools-are-figuring-out-how-to-respond-to-a-flood-of-shooting-threats,596,ok
https://www.cftktv.com/kitimat-schools-briefly-placed-under-hold-and-secure-this-morning-after-school-shooting-threat-1.5699682,0,link is dead
https://www.newsweek.com/michigan-county-has-charged-18-youths-ages-12-17-making-threats-against-schools-1657588,450,ok
https://wvoc.iheart.com/content/2021-12-09-lexington-county-middle-schooler-charged-for-making-threats/,73,ok
https://www.trumbulltimes.com/news/article/Fairfield-police-No-threats-to-schools-16687624.php,617,ok
https://dailyvoice.com/connecticut/norwalk/police-fire/juvenile-charged-with-making-three-phony-threats-to-norwalk-high-school/821600/,0,link is dead
https://www.michigansthumb.com/news/article/Cass-City-teen-charged-with-making-school-threat-16688611.php,339,ok
https://www.insider.com/texas-student-expelled-threats-school-social-media-police-say-2021-12,423,ok
https://www.wuft.org/nation-world/2021/12/08/michigan-schools-are-figuring-out-how-to-respond-to-a-flood-of-shooting-threats/,0,link is dead
https://www.wpsdlocal6.com/news/police-missouri-man-cited-rittenhouse-in-school-threat/article_22b36e1e-58e8-11ec-a85a-b7b3f48e240f.html,0,link is dead
https://www.fox32chicago.com/news/oxford-high-school-shooting-two-100m-lawsuits-allege-school-officials-knew-of-threats,510,ok
https://www.expressnews.com/news/local/article/NEISD-middle-school-student-terroristic-threat-16689109.php,134,ok
https://www.wbaa.org/2021-12-08/michigan-schools-are-figuring-out-how-to-respond-to-a-flood-of-shooting-threats,596,ok
https://www.heraldpalladium.com/communities/st_joseph/st-joseph-high-school-student-faces-charges-over-threats/article_ddbdf63f-288d-5d72-b37c-47f0dd962df7.html,0,link is dead
https://www.kuer.org/2021-12-08/michigan-schools-are-figuring-out-how-to-respond-to-a-flood-of-shooting-threats,596,ok
https://www.wtol.com/article/news/crime/hillsdale-community-schools-closed-following-2-separate-threats/512-dd8993ad-250b-47b3-ae85-3c77d38399a6,0,link is dead
https://www.middletownpress.com/news/article/Trumbull-High-School-threat-rumors-16686820.php,214,ok
https://www.wishtv.com/news/crime-watch-8/13-year-old-girl-arrested-for-verbal-threat-at-fishers-school/,188,ok
https://www.wxow.com/townnews/school/threat-made-at-the-waukon-high-school-found-not-credible/article_d9e47067-7dcc-5225-8731-9ae70831b05a.html,0,link is dead
https://www.newsday.com/long-island/nassau/school-threat-hicksville-high-middle-1.50446619,0,link is dead
https://www.msn.com/en-us/news/crime/dozens-of-students-some-as-young-as-9-could-face-charges-amid-rash-of-school-threats-after-michigan-shooting/ar-AARExNC,0,page opened but no article text
https://www.wbap.com/news/lawsuit-mich-school-shooter-posted-threats-on-social-media-before-rampage/,0,link is dead
https://www.hometownsource.com/forest_lake_times/forest_lake_times/shooting-threat-to-school-deemed-not-credible/article_339a0100-590d-11ec-8db8-cf11600d19be.html,0,link is dead
https://www.newstimes.com/news/article/CT-school-threats-may-show-lack-of-awareness-of-16689296.php,1430,ok
https://www.kagstv.com/article/news/local/bryan-police-investing-online-threats-to-bryan-isd-high-schools/499-60883172-8fd4-41c2-9553-3188f80b0dfa,0,link is dead
https://www.kawc.org/npr-news/2021-12-08/michigan-schools-are-figuring-out-how-to-respond-to-a-flood-of-shooting-threats,596,ok
https://go955.com/2021/12/09/parchment-high-school-closed-thursday-due-to-alleged-threat/,172,ok
http://www.newson6.com/story/61b18b26b7a7510c38f8dd1e/wagoner-public-schools-says-it-is-aware-of-recent-threats-on-social-media,152,ok
https://www.lohud.com/story/news/crime/2021/12/08/yonkers-student-arrested-accused-threatening-school-shooting/6433467001/,425,ok
https://www.wvlkam.com/news/lawsuit-mich-school-shooter-posted-threats-on-social-media-before-rampage/,0,link is dead
https://www.wsmv.com/news/montgomery-county-student-charged-after-posting-threat-of-school-violence/article_e6f0adea-5853-11ec-9292-278666f52277.html,279,ok
https://www.kgou.org/politics-and-government/2021-12-08/michigan-schools-are-figuring-out-how-to-respond-to-a-flood-of-shooting-threats,596,ok
https://www.wkar.org/2021-12-08/michigan-schools-are-figuring-out-how-to-respond-to-a-flood-of-shooting-threats,596,ok
https://patch.com/pennsylvania/plymouthwhitemarsh/springfield-student-arrested-school-shooting-threat,364,ok
https://www.wjcl.com/article/bluffton-school-threat/38473731,198,ok
https://punchng.com/covid-19-lockdown-pushed-over-1-6bn-students-out-of-school-unicef/,256,ok
https://www.ifiberone.com/columbia_basin/student-identified-in-threats-made-against-quincy-middle-school-other-students/article_7e599d2c-591c-11ec-aee3-07645c7e0d1e.html,0,link is dead
https://mix949.com/cold-spring-police-investigating-threat-to-rocori-schools/,117,ok
https://www.theday.com/policefirecourts/20211209/fitch-principal-unauthorized-person-on-school-grounds-wednesday-but-no-threat,0,link is dead
https://www.news.com.au/national/courts-law/cops-threatened-after-sex-with-schoolgirl-they-met-on-the-street/news-story/c77e40d93142c1ec7e3594500224a882,0,link is dead
https://www.ncadvertiser.com/news/article/Private-networks-linked-to-CT-school-threats-16689539.php,952,ok
https://www.blufftontoday.com/story/news/2021/12/09/beaufort-county-schools-report-threatening-messages-found-bathrooms/6454626001/,364,ok
https://www.fox5dc.com/news/friday-to-be-asynchronous-learning-day-for-manassas-park-city-schools-after-potential-threat,279,ok
https://kgmi.com/news/007700-bellingham-schools-working-with-police-to-assess-security-after-recent-threats/,0,link is dead
https://www.wusa9.com/article/news/crime/school-threat-dc-charter-school-student-claims-he-has-gun/65-52022ad3-14cb-4d49-8342-99f20c892271,0,link is dead
https://catcountry1073.com/police-departments-across-south-jersey-investigating-more-online-school-threats/,314,ok
https://www.pressherald.com/2021/12/09/rsu-4-closes-schools-friday-due-to-threat-against-middle-school/,326,ok
https://www.cincinnati.com/story/news/crime/2021/12/10/talawanda-high-school-students-released-early-after-bathroom-stall-threat/6464919001/,181,ok
https://froggyweb.com/2021/12/10/west-fargo-authorities-say-latest-district-school-threat-not-credible/,74,ok
https://www.milfordmirror.com/news/article/CT-school-threats-may-show-lack-of-awareness-of-16689296.php,1426,ok
https://www.ktvu.com/news/oxford-high-school-shooting-two-100m-lawsuits-allege-school-officials-knew-of-threats,510,ok
https://www.middletownpress.com/news/article/Private-networks-linked-to-CT-school-threats-16689539.php,952,ok
https://www.ctpost.com/news/article/Private-networks-linked-to-CT-school-threats-16689539.php,956,ok
https://www.wxyz.com/news/officials-expect-many-more-charges-for-copycat-school-threats-across-michigan,360,ok
https://www.forsythnews.com/news/crime-courts/lambert-high-school-student-arrested-for-alleged-terroristic-threats-to-do-harm-at-our-school/,39,ok
https://ktvz.com/news/crime-courts/2021/12/10/redmond-school-district-to-debrief-after-lockdown-what-went-well-what-didnt/,434,ok
https://www.fox7austin.com/news/new-details-released-about-florida-teen-accused-of-threatening-mass-school-shooting,461,ok
https://www.khou.com/article/news/education/local-school-threats-spike-after-michigan-shooting/285-295c9311-62c6-4120-84a2-a7b7d261ab3e,0,link is dead
https://www.cm-life.com/article/2021/12/mount-pleasant-high-school-threat-investigated-by-local-police,155,ok
https://www.registercitizen.com/news/article/CT-school-threats-may-show-lack-of-awareness-of-16689296.php,1426,ok
https://tribuneonlineng.com/students-riot-edo-govt-threatens-to-shut-down-idogbo-school/,304,ok
https://www.msn.com/en-us/news/us/alabama-schools-report-increase-in-very-serious-discipline-issues-gun-threats/ar-AARH4sn,0,page opened but no article text
https://www.kaaltv.com/rochester-minnesota-news/rumor-of-weapon-threat-at-stewartville-middle-school-unfounded/6327238/?cat=10151,107,ok
https://rivergrandrapids.com/more-west-michigan-students-charged-with-making-school-threats/,302,ok
https://www.wpsdlocal6.com/news/carlisle-county-teen-arrested-for-posting-school-threat/article_19bf7446-59ac-11ec-aaf3-9bb0108af3f5.html,0,link is dead
https://www.kvoa.com/news/local/lockdown-lifted-at-two-schools-after-report-of-a-shooting-in-central-tucson/article_b83df946-59d2-11ec-b4e2-cf929a6be272.html,0,link is dead
https://www.msn.com/en-us/news/crime/alabama-schools-report-increase-in-very-serious-discipline-issues-gun-threats/ar-AARH4sn,0,page opened but no article text
https://www.fox17online.com/news/officials-expect-many-more-charges-for-copycat-school-threats-across-michigan,360,ok
https://lancasteronline.com/early-edition-for-12-10-threat-causes-solanco-high-school-to-go-remote-hazardous-weather/article_5a1d8b00-59a6-11ec-b68e-0f9b0be30098.html,0,link is dead
https://www.abc10.com/article/news/local/sacramento/students-seek-safety-online-threats-school/103-3b075046-ac29-4240-b07f-607a5d10d4dd,0,link is dead
https://www.michiganradio.org/public-safety/2021-12-09/plymouth-canton-high-school-students-endure-hours-of-lockdown-after-report-of-gun-on-campus,181,ok
https://www.nhregister.com/news/article/CT-school-threats-may-show-lack-of-awareness-of-16689296.php,1431,ok
https://www.mdjonline.com/tribune/georgia/schools-on-alert-after-shooting-threats-found-in-beaufort-bluffton-school-bathrooms/article_08461029-a77f-5f81-a88a-00434dbd57b8.html,0,link is dead
https://www.nhregister.com/news/article/Private-networks-linked-to-CT-school-threats-16689539.php,957,ok
https://www.fox2detroit.com/news/plymouth-canton-high-schools-to-be-virtual-next-week-after-thursdays-lockdown,142,ok
https://www.10tv.com/article/news/education/suspect-accused-of-making-social-media-threat-to-hamilton-township-high-school-arrested/530-395abd24-15f9-4bcb-95f7-f2b6b73d031e,0,link is dead
https://www.k105.com/2021/12/10/meade-co-high-school-cancels-in-person-instruction-after-threat-police-continue-to-investigate-threat-also-made-against-hardin-co-middle-school/,0,link is dead
https://www.nbclosangeles.com/news/local/schools-put-on-lockdown-after-deadly-shooting-at-church-of-herbs-pot-shop/2776035/,135,ok
https://www.msn.com/en-us/news/crime/student-faces-charges-after-threat-closes-manassas-park-school-buildings-police/ar-AARGrkw,0,page opened but no article text
https://www.shorelinemedia.net/ludington_daily_news/news/local/officials-at-least-1-threat-to-mason-county-school-since-nov-30-individuals-asked-to/article_913813be-dbf7-5de1-9fdc-361663901a5b.html,0,link is dead
https://myedmondsnews.com/2021/12/police-presence-at-scriber-lake-hs-friday-after-school-receives-another-threat/,0,link is dead
https://www.insidenova.com/headlines/arlington-boy-12-charged-with-calling-in-threat-to-woodbridge-elementary-school/article_f5425d60-59f9-11ec-bc13-0328c5aa3a8d.html,0,link is dead
https://www.expressnews.com/news/local/article/These-San-Antonio-area-schools-received-threats-16692262.php,488,ok
https://www.msn.com/en-us/news/us/student-arrested-after-threat-closes-manassas-park-school-buildings-police/ar-AARGrkw,0,page opened but no article text
https://www.potomaclocal.com/2021/12/10/threat-prompts-closure-of-manassas-park-school-buildings/,174,ok
https://www.darientimes.com/news/article/CT-school-threats-may-show-lack-of-awareness-of-16689296.php,1426,ok
https://www.cbs46.com/news/threats-of-violence-surge-in-metro-atlanta-schools/article_6640fd22-5947-11ec-9037-2f3e584dea6d.html,0,link is dead
https://www.msn.com/en-us/news/us/looking-for-warning-signs-isn-t-enough-to-prevent-school-shootings-experts-say-here-s-why-the-focus-should-be-on-threat-assessment-and-protocol/ar-AARF8gz,0,page opened but no article text
https://www.msn.com/en-us/news/us/berea-midpark-middle-school-closed-due-to-social-media-threat/ar-AARGkrq,0,page opened but no article text
https://www.kdrv.com/content/news/Vague-threat-at-Crater-High-School-prompts-increased-police-presence-575896901.html,0,link is dead
https://www.inforum.com/news/education/7316558-Spate-of-threats-against-Fargo-Moorhead-area-schools-in-line-with-national-regional-surge,810,ok
https://www.wthitv.com/news/vigo-county-sheriffs-working-with-vigo-county-schools-after-threats-to-terre-haute-south-honey/article_9884333c-5968-11ec-999a-3b86c6419872.html,0,link is dead
https://www.fox10phoenix.com/news/new-details-released-about-florida-teen-accused-of-threatening-mass-school-shooting,461,ok
https://www.kxxv.com/hometown/mclennan-county/threats-made-against-two-central-texas-schools,169,ok
https://www.timesdaily.com/news/education/copycat-threats-disrupt-muscle-shoals-schools/article_0ba7dfc8-4692-55ed-be8a-4bf84791237b.html,0,link is dead
https://www.onenewspage.com/n/Australia/1zn5130iiz/Teenage-pregnancies-spike-due-to-lockdowns-and-school.htm,0,link is dead
https://www.wjcl.com/article/bluffton-school-threat-update/38485627,186,ok
https://www.dispatch.com/story/news/2021/12/10/pickerington-high-school-north-student-charged-online-threats/6459817001/,272,ok
https://www.wzzm13.com/article/news/local/muskegon/juveniles-charged-for-threats-against-muskegon-co-schools/69-5d5426fd-cf04-4890-a83a-7166d4476fd7,0,link is dead
https://wbckfm.com/homer-parchment-gull-lake-schools-threats/,287,ok
https://www.swoknews.com/community_news/eisenhower-middle-school-put-on-lockdown-with-morning-incident/article_5741d4cb-b16f-549e-b789-b9935a2e738e.html,0,link is dead
https://www.hometownlife.com/story/news/2021/12/09/plymouth-canton-high-schools-lockdown-canton-police-scene/6451550001/,918,ok
https://www.heraldbulletin.com/indiana/news/authorities-probe-separate-threats-connected-to-two-vigo-schools/article_b4151acd-d9d7-5b1a-abe4-7be206ccb169.html,0,link is dead
https://kstp.com/national/school-threats/6327218/,254,ok
https://www.erienewsnow.com/story/45413578/parents-alerted-school-officials-to-threats-2-weeks-before-michigan-campus-rampage-100m-suit-claims,0,link is dead
https://www.abc57.com/news/edwardsburg-public-schools-closed-friday-due-to-social-media-threat,204,ok
https://www.wfmz.com/news/area/lehighvalley/police-person-who-made-threatening-post-about-pen-argyl-area-school-district-identified-removed-from/article_8a1cfef4-594b-11ec-916a-279efc06b4e0.html,0,link is dead
https://www.wtva.com/news/tupelo-school-officials-police-department-monitor-threats-to-middle-and-high-school/article_10d63aac-59c7-11ec-8807-8f84d1dd1c05.html,0,link is dead
https://www.fox7austin.com/news/school-day-ends-without-incident-at-lake-travis-isd-despite-threat,530,ok
https://www.wtol.com/article/news/education/trauma-therapist-explains-how-parents-can-discuss-school-threats-with-their-kids/512-ce8efb77-6457-4b4a-957e-e5bcba3fc185,0,link is dead
https://www.trumbulltimes.com/news/article/Private-networks-linked-to-CT-school-threats-16689539.php,952,ok
https://www.abc12.com/news/flint-attorney-explains-their-role-in-school-threat-cases/article_80bcdeee-5930-11ec-99c3-7f5e9789745c.html,0,link is dead
https://www.wrcbtv.com/story/45413578/parents-alerted-school-officials-to-threats-2-weeks-before-michigan-campus-rampage-100m-suit-claims,0,link is dead
https://www.msn.com/en-us/news/us/marianna-schools-on-lockdown-after-sunland-resident-escapes/ar-AARGIGN,0,page opened but no article text
https://www.blufftontoday.com/story/news/2021/12/10/bluffton-police-juvenile-arrested-threatening-message-school/6464761001/,438,ok
https://www.cbs58.com/news/university-school-milwaukee-a-private-prep-school-closed-friday-because-of-threats-to-the-community,271,ok
https://www.kvue.com/article/news/local/hutto-high-school-student-arrested-social-media-threat/269-901c9e38-cd38-4ea9-ae17-126b33bba975,0,link is dead
https://www.wkbw.com/news/local-news/15-year-old-boy-charged-with-harassment-regarding-threats-against-medina-lockport-schools,104,ok
https://www.wesh.com/article/student-threatens-school-shooting/38479085,97,ok
https://www.wkyc.com/article/news/education/berea-midpark-middle-school-closed-friday-threat-social-media/95-5b566888-10ed-4d79-8fb8-5e12d634c9b2,0,link is dead
https://mix957gr.com/more-west-michigan-students-charged-with-making-school-threats/,302,ok
https://www.detroitnews.com/story/news/local/wayne-county/2021/12/09/plymouth-canton-community-schools-close-friday-after-lockdown/6457782001/,201,ok
https://kobi5.com/news/increased-patrols-at-crater-high-school-due-to-vague-threat-175026/,336,ok
https://www.nbcwashington.com/news/local/northern-virginia/manassas-park-city-schools-students-to-learn-remotely-friday-due-to-threat/2906176/,70,ok
https://www.sunjournal.com/2021/12/09/rsu-4-closes-schools-friday-due-to-threat-against-middle-school/,326,ok
https://www.msn.com/en-us/news/us/schools-on-alert-after-shooting-threats-found-in-beaufort-bluffton-school-bathrooms/ar-AARFcfT,0,page opened but no article text
https://www.inforum.com/7316602-Juvenile-arrested-for-making-threats-directed-at-Liberty-Middle-School-in-West-Fargo,253,ok
https://www.cincinnati.com/story/news/crime/2021/12/09/social-media-threats-against-fairfield-city-schools-originated-outside-ohio/6454954001/,296,ok
https://wincountry.com/2021/12/10/14-year-old-confesses-to-ccsd-about-making-threats-against-homer-schools/,123,ok
https://www.fox2detroit.com/news/report-of-armed-student-causes-plymouth-canton-schools-lockdown-although-no-evidence-found,431,ok
https://wkzo.com/2021/12/10/14-year-old-confesses-to-ccsd-about-making-threats-against-homer-schools/,124,ok
https://www.kiiitv.com/article/news/education/local-school-threats-spike-after-michigan-shooting/285-295c9311-62c6-4120-84a2-a7b7d261ab3e,0,link is dead
https://abc10up.com/2021/12/09/tahquamenon-public-schools-closed-until-monday-following-threat/,0,link is dead
https://www.wiltonbulletin.com/news/article/CT-school-threats-may-show-lack-of-awareness-of-16689296.php,1426,ok
https://ottawacitizen.com/news/local-news/youth-arrested-in-connection-with-shooting-threat-at-brockville-high-school,0,link is dead
https://kfgo.com/2021/12/09/suspect-identified-and-taken-into-custody-related-to-liberty-middle-school-violence-threat/,188,ok
https://www.fox26houston.com/news/oxford-high-school-shooting-two-100m-lawsuits-allege-school-officials-knew-of-threats,510,ok
https://www.wlwt.com/article/talawanda-schools-released-early-after-alleged-threat-on-bathroom-stall/38486581,180,ok
https://www.ifiberone.com/columbia_basin/grand-coulee-schools-threatened-wednesday/article_767abe30-5974-11ec-bbdc-3b2a902551c6.html,0,link is dead
https://centraljersey.com/2021/12/10/west-windsor-plainsboro-high-school-south-graffiti-threat/,0,link is dead
https://abc17news.com/news/jefferson-city/2021/12/10/jefferson-city-middle-school-tells-parents-of-social-media-threat/,1062,ok
https://www.wbir.com/article/news/crime/ccso-two-students-detained-for-threatening-to-shoot-others-at-cosby-elementary-school/51-40d2b904-4a70-475a-b5ef-53a7271efba2,0,link is dead
https://www.freep.com/story/news/2021/12/09/plymouth-canton-high-schools-lockdown-canton-police-scene/6451550001/,918,ok
https://www.thetimesnews.com/story/news/local/2021/12/08/lockdown-western-alamance-high-school-firearm-confiscated-student-safety/6439567001/,0,link is dead
https://www.ncadvertiser.com/news/article/CT-school-threats-may-show-lack-of-awareness-of-16689296.php,1426,ok
https://www.cantondailyledger.com/story/news/2021/12/10/threat-indicating-there-would-school-shooting-found-ims/6462932001/,149,ok
https://www.stamfordadvocate.com/news/article/Private-networks-linked-to-CT-school-threats-16689539.php,956,ok
https://www.abc57.com/news/coloma-high-school-students-met-with-officials-on-dangers-of-school-threats,200,ok
https://www.lex18.com/news/henry-clay-principal-student-responsible-for-threatening-letter-found-at-school,130,ok
https://www.vintonjacksoncourier.com/news/man-arrested-in-connection-to-vinton-county-high-school-lockdown/article_f3c41ee6-59e6-11ec-883a-934b98699489.html,646,ok
https://www.sheltonherald.com/news/article/CT-school-threats-may-show-lack-of-awareness-of-16689296.php,1426,ok
https://www.recorder.com/Mohawk-Trail-School-Committee-super-address-Monday-s-threat-43924368,820,ok
https://www.localmemphis.com/article/news/crime/weapon-found-on-campus-of-kingsbury-high-school-thursday-shelby-county-schools-lockdown/522-5364d7c8-bda9-434f-8018-2ddd704ba83b,0,link is dead
https://nbc-2.com/news/local/2021/12/09/social-media-threat-made-against-lee-county-middle-school/,0,link is dead
https://www.fox4news.com/news/oxford-high-school-shooting-two-100m-lawsuits-allege-school-officials-knew-of-threats,510,ok
https://www.penncapital-star.com/commentary/michigan-school-shooting-how-online-threats-become-real-world-tragedy-opinion/,1214,ok
https://www.ifiberone.com/south_sound/columbia_basin/grand-coulee-schools-threatened-thursday/article_767abe30-5974-11ec-bbdc-3b2a902551c6.html,0,link is dead
https://mymagicgr.com/more-west-michigan-students-charged-with-making-school-threats/,302,ok
https://patch.com/connecticut/enfield/perceived-threat-enfield-high-school-safety-unfounded-pd,430,ok
https://bismarcktribune.com/news/state-and-regional/crime-and-courts/west-fargo-police-make-arrest-at-middle-school-after-threat/article_dc97e8de-c61b-586c-9a7a-ec7a346ad63a.html,0,link is dead
https://patch.com/new-york/babylonvillage/shooting-threat-west-babylon-school-forces-remote-classes,351,ok
http://www.wbiw.com/2021/12/10/bedford-north-lawrence-high-school-in-mini-lockdown-due-to-alleged-shots-fired/,0,link is dead
https://www.nbcwashington.com/news/local/northern-virginia/student-faces-charges-after-threat-closes-manassas-park-school-buildings-police/2906367/,158,ok
https://www.startribune.com/extra-police-patrol-rocori-school-following-social-media-threat/600125564/,0,link is dead
https://go955.com/2021/12/10/14-year-old-confesses-to-ccsd-about-making-threats-against-homer-schools/,123,ok
http://www.k105.com/2021/12/10/meade-co-high-school-cancels-in-person-instruction-after-threat-police-continue-to-investigate-threat-also-made-against-hardin-co-middle-school/,47,ok
https://www.wtkr.com/news/i-c-norcom-high-school-placed-on-lockdown-after-reports-of-former-student-with-weapon-on-campus,257,ok
https://www.wkyc.com/article/news/local/summit-county/police-threat-rumors-stow-munroe-falls-high-school-unsubstantiated/95-e52612c3-caf9-4877-bebe-f08af6f539c1,0,link is dead
https://www.msn.com/en-us/news/us/looking-for-warning-signs-isnt-enough-to-prevent-school-shootings-experts-say-heres-why-the-focus-should-be-on-threat-assessment-and-protocol/ar-AARF8gz,0,page opened but no article text
https://www.foxla.com/news/oxford-high-school-shooting-two-100m-lawsuits-allege-school-officials-knew-of-threats,510,ok
https://www.wcpo.com/news/local-news/its-affecting-the-entire-community-5-tri-state-school-districts-face-threats-in-one-week,495,ok
https://www.wzzm13.com/article/news/crime/michigan-bill-would-require-schools-to-report-threats-to-police/69-d5841278-d6f9-4f24-b6b0-a5d390ef2750,0,link is dead
https://www.1470wmbd.com/2021/12/10/canton-school-on-alert-friday-for-threatening-bathroom-note/,98,ok
https://www.loudountimes.com/news/stone-bridge-high-school-placed-in-lockdown-after-threat-sheriffs-office-investigating/article_06170194-593d-11ec-bdde-5766903fc890.html,1116,ok
https://www.fox5atlanta.com/news/oxford-high-school-shooting-two-100m-lawsuits-allege-school-officials-knew-of-threats,510,ok
https://www.deadlinedetroit.com/articles/29436/in_wake_of_oxford_authorities_charge_23_with_threatening_wayne_county_schools,258,ok
https://www.theridgefieldpress.com/news/article/CT-school-threats-may-show-lack-of-awareness-of-16689296.php,1426,ok
https://www.wzzm13.com/article/news/local/kent-co-schools-police-work-together-against-copycat-threats-in-wake-of-oxford-tragedy/69-08a55e3f-e72b-4a1a-b5e5-ec5b1c8ca807,0,link is dead
https://wlni.com/administrators-sheriffs-office-investigate-threat-at-brookville-high-school/,0,link is dead
https://wkfr.com/homer-parchment-and-gull-lake-schools-latest-to-receive-threats/,287,ok
https://www.registercitizen.com/news/article/Private-networks-linked-to-CT-school-threats-16689539.php,952,ok
https://www.djournal.com/news/education/tupelo-public-school-district-responds-to-reported-threats-at-high-school-middle-school/article_b4baa7a5-f741-5359-8970-dd84926e01d0.html,447,ok
https://news.virginia.edu/content/threat-assessments-help-acps-school-safety,100,ok
https://www.actionnewsnow.com/content/news/Lincoln-High-School-lockdown-lifted-after-report-of-firearm-on-campus-police-say-575892191.html,0,link is dead
https://wtop.com/prince-william-county/2021/12/manassas-park-city-schools-to-switch-to-asynchronous-learning-friday-following-report-of-potential-threat/,285,ok
https://www.ifiberone.com/columbia_basin/grand-coulee-schools-threatened-thursday/article_767abe30-5974-11ec-bbdc-3b2a902551c6.html,341,ok
https://www.fox17online.com/news/local-news/michigan/newaygo/newaygo-county-prosecutor-announces-charges-in-alleged-school-threats,161,ok
https://www.insidenova.com/headlines/manassas-park-school-buildings-closed-friday-due-to-social-media-threat/article_86e6ff7a-597b-11ec-8c73-3f8f97aa6134.html,0,link is dead
https://www.noozhawk.com/article/ventura_county_schools_alert_parents_students_to_social_media_threats_bully,0,link is dead
https://literock969.com/threat-of-shooting-at-egg-harbor-township-nj-high-school-deemed-not-credible/,260,ok
https://www.newstimes.com/news/article/Private-networks-linked-to-CT-school-threats-16689539.php,956,ok
https://www.darientimes.com/news/article/Private-networks-linked-to-CT-school-threats-16689539.php,952,ok
https://www.monroenews.com/story/news/2021/12/09/student-charged-after-making-threat-huron-high-school/6453011001/,273,ok
https://www.greenwichtime.com/news/article/Private-networks-linked-to-CT-school-threats-16689539.php,956,ok
https://news.yahoo.com/student-removed-school-making-threats-214824604.html,198,ok
https://dailyvoice.com/connecticut/ridgefield/police-fire/juvenile-charged-with-making-three-phony-threats-to-fairfield-county-high-school/821600/,0,link is dead
https://y94.com/2021/12/10/west-fargo-authorities-say-latest-district-school-threat-not-credible/,74,ok
https://www.kvue.com/article/news/local/pflugerville-isd-weiss-high-school-threat/269-1adc8751-2076-436b-8dd3-d58bdd71083d,0,link is dead
https://www.winknews.com/2021/12/10/lee-county-sheriff-discusses-recent-school-threats/,0,link is dead
https://www.smh.com.au/lifestyle/health-and-wellness/teenage-pregnancies-spike-due-to-lockdowns-and-school-closures-20211208-p59ft0.html,969,ok
https://www.northcountrynow.com/news/alleged-social-media-threat-locks-down-ogdensburg-city-schools-0311188,389,ok
https://www.fox43.com/article/news/local/susquehanna-township-school-district-moves-classes-online-social-media-threat/521-6065671d-8686-46a5-ac53-ffcd13c2aeef,0,link is dead
https://localnews8.com/news/2021/12/09/ct-police-arrest-13-year-old-accused-of-making-school-threats/,1062,ok
https://www.wxyz.com/news/wayne-county-charges-23-students-over-threats-to-local-schools,214,ok
https://www.fox17online.com/news/local-news/lakeshore/muskegon/another-threat-issued-to-oakridge-public-schools-student-apprehended,202,ok
https://mymixfm.com/2021/12/09/two-local-schools-go-on-lockdown-thursday-afternoon/,0,link is dead
https://www.winknews.com/2021/12/10/cypress-lake-high-school-on-high-alert-after-threat/,0,link is dead
https://www.13newsnow.com/article/news/crime/ic-norcom-high-school-portsmouth-lockdown/291-b7424d6b-1083-4a51-abed-7bfb1939d118,0,link is dead
https://auburnpub.com/news/local/education/auburn-school-district-violence-threat-simply-rumors-but-police-presence-increased/article_fa049f31-3549-5586-a821-7186d6034e83.html,0,link is dead
https://www.wlwt.com/article/school-threat-made-to-lakota-ridge-junior-school-not-credible/38485046,198,ok
https://kstp.com/national/school-threats/6327218/?cat=12678,254,ok
https://www.mcphersonsentinel.com/story/news/2021/12/09/police-investigate-threat-against-mcpherson-middle-school/6447997001/,76,ok
https://qctimes.com/news/local/ricks-six-possible-threats-made-against-2-q-c-schools-shots-fired-in-davenport-and/article_e076580a-581e-11ec-aa81-8313f579c4de.html,1021,ok
https://www.msn.com/en-us/news/us/norway-vulcan-schools-removes-student-for-time-being-after-threatening-comment/ar-AARGtDG,0,page opened but no article text
https://dsp.delaware.gov/2021/12/10/delaware-state-police-issue-statement-on-social-media-threats-at-schools/,244,ok
https://froggyweb.com/2021/12/09/suspect-taken-into-custody-after-liberty-middle-school-violence-threat/,187,ok
https://www.kaaltv.com/rochester-minnesota-news/rumor-of-weapon-threat-at-stewartville-middle-school-unfounded/6327238/,107,ok
https://wkmi.com/homer-parchment-gull-lake-schools-threats/,287,ok
https://www.theridgefieldpress.com/news/article/Private-networks-linked-to-CT-school-threats-16689539.php,952,ok
https://wgrd.com/more-west-michigan-students-charged-with-making-school-threats/,302,ok
https://www.abc12.com/news/crime/teen-charged-with-making-two-threats-at-mount-pleasant-high-school-this-week/article_d2c9998c-59f0-11ec-9fc6-e7eb8148de70.html,0,link is dead
https://www.ctinsider.com/shorelinenews/article/CT-school-threats-may-show-lack-of-awareness-of-16689296.php,1426,ok
https://www.wgrz.com/article/news/crime/medina-central-school-district-student-charged-threats-made-against-medina-lockport-schools/71-123c0496-6367-47e3-acdd-213bc2311c49,0,link is dead
https://www.tribstar.com/news/local_news/authorities-probe-separate-threats-connected-to-two-vigo-schools/article_65203e31-782a-5506-805e-5716c7dc2102.html,156,ok
https://lbpost.com/news/threats-of-violence-made-against-wilson-poly-high-schools-police-say-they-dont-appear-credible,360,ok
https://www.msn.com/en-us/news/us/marianna-schools-on-lockdown-as-officials-search-for-escaped-inmate/ar-AARGMnp,0,page opened but no article text
http://923wnpc.com/two-cocke-county-teens-threaten-school-shooting/,141,ok
https://www.appenmedia.com/dunwoody/forsyth/lambert-high-school-student-charged-with-making-terroristic-threats/article_6f388be4-59dc-11ec-a156-63928e3faf3f.html,0,link is dead
https://www.shorelinemedia.net/ludington_daily_news/news/local/juveniles-charged-after-making-threats-to-newaygo-county-schools/article_27057c7b-c1e9-559b-802a-b0569c038836.html,0,link is dead
https://whcuradio.com/news/025520-cortland-police-dispatched-to-schools-after-unsubstantiated-threats/,0,link is dead
https://www.fox17online.com/news/local-news/lakeshore/muskegon/muskegon-county-prosecutor-charges-8-more-kids-with-making-school-threats,137,ok
https://dailyvoice.com/connecticut/darien/schools/three-ct-high-schools-enter-lockdown-on-same-day-due-to-separate-threats/821368/,0,link is dead
https://qctimes.com/news/local/police-investigating-possible-threats-against-two-quad-cities-schools/article_dacc939e-5fa8-5629-b877-54e30258a1ad.html,0,link is dead
https://www.stardem.com/news/crime/saints-peter-pauls-lower-school-cleared-after-bomb-threat-written-on-wall/article_0907c699-b77a-51b7-92f9-de68859a31f3.html,0,link is dead
https://www.trumbulltimes.com/news/article/CT-school-threats-may-show-lack-of-awareness-of-16689296.php,1426,ok
https://www.fox29.com/news/oxford-high-school-shooting-two-100m-lawsuits-allege-school-officials-knew-of-threats,510,ok
https://patch.com/new-jersey/eastwindsor/shooting-threat-found-bathroom-east-windsor-school-district,648,ok
https://www.sheltonherald.com/news/article/Private-networks-linked-to-CT-school-threats-16689539.php,952,ok
https://www.businessinsider.com.au/threat-assessment-not-warning-signs-prevent-school-shootings-experts-2021-12,0,link is dead
https://dailyvoice.com/connecticut/danbury/schools/13-year-old-arrested-for-allegedly-making-threats-against-ct-schools/821543/,0,link is dead
https://knsiradio.com/2021/12/10/extra-police-at-school-due-to-threat/,176,ok
https://www.wtvr.com/news/local-news/law-enforcement-responds-to-school-threats,707,ok
https://www.localmemphis.com/article/news/local/houston-high-school-germantown-police-social-media-snap-chap-threat/522-2189194f-54f1-4754-8e81-d4b50b4dea42,0,link is dead
https://www.wogx.com/news/new-details-released-about-florida-teen-accused-of-threatening-mass-school-shooting,461,ok
https://www.nwitimes.com/news/local/crime-and-courts/valparaiso-school-threat-sparks-investigation-police-say/article_ffd60fb3-a0b0-5cf8-bcaf-de2698f7b48a.html,0,link is dead
https://www.fox35orlando.com/news/oxford-high-school-shooting-two-100m-lawsuits-allege-school-officials-knew-of-threats,510,ok
https://wfgr.com/more-west-michigan-students-charged-with-making-school-threats/,302,ok
https://www.abc10.com/article/news/local/roseville/roseville-rumored-threat-toward-district-school-unsubstantiated/103-771e01a0-05bd-4b40-ba56-3c55a5544a70,0,link is dead
https://www.king5.com/article/news/crime/how-washington-school-districts-identify-threats/281-6b261deb-5e4a-48cc-a559-b15909c68d89,0,link is dead
http://www.msn.com/en-us/news/us/looking-for-warning-signs-isn-t-enough-to-prevent-school-shootings-experts-say-here-s-why-the-focus-should-be-on-threat-assessment-and-protocol/ar-AARF8gz,0,page opened but no article text
https://www.fox35orlando.com/news/new-details-released-about-florida-teen-accused-of-threatening-mass-school-shooting,461,ok
https://www.fox6now.com/news/new-details-released-about-florida-teen-accused-of-threatening-mass-school-shooting,461,ok
https://www.msn.com/en-us/news/crime/marianna-schools-on-lockdown-after-sunland-resident-escapes/ar-AARGIGN,0,page opened but no article text
https://www.kmaj1440.com/news/update-student-taken-into-custody-in-connection-to-manhattan-school-threat/,0,link is dead
https://qconline.com/news/local/friday-briefing-possible-threats-made-against-2-q-c-schools-lane-closure-on-milan-bridge/article_cf7bed58-581e-11ec-9e9c-8b56a962a329.html,1094,ok
https://www.waaytv.com/news/colbert-county-student-charged-after-threatening-note-found-in-school-bathroom/article_c1eb28ce-5955-11ec-a475-631c19ed7ff2.html,903,ok
https://www.cheboygannews.com/story/news/2021/12/09/additional-threats-cheboygan-area-schools-originated-outside-country/6453396001/,886,ok
https://patch.com/colorado/colorado-springs/investigation-el-paso-county-gop-middle-school-threats,540,ok
https://www.thehour.com/news/article/Private-networks-linked-to-CT-school-threats-16689539.php,956,ok
https://www.middletownpress.com/news/article/CT-school-threats-may-show-lack-of-awareness-of-16689296.php,1426,ok
https://www.abc12.com/news/crime/parents-alerted-school-officials-to-threats-2-weeks-before-oxford-high-school-shooting-100m-suit/article_c85d61ca-f481-5563-b123-c19cf57ca544.html,0,link is dead
https://www.duncanbanner.com/community/active-investigation-ongoing-due-to-rumored-threats-at-duncan-high-school/article_de328972-59d8-11ec-9aa8-03ac8b1fb592.html,178,ok
https://www.kvue.com/article/news/education/schools/central-texas-school-districts-face-violence-threats/269-7d26e986-2684-4636-a3b4-5d77bceee401,0,link is dead
https://www.dl-online.com/news/crime-and-courts/7315886-Crime-and-fire-report-2-new-school-threats-in-Becker-County-determined-to-be-unfounded-possible-overdose-in-Detroit-Lakes,883,ok
https://www.fox17online.com/news/local-news/kzoo-bc/calhoun/calhoun-county-deputies-respond-to-threat-made-to-homer-schools,110,ok
https://www.milfordmirror.com/news/article/Private-networks-linked-to-CT-school-threats-16689539.php,952,ok
https://www.msn.com/en-us/news/crime/suspect-in-custody-after-shots-hit-cars-in-high-school-parking-lot-in-rowan-county-prompting-lockdown/ar-AARF8E6,0,page opened but no article text
https://www.kxly.com/recirculating-threats-reported-at-chase-middle-school-not-credible-sps-says/,0,link is dead
https://lancasteronline.com/news/local/rumors-of-threat-on-social-media-cause-solanco-high-school-to-switch-to-remote-learning/article_7fe131be-59a3-11ec-a5ad-1ff7816c8e29.html,367,ok
https://www.insidenova.com/headlines/updated-student-identified-as-suspect-in-manassas-park-school-threat-buildings-closed-friday/article_86e6ff7a-597b-11ec-8c73-3f8f97aa6134.html,0,link is dead
https://y94.com/2021/12/09/suspect-taken-into-custody-after-liberty-middle-school-violence-threat/,187,ok
https://740thefan.com/2021/12/10/west-fargo-authorities-say-latest-district-school-threat-not-credible/,74,ok
https://www.fox61.com/article/news/local/litchfield-county/watertown-school-threat-student-snapchat/520-014c1dd2-2b52-43c8-928d-8d783c970cd6,0,link is dead
https://news.yahoo.com/threat-school-shooting-found-ims-171800184.html,192,ok
https://smnewsnet.com/archives/499189/charles-county-sheriffs-office-releases-update-on-threat-of-mass-violence-made-outside-of-school/,0,link is dead
https://www.wlrn.org/2021-12-10/miami-dades-superintendent-heading-to-los-angeles-and-schools-and-parents-cope-with-uptick-in-threats,817,ok
https://www.smh.com.au/national/nsw/schoolies-celebrate-after-hellish-final-year-amid-sydney-lockdowns-20211211-p59gr0.html,533,ok
https://kobi5.com/news/local-news/threat-at-crater-high-school-comes-amid-u-s-surgeon-generals-youth-mental-health-crisis-advisory-175104/,500,ok
https://www.mailtribune.com/top-stories/2021/12/10/student-arrested-after-making-threats-at-crater-high-school/,0,link is dead
https://www.abc10.com/article/news/crime/a-social-media-threat-against-a-vacaville-high-school-leads-to-an-arrest-of-a-15-year-old-threats-not-credible/103-a3d9b279-e77d-4806-a89f-36823ef6fe95,0,link is dead
https://go955.com/2021/12/11/charges-considered-for-threats-made-against-homer-high-school/,123,ok
https://www.inforum.com/news/crime-and-courts/7318325-What-is-behind-the-uptick-in-school-threats,347,ok
https://www.elkharttruth.com/news/social-media-threat-closes-edwardsburg-schools/article_c876b29b-140a-5f07-9237-245cf1b1585d.html,0,link is dead
https://www.nbcconnecticut.com/tag/school-threat/,1214,ok
https://1049theedge.com/homer-parchment-and-gull-lake-schools-latest-to-receive-threats/,0,link is dead
https://wydaily.com/alerts/2021/12/10/possible-threat-in-poquoson-city-schools-considered-not-credible/,0,link is dead
https://www.wxyz.com/news/oxford-school-shooting/what-more-can-this-generation-take-students-parents-reeling-after-plymouth-canton-threat,432,ok
https://www.cbs19.tv/article/news/crime/winona-sophomore-held-on-1m-bond-after-allegedly-making-credible-threats-toward-high-school-students/501-6770d28c-da42-41c6-90c4-59dafed9e9c3,0,link is dead
https://dailyvoice.com/connecticut/fairfield/police-fire/juvenile-charged-with-making-three-phony-threats-to-fairfield-county-high-school/821600/,0,link is dead
https://www.candgnews.com/news/roseville-police-respond-to-false-threats-at-middle-school--122278,0,link is dead
https://www.wsjm.com/2021/12/11/police-warn-students-not-to-make-threat-jokes-about-school-safety/,222,ok
https://www.lawofficer.com/police-school-threat-denied/,0,page opened but no article text
https://www.wthitv.com/features/threat-forces-lockdown-in-this-vermillion-county-school/article_3425cdf2-5a02-11ec-a54a-c75b9a0ca615.html,0,link is dead
https://www.abc15.com/news/crime/threats-of-violence-at-a-mountain-view-high-school-have-police-and-school-officials-on-alert,297,ok
https://www.wxyz.com/news/oxford-school-shooting/more-than-a-dozen-threats-confirmed-against-school-administrators-in-oxford,282,ok
https://wincountry.com/2021/12/11/charges-considered-for-threats-made-against-homer-high-school/,123,ok
https://lmtribune.com/opinion/opinion-books-not-bullets-threaten-america-s-school-kids/article_95e5b508-4f2b-5fbc-933a-9b2c073b13a6.html,0,link is dead
https://www.fox43.com/article/news/local/online-threats-school-shooting/521-4e2bd13b-b522-4ebf-a958-48f860cd6c0c,0,link is dead
https://morganton.com/news/local/education/two-days-two-threats-threats-at-two-burke-schools-under-investigation/article_5eea58a4-5a03-11ec-b33c-3705c1c84cf1.html,0,link is dead
https://www.wcsy.com/2021/12/11/police-warn-students-not-to-make-threat-jokes-about-school-safety/,222,ok
https://www.lebanondemocrat.com/lebanon/news/lebanon-high-school-subjected-to-threat/article_cf14c7cd-ca65-5906-b872-1d9c621ad26a.html,804,ok
https://www.fox4news.com/news/false-threats-investigated-by-several-north-texas-school-districts,518,ok
https://www.wmdt.com/2021/12/delaware-state-police-investigate-multiple-school-shooting-threats/,154,ok
https://www.wdrb.com/news/two-arrested-after-school-shooting-threat-at-meade-county-high-school/article_0e552122-5a20-11ec-8420-b37b64651b5e.html,807,ok
https://www.sunjournal.com/2021/12/10/rsu-4-threat-deemed-not-credible-school-to-resume-monday/,467,ok
https://lancasteronline.com/news/local/threat-rumors-that-caused-solanco-high-school-to-switch-to-remote-learning-friday-determined-to/article_7fe131be-59a3-11ec-a5ad-1ff7816c8e29.html,0,link is dead
https://www.inforum.com/news/crime-and-courts/7317803-Recent-school-threats-highlight-importance-of-speedy-responses-from-Big-Tech-for-area-police,865,ok
https://www.stamfordadvocate.com/news/article/Police-Teen-in-Norwalk-school-threats-aided-by-16692489.php?t=3b1344e68e,853,ok
https://www.columbiadailyherald.com/story/news/education/2021/12/10/culleoka-unit-school-student-removed-class-after-making-threats/6462738001/,180,ok
https://dailyvoice.com/connecticut/stamford/police-fire/shooting-suspect-arrested-for-drive-by-shooting-that-prompted-lockdowns-at-three-ct-schools/821511/,0,link is dead
https://www.sturgisjournal.com/story/news/2021/12/10/news-colon-community-schools-lockdown-social-media-threat/6462084001/,0,link is dead
https://mybeachradio.com/whats-behind-the-increase-in-online-threats-against-nj-schools/,733,ok
https://www.wtkr.com/news/superintendent-issues-statement-after-threat-deemed-not-credible-made-toward-edenton-high-school,313,ok
https://www.msn.com/en-us/news/us/student-at-hutto-high-school-arrested-after-making-threatening-social-media-post/ar-AARHIla,0,page opened but no article text
https://news.yahoo.com/claims-threats-local-schools-spike-201000995.html,602,ok
https://wobm.com/whats-behind-the-increase-in-online-threats-against-nj-schools/,733,ok
https://www.insidenova.com/headlines/updated-manassas-park-high-school-student-charged-with-threats-to-kill/article_86e6ff7a-597b-11ec-8c73-3f8f97aa6134.html,411,ok
https://www.am1100theflag.com/news/local-news/40316-threat-directed-against-sheyenne-high-school-deemed-not-credible,0,link is dead
https://1057thehawk.com/whats-behind-the-increase-in-online-threats-against-nj-schools/,733,ok
https://patch.com/new-york/merrick/rumor-shooting-threat-sparks-panic-li-high-school-patch-pm,160,ok
https://www.sanilacbroadcasting.com/2021/12/03/schools-cancel-classes-due-to-threats-school-shooting/,222,ok
https://news.yahoo.com/school-administrators-getting-threats-wake-232104897.html,335,ok
https://www.kxxv.com/hometown/mclennan-county/central-texas-parents-concerned-after-school-shooting-threats,436,ok
https://www.wkyc.com/article/news/crime/several-northeast-ohio-schools-impacted-threats-this-week/95-bd79d357-0e9c-4285-a6d4-d686f1061288,0,link is dead
https://nj1015.com/whats-behind-the-increase-in-online-threats-against-nj-schools/,733,ok
https://www.centralmaine.com/2021/12/10/rsu-4-threat-deemed-not-credible-school-to-resume-monday/,467,ok
https://www.journalgazette.net/news/local/police-fire/20211211/area-school-threats-prove-unfounded,0,link is dead
https://www.khq.com/news/threats-of-school-violence-rise-along-with-active-incidents-across-the-nation-local-schools-plan/article_fd4518f0-5a2f-11ec-9d32-9bc9d660c97d.html,0,link is dead
https://www.nbcconnecticut.com/news/local/police-make-arrest-after-school-threat-to-danbury-high-school/2670077/,112,ok
https://www.wtvr.com/news/local-news/central-virginia-school-districts-up-security-following-digital-threats,736,ok
https://www.983thecoast.com/2021/12/11/police-warn-students-not-to-make-threat-jokes-about-school-safety/,0,link is dead
https://www.rep-am.com/local/localnews/2021/12/10/watertown-police-charge-3-teens-in-threats-against-swift-middle-school/,1610,ok
https://www.wirx.com/2021/12/11/police-warn-students-not-to-make-threat-jokes-about-school-safety/,0,link is dead
https://www.9and10news.com/2021/12/10/15-year-old-charged-for-threats-against-mt-pleasant-high-school/,189,ok
https://lmtribune.com/opinion/books-not-bullets-threaten-america-s-school-kids/article_95e5b508-4f2b-5fbc-933a-9b2c073b13a6.html,0,link is dead
https://www.yahoo.com/now/threats-cause-lockout-local-schools-050100865.html,630,ok
https://www.thedailystar.com/news/local_news/threats-cause-lockout-at-local-schools/article_47e5f210-4507-5595-9c3d-e4a052e2d9be.html,644,ok
https://www.mix1069.com/2021/12/10/canton-school-on-alert-friday-for-threatening-bathroom-note/,97,ok
https://www.thenewsstar.com/story/news/2021/12/09/richland-parish-superintendent-denies-rayville-high-school-lockdown/6454233001/,153,ok
https://www.933thedrive.com/2021/12/10/canton-school-on-alert-friday-for-threatening-bathroom-note/,97,ok
https://www.wesh.com/article/fights-threats-seminole-county-schools/38488100,333,ok
https://www.detroitnews.com/story/news/local/oakland-county/2021/12/10/bloomfield-hills-high-school-threat-violence-student-arrested/6469627001/,272,ok
https://www.brisbanetimes.com.au/national/nsw/schoolies-celebrate-after-hellish-final-year-amid-sydney-lockdowns-20211211-p59gr0.html,533,ok
https://www.thehour.com/news/article/Police-Teen-in-Norwalk-school-threats-aided-by-16692489.php,853,ok
https://www.thehour.com/news/article/Police-Teen-in-Norwalk-school-threats-aided-by-16692489.php?t=3b1344e68e,853,ok
https://patch.com/massachusetts/norwood/threats-norwood-public-schools-verified,299,ok
https://www.reporter.net/news/local_news/claims-of-threats-at-local-schools-spike-anxiety/article_0de898b2-5a0d-11ec-9a16-53a8a86674ec.html,0,link is dead
https://www.loudountimes.com/news/stone-bridge-high-school-placed-in-secure-the-building-mode-after-threat-sheriffs-office-investigating/article_06170194-593d-11ec-bdde-5766903fc890.html,0,link is dead
https://www.abc10.com/article/news/education/elk-grove-unified-school-district-vaccines-social-media-threats-and-the-return-of-in-person-school-dances-winter-break/103-c3c5dbc0-beb8-4079-a9ee-4a2f3f8fdbfe,0,link is dead
https://www.theage.com.au/national/nsw/schoolies-celebrate-after-hellish-final-year-amid-sydney-lockdowns-20211211-p59gr0.html,533,ok
https://www.1049thewolf.com/2021/12/10/canton-school-on-alert-friday-for-threatening-bathroom-note/,97,ok
https://www.13newsnow.com/article/news/community/law-enforcement-response-school-threats/291-3196d507-5690-4317-8ee9-2da968bf04b4,0,link is dead
https://943thepoint.com/whats-behind-the-increase-in-online-threats-against-nj-schools/,733,ok
https://www.fox61.com/article/news/crime/juvenile-bomb-threat-emails-target-danbury-high-school/520-abad92c3-0493-467c-acbe-db23cb366016,0,link is dead
https://www.washingtonpost.com/dc-md-va/2021/12/10/manassas-park-high-school-threat/,0,link is dead
https://www.wlwt.com/article/school-threats-investigations-at-2-additional-cincinnati-area-districts/38488289,356,ok
https://www.msn.com/en-us/news/us/bullet-found-at-school-in-fort-mill-no-danger-or-threat-police-school-officials-say/ar-AARHlRD,0,page opened but no article text
https://augustafreepress.com/sheriffs-office-investigating-social-media-threats-directed-at-beverley-manor-middle-school/,0,page opened but no article text
https://www.rep-am.com/local/localnews/2021/12/11/out-of-class-the-pandemic-social-media-and-threats-nationwide-are-leading-to-school-refusal-from-students/,1610,ok
https://bringmethenews.com/minnesota-news/student-arrested-after-snapchat-threat-against-central-mn-school,0,link is dead
https://www.thehour.com/news/article/You-go-into-a-panic-Norwalk-school-threats-16694938.php,655,ok
https://www.theridgefieldpress.com/news/article/Police-Teen-in-Norwalk-school-threats-aided-by-16692489.php?t=3b1344e68e,849,ok
https://kgmi.com/news/007700-second-student-arrested-in-threats-to-sehome-high-school/,0,link is dead
https://www.rep-am.com/local/localnews/2021/12/11/out-of-class-how-the-pandemic-social-media-and-threats-are-leading-to-school-refusal-from-kids/,1610,ok
https://dailyvoice.com/new-york/peekskill/schools/threat-of-gun-violence-under-investigation-at-two-hudson-valley-schools/821672/,0,link is dead
https://www.wfsb.com/news/ct-21-states-education-commissioner-addresses-school-threats/article_753bd4a8-591c-11ec-8208-d3a045289f73.html,1543,ok
https://www.wboc.com/story/45425022/delaware-state-police-issues-statement-on-social-media-threats-at-schools,0,link is dead
https://www.sheltonherald.com/news/article/Police-Teen-in-Norwalk-school-threats-aided-by-16692489.php?t=3b1344e68e,849,ok
https://www.registercitizen.com/news/article/Police-Teen-in-Norwalk-school-threats-aided-by-16692489.php?t=3b1344e68e,849,ok
https://www.darientimes.com/news/article/Police-Teen-in-Norwalk-school-threats-aided-by-16692489.php?t=3b1344e68e,849,ok
https://bronx.news12.com/power-and-politics-threats-targeting-schools-protecting-ones-electrical-power-in-wake-of-surge-in-storms,56,ok
https://www.greenwichtime.com/news/article/Police-Teen-in-Norwalk-school-threats-aided-by-16692489.php?t=3b1344e68e,853,ok
https://www.nbcsandiego.com/news/local/san-diego-county-sees-multiple-school-threats-in-one-week/2814505/,346,ok
https://www.q13fox.com/news/16-year-old-arrested-for-bomb-gun-threats-at-sehome-high-school,268,ok
https://www.nhregister.com/news/article/Police-Teen-in-Norwalk-school-threats-aided-by-16692489.php,854,ok
https://www.wiltonbulletin.com/news/article/Police-Teen-in-Norwalk-school-threats-aided-by-16692489.php?t=3b1344e68e,849,ok
https://www.ctpost.com/news/article/Police-Teen-in-Norwalk-school-threats-aided-by-16692489.php?t=3b1344e68e,853,ok
https://www.nhregister.com/news/article/Police-Teen-in-Norwalk-school-threats-aided-by-16692489.php?t=3b1344e68e,854,ok
https://www.ncadvertiser.com/news/article/Police-Teen-in-Norwalk-school-threats-aided-by-16692489.php?t=3b1344e68e,849,ok
https://www.newstimes.com/news/article/Police-Teen-in-Norwalk-school-threats-aided-by-16692489.php?t=3b1344e68e,853,ok
https://www.middletownpress.com/news/article/Police-Teen-in-Norwalk-school-threats-aided-by-16692489.php?t=3b1344e68e,849,ok
https://news.yahoo.com/3-teens-arrested-schools-threatened-002738912.html,334,ok
https://brooklyn.news12.com/power-and-politics-threats-targeting-schools-protecting-ones-electrical-power-in-wake-of-surge-in-storms,56,ok
https://www.newsleader.com/story/news/2021/12/10/beverley-manor-middle-school-target-threats-sheriffs-office-investigating/6471626001/,299,ok
https://newjersey.news12.com/power-and-politics-threats-targeting-schools-protecting-ones-electrical-power-in-wake-of-surge-in-storms,56,ok
https://dailyvoice.com/new-york/whiteplains/schools/threat-of-gun-violence-under-investigation-at-two-hudson-valley-schools/821672/,0,link is dead
https://www.nbcsandiego.com/tag/school-threat/,61,ok
https://www.trumbulltimes.com/news/article/Police-Teen-in-Norwalk-school-threats-aided-by-16692489.php?t=3b1344e68e,849,ok
https://www.milfordmirror.com/news/article/Police-Teen-in-Norwalk-school-threats-aided-by-16692489.php?t=3b1344e68e,849,ok
https://www.thehour.com/news/article/You-go-into-a-panic-Norwalk-school-threats-16694938.php?t=2569724017,655,ok
https://www.alamogordonews.com/story/community/2021/12/11/threats-alamogordo-high-school-not-credible/6465237001/,0,link is dead
https://www.registerguard.com/story/news/2021/12/13/oregon-schools-see-rise-in-threats-of-violence-following-michigan-school-shooting-copycats-guns/6440390001/,1452,ok
https://www.nbclosangeles.com/news/local/no-threat-to-dexter-middle-school-whittier-police-say/2777719/,102,ok
https://www.wyff4.com/article/greenville-county-school-district-responds-to-threatening-post/38496240,214,ok
https://www.floppingaces.net/most-wanted/aft-president-threatens-anyone-who-dares-oppose-crt-teaching-in-schools/,629,ok
https://wlkm.com/2021/12/threats-cause-school-lockdowns/,103,ok
https://starlocalmedia.com/friscoenterprise/news/frisco-isd-school-cancels-classes-in-amid-threats/article_7bec11a0-5c3c-11ec-a244-5ff32f92f4d2.html,0,link is dead
https://www.cachevalleydaily.com/news/archive/2021/12/13/tremonton-schools-moved-online-as-police-investigate-potential-threats/,0,link is dead
https://dailyvoice.com/new-york/yorktown/schools/threat-of-gun-violence-under-investigation-at-two-hudson-valley-schools/821672/,0,link is dead
https://www.progress-index.com/story/news/2021/12/13/prince-george-student-arrested-threatening-violence-school/6500921001/,329,ok
https://www.nbcconnecticut.com/news/local/ansonia-high-school-in-lockdown-due-to-threat/2671165/,240,ok
https://www.thesuburban.com/news/police-arrest-six-teens-after-threats-in-high-schools/article_2a3854ef-3804-51de-8a6e-5be11fd60332.html,208,ok
https://www.jamestownsun.com/news/crime-and-courts/7320273-Recent-school-threats-highlight-importance-of-speedy-responses-from-Big-Tech-for-police,0,link is dead
https://www.livehindustan.com/ncr/story-omicron-variant-fear-when-will-the-lockdown-imposed-in-delhi-and-when-will-school-reopen-arvind-kejriwal-tells-5315788.html,813,ok
https://www.msn.com/en-us/news/us/after-student-brings-weapon-to-broughton-high-school-campus-has-brief-lockdown/ar-AARMcuN,0,page opened but no article text
http://www.inklingsnews.com/news/2021/12/13/fairfield-county-schools-experience-surge-of-threats/,495,ok
https://www.cbc.ca/news/canada/montreal/montreal-police-arrest-6-teens-high-school-threat-1.6283658,0,link is dead
https://www.abc10.com/article/news/local/davis/davis-school-district-noncredible-threat/103-18b59e86-a35f-4566-a083-32f9549382df,0,link is dead
https://www.theday.com/policefirecourts/20211213/bb-gun-at-new-london-middle-school-leads-to-lockdown,0,link is dead
https://www.kaaltv.com/austin-minnesota-news/police-no-real-threat-to-austin-high-school-after-post-circulates-on-social-media/6331230/?cat=10151,0,link is dead
https://www.fox13now.com/news/local-news/west-high-school-under-lockdown-due-to-alleged-gun-threat,469,ok
https://www.wnem.com/news/police-arrest-teen-seize-firearms-from-home-in-cass-city-schools-threat/article_2c339d34-5b8f-11ec-8153-2366c4bd6880.html,0,link is dead
https://www.thedickinsonpress.com/news/crime-and-courts/7320273-Recent-school-threats-highlight-importance-of-speedy-responses-from-Big-Tech-for-police,0,link is dead
https://www.fox35orlando.com/news/orange-county-schools-false-threats-foolish-pranks-will-have-serious-consequences,224,ok
https://740thefan.com/2021/12/13/school-threat-investigation-delayed-by-google-response/,213,ok
https://www.msn.com/en-us/news/us/after-student-brings-gun-to-broughton-high-school-campus-has-brief-lockdown/ar-AARM3GE,0,page opened but no article text
https://www.fox4news.com/news/frisco-isd-cancels-classes-at-lone-star-high-school-due-to-threat,577,ok
https://www.msn.com/en-us/news/us/oregon-schools-see-rise-in-threats-of-violence-following-deadly-michigan-school-shooting/ar-AARLCqx,0,page opened but no article text
https://www.kaaltv.com/austin-minnesota-news/police-no-real-threat-to-austin-high-school-after-post-circulates-on-social-media/6331230/,0,link is dead
https://www.dailyherald.com/news/20211213/addison-boy-accused-of-posting-threat-against-a-wood-dale-school,0,page opened but no article text
https://www.candgnews.com/news/teen-charged-after-allegedly-threatening-violence-at-bloomfield-hills-high-school-122281,0,link is dead
https://www.foxcarolina.com/news/gcs-investigation-underway-after-threatening-posts-circulate-on-social-media-regarding-upstate-school/article_6b1a0a6e-5bae-11ec-b709-e73efb551a68.html,1607,ok
https://www.sanfordherald.com/archives/schools-law-enforcement-deal-with-threats/article_d237adc6-98db-5399-bc3f-095dc36c68f0.html,0,link is dead
https://www.fox13now.com/news/local-news/police-investigating-multiple-potential-threats-at-box-elder-county-schools,158,ok
https://www.fox13now.com/news/local-news/several-schools-in-box-elder-county-move-to-online-learning-because-of-threats,315,ok
https://starlocalmedia.com/friscoenterprise/news/frisco-isd-school-cancels-classes-amid-threats/article_7bec11a0-5c3c-11ec-a244-5ff32f92f4d2.html,0,link is dead
https://www2.ljworld.com/news/schools/2021/dec/13/hundreds-of-students-stay-home-after-recent-reported-threat-at-billy-mills-middle-school/,810,ok
https://www.candgnews.com/news/st-clair-shores-schools-receive-threats-after-oxford-high-school-shooting-122282,0,link is dead
https://news.yahoo.com/second-threat-norwalk-schools-made-200200296.html,328,ok
https://www.1470wmbd.com/2021/12/13/second-threat-made-to-canton-middle-school/,361,ok
https://halifax.citynews.ca/police-beat/teen-arrested-after-online-threats-against-two-westphal-schools-4858902,148,ok
https://www.wtol.com/article/news/crime/threats-of-violence-made-against-oregon-school-students-placed-on-lockdown/512-cf04c104-483c-4f91-b9ef-5316f9253ad7,0,link is dead
https://www.nbcdfw.com/news/local/classes-canceled-at-frisco-isd-high-school-after-social-media-threats/2837293/,447,ok
https://www.fox35orlando.com/news/police-florida-student-arrested-after-making-school-shooting-threat,161,ok
https://www.deseret.com/utah/2021/12/13/22832697/2-west-high-students-detained-after-possible-threat-violence-school-utah-police-say,433,ok
https://www.pineandlakes.com/news/7320323-Pequot-Lakes-Schools-close-Monday-Dec.-13-over-safety-threats,219,ok
https://www.pineandlakes.com/news/7320722-Pequot-Lakes-police-school-district-investigate-knife-incident-social-media-comments-deemed-threatening,301,ok
https://www.msn.com/en-us/news/us/no-threat-to-dexter-middle-school-whittier-police-say/ar-AARLGNT,0,page opened but no article text
https://www.police1.com/school-safety/articles/ore-schools-see-rise-in-threats-following-deadly-mich-school-shooting-93LTDVJXkrjrjMLs/,1446,ok
https://www.abc12.com/news/crime/mt-morris-middle-school-placed-on-lockdown-after-bullet-found-inside/article_65e9970a-5c33-11ec-9f34-bb9ae867237c.html,0,link is dead
https://www.waaytv.com/news/albertville-middle-school-student-arrested-after-threat-reported-on-social-media/article_bce7da02-5c34-11ec-9dc2-77f7d0e95ff2.html,903,ok
https://wncy.com/2021/12/13/two-preble-high-school-students-charged-with-making-violent-threats/,109,ok
https://www.wxyz.com/news/more-than-10k-sign-petition-asking-for-oakland-co-schools-to-go-virtual-amid-threats,188,ok
https://montreal.ctvnews.ca/montreal-police-arrest-6-teenagers-for-alleged-threats-against-schools-in-possible-confession-trend-1.5705005,0,link is dead
https://www.freep.com/story/news/education/2021/12/13/oakland-students-petition-close-schools-threats-oxford/6494339001/,346,ok
https://www.fox32chicago.com/news/13-year-old-niles-student-charged-with-threatening-to-shoot-up-his-school,124,ok
https://www.msn.com/en-us/news/crime/volusia-sheriff-enraged-over-recent-rise-in-school-threats-calls-for-greater-accountability/ar-AARMpcS,0,page opened but no article text
https://www.idahostatejournal.com/news/local/northern-utah-schools-closed-due-to-threats/article_a9c8af14-5a1a-568d-a6c2-c536b7be73ce.html,0,link is dead
https://dailyvoice.com/new-york/putnam/schools/threat-of-gun-violence-under-investigation-at-two-area-schools/821672/,0,link is dead
https://www.wfaa.com/article/news/education/frisco-isd-cancels-classes-lone-star-high-school-threat-texas/287-e5000022-6f06-4eb2-afb5-9661c8b51379,0,link is dead
https://www.cantondailyledger.com/story/news/2021/12/13/monday-afternoon-another-threat-school-violence-found-ims/6500138001/,163,ok
https://www.brainerddispatch.com/news/7320488-Pequot-Lakes-Schools-closed-Monday-over-safety-threats,219,ok
https://www.kaaltv.com/austin-minnesota-news/police-no-real-threat-to-austin-high-school-after-post-circulates-on-social-media/6331230/?cat=10217,0,link is dead
https://dailyvoice.com/new-york/northsalem/schools/threat-of-gun-violence-under-investigation-at-two-hudson-valley-schools/821672/,0,link is dead
https://www.ksl.com/article/50310863/2-west-high-students-detained-after-possible-threat-of-violence-at-school-police-say,483,ok
https://www.ktvu.com/news/child-arrested-after-threatening-to-harm-students-and-staff-at-san-rafael-school,231,ok
https://www.mix1069.com/2021/12/13/second-threat-made-to-canton-middle-school/,360,ok
https://www.hjnews.com/news/local/some-box-elder-schools-moved-online-amid-threat-allegations/article_f79f5f01-0e19-58a0-8f44-f1ceb06d8f73.html,0,link is dead
https://www.abc10.com/article/news/local/fairfield/no-credibility-fairfield-high-school-threat-rumors/103-4882b571-9c6b-40b0-95e9-94acd28cf3c7,0,link is dead
https://www.ifiberone.com/columbia_basin/wenatchee-school-district-made-aware-of-threats-posted-on-social-media/article_aed395ce-5c47-11ec-b39e-07bcd45f371f.html,397,ok
https://www.whby.com/2021/12/13/two-students-reportedly-admit-to-green-bay-preble-high-school-threats/,90,ok
https://gephardtdaily.com/local/update-box-elder-school-district-closes-8-schools-due-to-online-threats/,157,ok
https://www.grandforksherald.com/news/crime-and-courts/7320273-Recent-school-threats-highlight-importance-of-speedy-responses-from-Big-Tech-for-police,0,link is dead
https://www.wgrz.com/article/news/local/lockport-schools-return-to-in-person-learning-following-online-threats/71-9b9649e3-8d86-406c-9701-7621123e942c,0,link is dead
https://www.wxow.com/news/top-stories/legal-experts-explain-how-students-can-face-criminal-charges-if-they-threaten-schools-safety/article_5be998a2-5ba4-11ec-9d8c-278fc397796a.html,452,ok
https://www.wjle.com/news/dekalb-west-school-student-arrested-for-threatening-to-shoot-a-teacher/,0,link is dead
https://www.msn.com/en-us/news/us/lee-s-summit-schools-attorney-blasts-missouri-ag-schmitt-for-threat-on-covid-rules/ar-AARMwKl,0,page opened but no article text
https://www.postandcourier.com/greenville/news/social-media-threats-against-greenville-schools-under-investigation-15-year-old-charged/article_fd0d4c8e-5c20-11ec-a2a0-676f2f2c3198.html,148,ok
https://krdo.com/news/2021/12/13/police-arrest-teen-seize-firearms-from-home-in-cass-city-schools-threat/,1062,ok
https://beacononlinenews.com/2021/12/13/student-arrested-after-threatening-violence-at-deland-high-school/,0,link is dead
https://www.msn.com/en-us/news/us/ansonia-high-school-in-lockdown-due-to-threat/ar-AARM1pw,0,page opened but no article text
https://www.fox61.com/article/news/local/new-haven-county/ansonia-high-school-lockdown-threat/520-629911f7-f824-4fb4-9541-3374cff660af,0,link is dead
https://www.freep.com/story/news/local/michigan/oakland/2021/12/13/west-bloomfield-schools-releases-students-amid-suspected-threat/6493267001/,391,ok
https://www.winknews.com/2021/12/13/getting-your-children-to-understand-the-consequences-of-making-school-threats/,0,link is dead
https://www.kxdlhotrodradio.com/news/school-threat,0,link is dead
https://froggyweb.com/2021/12/13/school-threat-investigation-delayed-by-google-response/,213,ok
https://duke.fm/2021/12/13/two-preble-high-school-students-charged-with-making-violent-threats/,109,ok
https://news.yahoo.com/school-threat-investigated-concerns-continue-213623436.html,150,ok
https://auburnpub.com/news/local/weekly-top-reads-auburn-restaurant-for-sale-reported-auburn-school-threat-cayuga-county-area-marijuana/collection_7028bd92-5b9b-11ec-ba9c-7f88d488eafc.html,0,link is dead
https://www.wnmufm.org/law-enforcement/2021-12-13/school-threats-will-be-fully-prosecuted-houghton-sheriffs-officials-say,125,ok
https://www.theunion.com/news/nevada-county-police-blotter-caller-reports-threat-to-school/,0,link is dead
https://ottawacitizen.com/news/local-news/threats-at-west-carleton-secondary-school-prompt-investigation-lead-to-greater-police-presence,0,link is dead
https://www.msn.com/en-us/news/us/student-arrested-after-threat-at-ansonia-high-school-causes-lockdown-early-dismissal/ar-AARM1pw,0,page opened but no article text
https://www.ifiberone.com/south_sound/columbia_basin/wenatchee-school-district-made-aware-of-threats-posted-on-social-media/article_aed395ce-5c47-11ec-b39e-07bcd45f371f.html,0,link is dead
https://www.wgrz.com/article/news/local/sweet-home-central-school-district-identify-social-media-threat/71-f400f2c7-ff51-4dd4-9192-4e81aa0f27e7,0,link is dead
https://www.newschannel5.com/news/dekalb-co-schools-dealing-with-gun-violence-threat-at-elementary-school,187,ok
https://lancasteronline.com/news/local/garden-spot-high-school-briefly-goes-into-lockdown-monday-morning-after-reports-of-outside-threat/article_c9a64e76-5c35-11ec-ac29-5b3b9e9ef3b6.html,0,link is dead
https://www.khou.com/article/news/local/its-not-funny-and-we-will-find-you-prosecutor-superintendent-react-to-threats-that-closed-schools/69-49462f6b-bfb7-47c6-a172-953ba799be18,0,link is dead
https://www.keranews.org/news/2021-12-13/lone-star-high-school-in-frisco-cancels-classes-following-threats-on-social-media,0,link is dead
https://www.davisenterprise.com/news/local/police-school-officials-investigate-threat-of-violence-at-emerson-da-vinci/,0,link is dead
https://www.columbian.com/news/2021/dec/13/educators-report-a-rise-in-school-threats-fights-and-misbehavior-and-blame-covid/,95,ok
https://www.fox17online.com/news/local-news/michigan/more-than-10k-sign-petition-asking-for-oakland-co-schools-to-go-virtual-amid-threats,188,ok
https://y94.com/2021/12/13/school-threat-investigation-delayed-by-google-response/,213,ok
https://www.nbcconnecticut.com/news/local/new-london-student-brings-bb-gun-to-school-prompts-lockdown/2671457/,194,ok
https://www.ksl.com/article/50310663/box-elder-school-district-moves-some-classes-online-due-to-potential-threats,484,ok
https://montreal.ctvnews.ca/6-teenagers-arrested-for-threatening-schools-across-montreal-1.5705005,0,link is dead
https://wsvaonline.com/news/146641-two-juveniles-face-charges-for-threats-against-middle-school/,0,link is dead
https://www.foxcarolina.com/news/district-adds-extra-law-enforcement-at-multiple-schools-following-similar-threats/article_65d90878-5c14-11ec-a983-77f902169928.html,1607,ok
https://montreal.ctvnews.ca/high-school-in-chateauguay-closed-following-threats-on-social-media-1.5704871,213,ok
https://www.kgw.com/article/news/education/school-threats-increase-salem-oregon/283-cd048ea6-22fa-4794-b7a1-7539f9cd551e,0,link is dead
https://starlocalmedia.com/friscoenterprise/news/frisco-school-to-remain-closed-tuesday-amid-threat-response/article_e36f181e-5c81-11ec-997c-1fc569e4611d.html,0,link is dead
https://www.9and10news.com/2021/12/14/cadillac-high-school-student-arrested-for-making-threat/,0,link is dead
https://www.msn.com/en-us/news/us/lees-summit-schools-attorney-blasts-missouri-ag-schmitt-for-threat-on-covid-rules/ar-AARMwKl,0,page opened but no article text
https://961theeagle.com/13-year-old-accused-of-making-threat-against-rome-middle-school/,162,ok
https://www.fox4news.com/news/juvenile-arrested-for-hoax-threat-at-marcus-high-school,568,ok
https://www.msn.com/en-us/news/us/theodore-decker-a-parents-struggle-to-stay-rational-amid-threats-of-school-violence/ar-AARNoj7,0,page opened but no article text
https://92moose.fm/maine-high-school-evacuated-after-threats-made-during-school-board-meeting/,411,ok
https://www.nhregister.com/news/article/New-Haven-school-threats-were-trying-and-16701196.php,876,ok
https://siouxcityjournal.com/lifestyles/health-med-fit/dutch-extend-covid-lockdown-school-holidays-to-start-early/article_5ffd75ce-b14e-561f-89b9-333822186487.html,0,link is dead
https://www.fox17online.com/news/local-news/michigan/im-nervous-says-6th-grade-oxford-middle-student-after-district-closes-schools-after-threat,297,ok
https://www.nbcconnecticut.com/news/local/2-more-students-arrested-in-connection-with-ansonia-high-school-threat/2672254/,327,ok
https://www.golocalprov.com/news/barrington-warns-families-of-threat-of-violence-at-high-school-police-provi,227,ok
https://www.newscentermaine.com/article/news/local/police-investigating-threats-made-during-rsu-10-school-board-meeting/97-6aaa39df-0c25-47de-a3f3-b3d44c193cfb,0,link is dead
https://www.detroitnews.com/story/news/local/oakland-county/2021/12/13/oxford-schools-closed-tuesday-after-social-media-threat/6503593001/,342,ok
https://abcnews.go.com/Health/wireStory/dutch-extend-covid-lockdown-school-holidays-start-early-81749882,0,link is dead
https://www.detroitnews.com/story/news/local/oakland-county/2021/12/14/oxford-high-school-shooting-geoffrey-fieger-accusation-death-threats/6509912001/,319,ok
https://www.sfgate.com/news/article/Dutch-extend-COVID-lockdown-school-holidays-to-16701445.php,0,link is dead
https://calgary.ctvnews.ca/2-lethbridge-high-schools-closed-evacuated-in-response-to-unverified-threat-1.5706670,0,link is dead
https://www.dailymail.co.uk/news/article-10306901/Oxford-Community-Schools-close-buildings-threat-against-middle-school-social-media.html,0,link is dead
https://www.fox13now.com/news/local-news/school-threats-in-utah-part-of-nationwide-trend,410,ok
https://www.wphm.net/2021/12/14/oxford-middle-school-closes-for-day-due-to-social-media-threat-after-deadly-shooting/,0,link is dead
https://www.wfmz.com/news/area/poconos-coal/mahanoy-area-school-district-goes-virtual-tuesday-out-of-caution-over-potential-threat/article_ea1178dc-5d13-11ec-9031-cb0f432c9acd.html,0,link is dead
https://bigfrog104.com/13-year-old-accused-of-making-threat-against-rome-middle-school/,162,ok
https://www.michiganradio.org/public-safety/2021-12-14/oxford-schools-closed-tuesday-after-threat-to-middle-school-shooting-suspects-parents-back-in-court,313,ok
https://www.seattlepi.com/news/article/Dutch-extend-COVID-lockdown-school-holidays-to-16701445.php,0,link is dead
https://www.sj-r.com/story/news/2021/12/14/springfield-virtual-forum-discuss-school-violence-threats/6503832001/,339,ok
https://www.wcsy.com/2021/12/13/lakeshore-schools-closed-tuesday-due-to-threats/,91,ok
https://patch.com/new-jersey/oceancity/shooting-threat-prompts-evacuation-ocean-city-high-school,307,ok
https://www.msn.com/en-us/news/us/barrington-high-parents-students-are-pressing-the-school-to-take-action-after-shooting-threat/ar-AAROSDo,0,page opened but no article text
https://wkzo.com/2021/12/14/student-removed-from-holland-high-school-after-alleged-online-threat/,313,ok
https://www.41nbc.com/southwest-high-school-receives-bomb-threat-tuesday-morning-students-evacuated/,101,ok
https://www.gadsdentimes.com/story/news/local/2021/12/13/albertville-schools-social-media-threat-discovered-neutralized/6501254001/,160,ok
https://www.abc12.com/news/crime/genesee-county-school-threat-investigations-now-top-20-prosecutor-says/article_4b04ba3a-5ce9-11ec-825b-4ff4406f1cd5.html,207,ok
https://www.mycentraloregon.com/2021/12/14/oxford-middle-school-closes-for-day-due-to-social-media-threat-after-deadly-shooting/,432,ok
https://www.9and10news.com/2021/12/14/cadillac-high-school-student-could-be-charged-for-making-threat/,0,link is dead
https://www.wsjm.com/2021/12/13/lakeshore-high-school-closed-tuesday-due-to-threat/,91,ok
https://www.abc57.com/news/potential-threat-made-to-north-side-middle-school,111,ok
https://wtaq.com/2021/12/13/two-preble-high-school-students-charged-with-making-violent-threats/,110,ok
http://www.chicagotribune.com/suburbs/niles/ct-nhs-culver-school-threat-tl-1216-20211213-jenaxshvhrelpfjqvsdqqtoj7m-story.html,357,ok
https://www.sunjournal.com/2021/12/13/rsu-10-closes-schools-after-online-hackers-make-threats-during-board-meeting/,386,ok
https://www.kynt1450.com/news/oxford-middle-school-closes-for-day-due-to-social-media-threat-after-deadly-shooting/,0,link is dead
https://kxel.com/2021/12/14/oxford-middle-school-closes-for-day-due-to-social-media-threat-after-deadly-shooting/,0,link is dead
https://www.983thecoast.com/2021/12/13/lakeshore-schools-closed-tuesday-due-to-threats/,0,link is dead
https://www.wzzm13.com/article/news/investigations/oxford-schools-closed-threats/69-5a805824-b5bb-4d88-82c9-f9630766c52b,0,link is dead
https://www.msn.com/en-us/news/us/mountain-valley-hs-evacuated-as-alleged-threats-made-during-school-board-meeting/ar-AARMyRO,0,page opened but no article text
http://www.msn.com/en-nz/news/world/new-shooting-threat-closes-oxford-schools-as-ethan-crumbley-s-parents-due-in-court/ar-AARO2EM,0,page opened but no article text
https://www.850wftl.com/oxford-middle-school-closes-for-day-due-to-social-media-threat-after-deadly-shooting/,432,ok
https://missoulian.com/lifestyles/health-med-fit/dutch-extend-covid-lockdown-school-holidays-to-start-early/article_405529e6-d2a2-50b9-b313-1c8460af8e97.html,0,link is dead
https://medicalxpress.com/news/2021-12-dutch-covid-lockdown-school-holidays.html,339,ok
https://siouxcityjournal.com/news/local/education/east-high-east-middle-school-put-on-lockdown-following-threat/article_5ebc1277-43f5-504b-92bd-ef9c847d79d5.html,0,link is dead
https://www.983thecoast.com/2021/12/14/two-threats-made-against-upton-middle-school/,0,link is dead
https://gazette.com/news/michigan-school-district-that-suffered-shooting-closes-tuesday-due-to-threat/article_842636b6-334c-5144-b8d0-7c22af97adec.html,0,link is dead
https://www.ctpost.com/news/article/Dutch-extend-COVID-lockdown-school-holidays-to-16701445.php,0,link is dead
https://www.wirx.com/2021/12/13/lakeshore-schools-closed-tuesday-due-to-threats/,0,link is dead
https://www.postandcourier.com/education-lab/sc-students-facing-new-threats-of-school-violence-as-they-return-to-in-person-learning/article_92273728-5c6a-11ec-8fde-5fd636e2e2fc.html,0,link is dead
https://www.niagara-gazette.com/news/local_news/police-probe-school-threat/article_400ceccf-b60f-56da-8755-24f995e3229a.html,0,link is dead
https://www.wnep.com/article/news/local/schuylkill-county/mahanoy-area-school-district-to-go-virtual-following-threat-cancel-school-police/523-a4c6fb08-b26a-49cf-8829-ce35c0301a0e,0,link is dead
https://localnews8.com/news/2021/12/14/police-investigate-3-separate-michigan-school-threats-2-students-taken-into-custody/,1062,ok
https://www.wboc.com/story/45451820/dutch-extend-covid-lockdown-school-holidays-to-start-early,0,link is dead
https://montreal.ctvnews.ca/police-arrest-11-teenagers-for-alleged-threats-against-montreal-schools-in-possible-confession-trend-1.5705005,236,ok
https://wbckfm.com/students-charged-calhoun-county-schools-threats/,258,ok
https://www.fairfieldcitizenonline.com/news/article/Dutch-extend-COVID-lockdown-school-holidays-to-16701445.php,0,link is dead
https://news.yahoo.com/dutch-extend-covid-lockdown-school-185704005.html,331,ok
https://www.newsweek.com/oxford-community-schools-close-after-threat-against-middle-school-two-weeks-after-shooting-1659045,518,ok
https://www.channel3000.com/i/dutch-extend-covid-lockdown-school-holidays-to-start-early/,0,link is dead
https://calgary.ctvnews.ca/lethbridge-high-school-closed-in-response-to-unverified-threat-1.5706670,0,link is dead
https://www.wxyz.com/news/four-more-students-charged-for-making-alleged-threats-of-violence-against-wayne-county-schools,248,ok
https://kstp.com/minnesota-news/families-alerted-after-instagram-account-threatens-maple-grove-high-school/6331426/?cat=12196,271,ok
https://www.wtol.com/article/news/local/the-process-of-charging-a-juvenile-with-making-a-school-threat/512-cd0369ea-9a2d-40d4-93df-f10490a90a7a,0,link is dead
https://easttexasradio.com/collin-county-school-threats/,158,ok
https://www.msn.com/en-us/news/us/michigan-state-police-and-criminal-psychology-professor-explain-school-threat-increase/ar-AARMzrN,0,page opened but no article text
https://gephardtdaily.com/local/update-police-say-online-threats-at-box-elder-county-schools-were-attempts-at-being-funny/,361,ok
https://www.abc6.com/dighton-police-complete-investigation-into-dighton-middle-school-threat/,0,link is dead
https://www.wkyc.com/article/news/local/summit-county/barberton-middle-school-soft-lockdown-threats/95-f7637a33-3cd4-48d8-b720-164964ee28b9,0,link is dead
https://www.thenorthernecho.co.uk/news/19784396.schools-middlesbrough-council-buildings-put-lockdown/,457,ok
https://www.dispatch.com/story/news/columns/2021/12/14/school-violence-parents-struggle-stay-calm-amid-threats/6461304001/,741,ok
https://lite987.com/13-year-old-accused-of-making-threat-against-rome-middle-school/,162,ok
https://www.ifiberone.com/news/national_news/dutch-extend-covid-lockdown-school-holidays-to-start-early/article_a5379628-9f37-58da-b78f-13a6621f825e.html,0,link is dead
https://www.wbal.com/article/545995/110/oxford-middle-school-closes-for-day-due-to-social-media-threat-after-deadly-shooting,0,link is dead
https://www.msn.com/en-us/news/us/threat-prompts-radford-city-schools-to-shelter-in-place/ar-AARNX33,0,page opened but no article text
https://www.sunjournal.com/2021/12/14/rsu-10-closes-schools-after-online-threats-during-board-meeting/,386,ok
https://www.pressherald.com/2021/12/14/rsu-10-closes-schools-after-online-threats-during-board-meeting/,386,ok
https://www.q13fox.com/news/additional-security-at-snohomish-high-school-after-social-media-threat-principal-says,179,ok
https://www.wktv.com/content/news/13-year-old-charged-following-threatening-social-media-post-about-Strough-Middle-School-575917121.html,0,link is dead
https://www.fox2detroit.com/news/oxford-school-district-closed-nov-14-after-threat-to-middle-school,250,ok
https://www.wxyz.com/news/oxford-school-shooting/oxford-community-schools-closed-tuesday-after-threat-posted-on-social-media,214,ok
https://www.wcsy.com/2021/12/14/two-threats-made-against-upton-middle-school/,120,ok
https://www.x1071.com/2021/12/14/stoughton-middle-school-student-sent-home-following-threat-directed-at-school-district-says/,0,link is dead
https://www.wxyz.com/news/oxford-school-shooting/im-nervous-says-6th-grade-oxford-middle-student-after-district-closes-schools-after-threat,297,ok
https://www.933thedrive.com/2021/12/13/second-threat-made-to-canton-middle-school/,360,ok
https://patch.com/minnesota/maplegrove/threat-made-against-maple-grove-high-school-police,442,ok
https://www.providencejournal.com/story/news/crime/2021/12/13/barrington-high-school-violence-threat-warning-parents-secure-guns-firearms/6502710001/,234,ok
https://www.wesh.com/article/volusia-sheriff-enraged-rise-school-threats/38506486,346,ok
https://dailyvoice.com/new-york/putnam/schools/high-school-student-in-area-makes-threatening-social-media-post/821821/,0,link is dead
https://www.1049thewolf.com/2021/12/13/second-threat-made-to-canton-middle-school/,360,ok
https://dailyvoice.com/new-york/armonk/schools/high-school-student-in-northern-westchester-makes-threatening-social-media-post/821821/,0,link is dead
https://www.brainerddispatch.com/news/7321422-Pequot-Lakes-School-classes-to-resume-Tuesday-after-threats-deemed-not-credible,358,ok
https://www.heraldpalladium.com/communities/stevensville/police-investigating-threats-at-lakeshore-st-joseph-schools/article_f19fe1ce-2243-527f-b8e9-818ca7b82f76.html,0,link is dead
https://www.wfsb.com/news/teen-charged-in-connection-with-threat-that-prompted-ansonia-high-school-to-go-into-lockdown/article_ac2bc6fe-5c40-11ec-bff4-7f8a8c094fb9.html,1543,ok
https://www.greenwichtime.com/news/article/Dutch-extend-COVID-lockdown-school-holidays-to-16701445.php,0,link is dead
https://www.registercitizen.com/news/article/Dutch-extend-COVID-lockdown-school-holidays-to-16701445.php,0,link is dead
https://www.newmilfordspectrum.com/news/article/Dutch-extend-COVID-lockdown-school-holidays-to-16701445.php,0,link is dead
https://bringmethenews.com/minnesota-news/numerous-minnesota-schools-have-had-violent-threats-the-past-2-weeks,0,link is dead
https://augustafreepress.com/third-augusta-county-school-targeted-with-threat-on-social-media/,0,page opened but no article text
https://www.freep.com/story/news/education/2021/12/14/oxford-schools-reopen-buildings-wednesday-threat/8892210002/,196,ok
https://pasoroblesdailynews.com/social-media-threat-not-related-to-paso-robles-schools-says-district/136294/,255,ok
https://www.pineandlakes.com/news/7321422-Pequot-Lakes-School-classes-to-resume-Tuesday-after-threats-deemed-not-credible,358,ok
https://www.cp24.com/world/dutch-extend-covid-lockdown-school-holidays-to-start-early-1.5707002,0,link is dead
https://patch.com/massachusetts/milford-ma/threat-milford-high-school-under-investigation-report,193,ok
https://www.ksby.com/news/local-news/social-media-threat-not-aimed-at-paso-robles-school-officials-say,145,ok
https://www.cadillacnews.com/news/cadillac-high-school-student-could-face-charge-for-written-threat-against-school/article_751c5018-5c61-11ec-aabd-d768e47c53b6.html,0,link is dead
https://go955.com/2021/12/14/student-removed-from-holland-high-school-after-alleged-online-threat/,312,ok
https://www.kvoa.com/news/local/marana-police-investigate-reported-school-threat/article_dddde7b0-5d1a-11ec-880a-13cf1e233cd7.html,97,ok
https://927thevan.com/2021/12/14/student-removed-from-holland-high-school-after-alleged-online-threat/,312,ok
https://www.wsjm.com/2021/12/14/oxford-middle-school-closes-for-day-due-to-social-media-threat-after-deadly-shooting/,0,link is dead
https://www.nhregister.com/news/article/Dutch-extend-COVID-lockdown-school-holidays-to-16701445.php,0,link is dead
https://www.kimt.com/news/freeborn-mower-counties/austin-police-say-social-media-threat-against-school-was-not-credible/article_d752ef38-5c63-11ec-a35d-cf52e095ff2d.html,290,ok
https://kstp.com/minnesota-news/families-alerted-after-instagram-account-threatens-maple-grove-high-school/6331426/,271,ok
https://menafn.com/1103361049/Netherlands-extends-lockdown-school-holidays-to-start-early-amid-omicron-fears&source=27,0,link is dead
https://www.chroniclejournal.com/life/health/dutch-extend-covid-lockdown-school-holidays-to-start-early/article_fd47c827-222e-519d-afff-4229f95fd312.html,333,ok
https://wibx950.com/13-year-old-accused-of-making-threat-against-rome-middle-school/,162,ok
https://www.cantonrep.com/story/news/2021/12/14/13-year-old-perry-local-student-charged-inducing-panic-social-media-threat-school/6505666001/,591,ok
https://www.wsjm.com/2021/12/14/two-threats-made-against-upton-middle-school/,120,ok
https://www.wkbw.com/news/local-news/niagara-falls-police-investigating-threats-made-against-niagara-falls-high-school,233,ok
https://www.am1100theflag.com/features/40447-exclusive-west-fargo-police-chief-talks-amazon-donation-recent-rise-school-threats,0,link is dead
https://www.msn.com/en-us/news/us/oxford-schools-to-close-all-buildings-on-tuesday-after-threat/ar-AARMvAe,0,page opened but no article text
https://www.dutchnews.nl/news/2021/12/primary-schools-set-to-close-early-evening-lockdown-to-run-to-january-14-nos/,349,ok
https://dailyvoice.com/new-york/eastchester/schools/high-school-student-in-westchester-makes-threatening-social-media-post/821821/,0,link is dead
https://www.ctinsider.com/shorelinenews/article/Dutch-extend-COVID-lockdown-school-holidays-to-16701445.php,0,link is dead
https://abc17news.com/cnn-regional/2021/12/14/student-brings-bb-gun-to-middle-school-prompts-lockdown/,1062,ok
https://www.themercury.com.au/lifestyle/smart/tips-to-reduce-postlockdown-social-anxiety-over-the-school-holidays/news-story/426e772e6bc983028efc032f7339b813&memtype=anonymous&mode=premium&nk=1420beaf3eefd340edd51ac14326fbff-1639520205,0,link is dead
https://www.freep.com/story/news/education/2021/12/13/oxford-schools-close-tuesday-threat/6503592001/,298,ok
https://www.fox17online.com/oxford-community-schools-closed-tuesday-after-threat-posted-on-social-media,214,ok
https://www.ksro.com/2021/12/14/oxford-middle-school-closes-for-day-due-to-social-media-threat-after-deadly-shooting/,0,link is dead
https://menafn.com/1103361049/Netherlands-extends-lockdown-school-holidays-to-start-early-amid-omicron-fears&source=19,0,link is dead
https://dailyvoice.com/new-york/ossining/schools/high-school-student-in-northern-westchester-makes-threatening-social-media-post/821821/,0,link is dead
https://www.detroitnews.com/story/news/local/oakland-county/2021/12/14/oxford-school-shooting-new-threat-elementary-middle-schools-reopen-wednesday/8893137002/,294,ok
https://www.wbap.com/2021/12/13/chris-krok-show-frisco-high-school-cancelling-school-over-threats/,82,ok
https://omaha.com/lifestyles/health-med-fit/dutch-extend-covid-lockdown-school-holidays-to-start-early/article_38236a1a-49e1-5e58-ad05-7b4c1f5cb4d0.html,0,link is dead
https://www.wkyc.com/article/news/crime/norwalk-shooting-threats-middle-high-schools/95-a0e57d64-31e9-4a15-b317-4bb0b5099e48,0,link is dead
https://www.newscentermaine.com/article/news/crime/police-investigating-threats-made-during-rsu-10-school-board-meeting/97-6aaa39df-0c25-47de-a3f3-b3d44c193cfb,0,link is dead
https://abcnews.go.com/Business/wireStory/dutch-extend-covid-lockdown-school-holidays-start-early-81749883,0,link is dead
https://www.wbal.com/article/545995/109/oxford-middle-school-closes-for-day-due-to-social-media-threat-after-deadly-shooting,0,link is dead
https://www.abc57.com/news/lakeshore-high-school-to-close-tuesday-due-to-threat,100,ok
https://wisconsin106.com/2021/12/14/oxford-middle-school-closes-for-day-due-to-social-media-threat-after-deadly-shooting/,0,link is dead
https://journalnow.com/lifestyles/health-med-fit/dutch-extend-covid-lockdown-school-holidays-to-start-early/article_fbf33ffa-f5d8-5bb2-b585-333094b50c8e.html,0,link is dead
https://www.kare11.com/article/news/local/stilwater-area-high-school-oak-park-heights-placed-modified-lockdown/89-85efd9a8-1a43-46c3-a323-0166d65b4f8e,0,link is dead
https://www.fox17online.com/news/local-news/lakeshore/ottawa/student-sent-home-after-threat-made-against-holland-high-school,220,ok
https://www.chron.com/news/article/Dutch-extend-COVID-lockdown-school-holidays-to-16701445.php,0,link is dead
http://www.elpasoinc.com/news/ap_wire/business/dutch-extend-covid-lockdown-school-holidays-to-start-early/article_debec919-398b-5ab8-a01b-c56dee50aee8.html,0,link is dead
https://www.wtvr.com/news/local-news/prince-george-teen-arrested-for-making-school-threats,269,ok
https://koolam.com/maine-high-school-evacuated-after-threats-made-during-school-board-meeting/,407,ok
https://www.wcsy.com/2021/12/14/oxford-middle-school-closes-for-day-due-to-social-media-threat-after-deadly-shooting/,0,link is dead
https://abc10up.com/2021/12/13/houghton-county-sheriffs-looking-into-school-threats/,0,link is dead
https://www.abc57.com/news/police-investigate-3-separate-school-threats-2-students-taken-into-custody,178,ok
https://o.canada.com/news/local-news/threats-at-west-carleton-secondary-school-prompt-investigation-lead-to-greater-police-presence,0,link is dead
https://montrealgazette.com/news/local-news/montreal-police-arrest-six-teens-after-schools-threatened-online,387,ok
https://abc10up.com/2021/12/13/baraga-county-sheriff-to-increase-police-presence-following-threat-at-lanse-area-schools/,0,link is dead
https://b985.fm/maine-high-school-evacuated-after-threats-made-during-school-board-meeting-2/,306,ok
https://www.winnipegfreepress.com/business/dutch-extend-covid-lockdown-school-holidays-to-start-early-575917412.html,550,ok
https://www.wzzm13.com/article/news/local/lakeshore/student-removed-from-holland-high-school-after-administrators-learned-about-social-media-threat/69-6d2c6707-2ed5-49b6-bf8e-ae7e8ec8e92c,0,link is dead
https://www.wirx.com/2021/12/14/two-threats-made-against-upton-middle-school/,0,link is dead
https://www.radioiowa.com/2021/12/14/sioux-city-schools-locked-down-after-separate-threats-police-arrest-two-teens/,167,ok
https://www.deadlinedetroit.com/articles/29466/online_threat_shuts_6_oxford_schools_today_superintendent_delays_january_retirement,753,ok
https://www.willmarradio.com/news/national/oxford-middle-school-closes-for-day-due-to-social-media-threat-after-deadly-shooting/article_65e60ab6-5254-5746-9352-f085603c4fcc.html,0,link is dead
https://wiky.com/2021/12/14/oxford-middle-school-closes-for-day-due-to-social-media-threat-after-deadly-shooting/,0,link is dead
https://www.msn.com/en-us/news/us/upper-michigan-schools-and-concerned-parent-discuss-recent-copycat-threats/ar-AAROQrE,0,page opened but no article text
https://mynorthwest.com/3282320/dutch-extend-covid-lockdown-school-holidays-to-start-early/,0,link is dead
https://www.newsweek.com/oxford-shooting-copycat-threats-prompt-calls-michigan-schools-go-virtual-2022-1659237,553,ok
https://dailyvoice.com/new-york/mtkisco/schools/fox-lane-hs-student-makes-threatening-social-media-post/821821/,0,link is dead
https://dailyvoice.com/new-york/mountpleasant/schools/high-school-student-in-northern-westchester-makes-threatening-social-media-post/821821/,0,link is dead
https://www.fox17online.com/news/local-news/kzoo-bc/calhoun/4-calhoun-county-students-face-charges-related-to-school-threats,59,ok
https://www.wusa9.com/article/news/local/maryland/student-tip-leads-lockdown-of-high-school-in-maryland/65-2a57f4b0-93db-48d9-bd83-58d735b48144,0,link is dead
https://www.2news.com/elko-county-police-monitoring-social-media-threats-against-schools/article_c7372e2e-5d54-11ec-b9b7-8b4250120ffb.html,204,ok
https://www.fox17online.com/more-than-10k-sign-petition-demanding-all-oakland-county-schools-go-virtual-due-to-threats,351,ok
https://www.coastalpoint.com/news/police_fire/dsp-deems-recent-school-shooting-threats-non-credible/article_55c5ce54-5d21-11ec-8987-47f40e62aff2.html,116,ok
https://www.fox35orlando.com/news/it-could-be-life-altering-officials-explain-the-consequences-for-making-a-school-threat,383,ok
https://www.dailyherald.com/news/20211215/villa-park-teen-accused-of-posting-shooting-threat-against-willowbrook-high-school,6,ok
https://patch.com/ohio/clevelandheights/3rd-threat-9-days-made-toward-heights-schools,343,ok
https://www.wxyz.com/news/oxford-school-shooting/oxford-community-schools-closed-the-rest-of-the-week-after-concerns-of-threat,112,ok
https://www.fox17online.com/oxford-community-schools-closed-the-rest-of-the-week-after-concerns-of-threat,112,ok
https://www.classiccountry1070.com/2021/12/14/newton-elementary-school-placed-on-brief-lockdown-as-police-searched-for-dv-suspect/,0,link is dead
https://www.msn.com/en-us/news/crime/2-teenagers-arrested-in-connection-with-school-shooting-threats/ar-AARPcUq,0,page opened but no article text
https://news.stlpublicradio.org/show/st-louis-on-the-air/2021-12-14/wednesday-missouri-ags-threats-against-school-districts-draw-pushback,1048,ok
https://up989.iheart.com/content/2021-12-15-broward-county-middle-school-student-arrested-after-snapchat-death-threat/,107,ok
https://ottawa.ctvnews.ca/police-investigating-threat-made-toward-gloucester-high-school-1.5707623,196,ok
https://www.azcentral.com/story/news/local/tempe-breaking/2021/12/14/tempe-high-school-students-sent-home-police-investigate-threat/8897898002/,198,ok
https://globegazette.com/news/local/education/mason-city-schools-sends-message-to-families-about-threat-rumors/article_a0830a43-59dd-5949-b44d-bec5d60afbd1.html,0,link is dead
https://wncy.com/2021/12/15/another-social-media-threat-aimed-at-preble-high-school/,99,ok
https://starjournalnow.com/2021/12/15/potential-violence-threat-was-false-report-at-rhinelander-middle-school/,0,link is dead
https://patch.com/new-jersey/bridgewater/11-nj-school-threats-some-involving-guns-past-2-weeks,460,ok
https://www.kfdi.com/2021/12/14/newton-elementary-school-placed-on-brief-lockdown-as-police-searched-for-dv-suspect/,126,ok
https://www.cachevalleydaily.com/news/archive/2021/12/14/police-report-students-who-made-3-threats-against-box-elder-schools-will-face-charges/,0,link is dead
https://www.fox2detroit.com/news/wayne-county-prosecutor-charges-4-more-students-with-making-threats-of-violence-toward-schools,284,ok
https://www.antigojournal.com/news/local/rhinelander-school-threat-turns-out-to-be-false/article_50c78f03-eb11-5903-89c4-33dda34b9efd.html,98,ok
https://www.fox5ny.com/news/george-zimmermans-attorney-to-represent-florida-school-shooting-threat-suspect,324,ok
https://1055thebeat.iheart.com/content/2021-12-15-broward-county-middle-school-student-arrested-after-snapchat-death-threat/,107,ok
https://www.fox29.com/news/local-mental-health-experts-consider-rise-in-threats-against-schools-cries-for-help,307,ok
https://www.somerset-kentucky.com/news/local_news/school-officials-pcso-investigating-rumor-of-southwestern-threat/article_85b1d5b9-7e79-59c8-908b-90a57bc4bdbf.html,0,link is dead
https://www.sweetwaternow.com/scsd-no-2-discusses-school-safety-following-recent-potential-threat/,0,page opened but no article text
https://www.lansingstatejournal.com/story/news/2021/12/14/charlotte-high-school-locked-down-tuesday-over-online-threat/8897770002/,328,ok
https://www.houstonchronicle.com/news/article/Dutch-extend-COVID-lockdown-school-holidays-to-16701445.php,0,link is dead
https://www.kimt.com/news/cerro-gordo-county/police-mason-city-schools-working-together-after-alleged-threats-of-violence/article_8d6e2c38-5dc7-11ec-ae24-23a455dcab91.html,0,link is dead
https://www.fox61.com/article/news/local/windham-county/windham-ct/weapons-threat-lockdown-police-presence-windham-school/520-a6383a34-5353-4f77-af5c-b48412f9ba84,0,link is dead
https://www.stroudnewsandjournal.co.uk/news/19786760.siobhan-baillie---schools-remain-open-lockdowns-hide-evil/,248,ok
https://kitchener.ctvnews.ca/police-investigating-threat-at-cambridge-high-school-1.5707742,72,ok
https://wdez.com/2021/12/14/false-threat-reported-at-rhinelander-middle-school/,103,ok
https://www.msn.com/en-us/news/crime/police-arrest-12-year-old-after-finding-graffiti-threatening-a-school-shooting/ar-AAROyVG,0,page opened but no article text
https://www.msn.com/en-us/news/us/shooting-threats-force-new-mexico-school-district-to-go-remote-for-rest-of-the-year/ar-AAROYC1,0,page opened but no article text
https://www.recordonline.com/story/news/local/2021/12/15/fallsburg-monticello-school-districts-close-due-threat-violence/8908906002/,364,ok
https://wlac.iheart.com/content/2021-12-14-middle-tennessee-teen-skipping-class-sends-two-schools-into-lockdown/,205,ok
https://www.q13fox.com/news/meadowdale-middle-school-student-arrested-for-threatening-texts,189,ok
https://www.newsleader.com/story/news/2021/12/13/threat-stuarts-draft-middle-school-investigated-sheriffs-office/6503062001/,214,ok
https://localnews8.com/news/2021/12/14/student-brings-bb-gun-to-middle-school-prompts-lockdown/,1062,ok
https://www.wthitv.com/news/its-better-to-be-overly-cautious---how-school-officials-navigate-threats-made-online/article_5c235680-5d54-11ec-a41a-b7cb666d9cc8.html,0,link is dead
https://927thevan.com/2021/12/15/holland-high-student-removed-from-school-after-threat/,243,ok
https://www.nbcdfw.com/news/local/lone-star-high-school-to-reopen-with-restrictions-other-schools-concerned-about-threats/2838534/,655,ok
https://www.9and10news.com/2021/12/15/rogers-city-police-say-no-school-shooting-threat-was-made/,0,link is dead
https://wjno.iheart.com/featured/florida-news/content/2021-12-15-broward-county-middle-school-student-arrested-after-snapchat-death-threat/,107,ok
https://dailyvoice.com/new-york/lewisboro/schools/high-school-student-in-northern-westchester-makes-threatening-social-media-post/821821/,0,link is dead
https://www.necn.com/news/local/wrentham-police-investigate-school-shooting-threat/2635663/,0,link is dead
https://www.fox2detroit.com/news/oxford-community-schools-to-remain-closed-this-week-after-middle-school-threat,297,ok
https://www.necn.com/news/local/burlington-police-investigating-anonymous-instagram-threat-against-high-school/2635580/,0,link is dead
https://www.wglr.com/2021/12/14/stoughton-middle-school-student-sent-home-following-threat-directed-at-school-district-says/,0,link is dead
https://www.kxxv.com/news/student-removed-after-threat-at-bruceville-eddy-high-school-superintendent,127,ok
https://www.wgrz.com/article/news/crime/juvenile-charged-with-making-terroristic-threat-on-social-media-sweet-home-school-district/71-4d0bfaa1-f532-432e-80ec-5144c8fc17b4,0,link is dead
https://navbharattimes.indiatimes.com/india/schools-open-in-these-states-from-today-amid-the-threat-of-omicron-know-when-schools-will-open-in-delhi/articleshow/88285443.cms,892,ok
https://www.nbcmiami.com/news/local/gun-violence-threats-increasing-in-south-florida-schools-keeping-students-safe/2641404/,1777,ok
https://www.cbc.ca/news/canada/ottawa/police-investigate-threats-ottawa-high-schools-1.6286296,0,link is dead
https://kdhnews.com/news/region/bruceville-eddy-high-school-threat-draws-parents-ire/article_85a47ace-e124-5691-90ba-92558eaaa4ca.html,0,link is dead
https://www.1049thewolf.com/2021/12/15/juvenile-arrested-for-threat-at-bartonville-school/,111,ok
https://catcountry1071.iheart.com/content/2021-12-15-broward-county-middle-school-student-arrested-after-snapchat-death-threat/,107,ok
https://www.kimt.com/news/top-stories/police-mason-city-schools-working-together-after-alleged-threats-of-violence/article_8d6e2c38-5dc7-11ec-ae24-23a455dcab91.html,0,link is dead
https://atlantablackstar.com/2021/12/15/thats-a-threat-texas-teens-racist-group-chat-exposed-school-reacts-with-extra-security-for-black-students-keeps-discipline-for-the-offenders-confidential/,435,ok
https://www.channel3000.com/stoughton-middle-school-student-sent-home-following-threat-directed-at-school-district-says/,0,link is dead
https://gazette.com/news/manitou-springs-middle-high-schools-to-be-closed-wednesday-due-to-threat-police/article_b5825f2a-5d66-11ec-825b-0b05bc03f97e.html,90,ok
https://dailyvoice.com/new-york/yonkers/schools/high-school-student-in-westchester-makes-threatening-social-media-post/821821/,0,link is dead
https://www.msn.com/en-us/news/us/nj-schools-grapple-with-spike-in-threats-of-violence-shootings-on-social-media/ar-AARQRoC,0,page opened but no article text
https://www.tnonline.com/20211215/jim-thorpe-schools-in-lockdown/,358,ok
https://www.cincinnati.com/story/news/crime/2021/12/14/police-investigating-threat-made-little-miami-middle-school-officials-say/8899125002/,145,ok
https://wtaq.com/2021/12/15/another-social-media-threat-aimed-at-preble-high-school/,100,ok
https://www.jagran.com/news/education-mumbai-schools-will-open-from-today-till-seventh-after-21-months-but-omicron-threat-worries-parents-22295878.html,413,ok
https://www.wccbcharlotte.com/2021/12/14/threats-made-against-south-mecklenburg-high-school/,261,ok
https://www.myrecordjournal.com/News/Southington/Southington-News/Southington-police-school-officials-investigating-threat-at-high-school,0,link is dead
https://www.fox13now.com/news/local-news/gun-recovered-following-west-high-school-lockdown,212,ok
https://patch.com/maryland/belair/threat-prompt-police-presence-harford-county-public-schools,323,ok
https://www.wdadradio.com/2021/12/15/threat-against-united-school-district-deemed-unfounded-by-state-police/,117,ok
https://www.msn.com/en-us/news/crime/lynnwood-junior-high-student-arrested-after-allegedly-threatening-other-student-school/ar-AARR1Ne,0,page opened but no article text
https://thefederalist.com/2021/12/15/schools-are-making-lockdown-recovery-even-harder-for-kids-by-refusing-to-remove-violent-classmates/,1054,ok
https://www.detroitnews.com/story/news/local/wayne-county/2021/12/15/wayne-county-school-threats-charges-prosecutor-kym-worthy/8911631002/,320,ok
https://www.thecabin.net/news/juvenile-arrested-for-threats-made-against-conway-middle-schools/article_5f6bb6a7-4ae4-5650-a1a7-15a948fbd413.html,0,link is dead
https://www.gilmermirror.com/2021/12/15/death-threats-and-doxxing-the-outcomes-of-mask-mandate-and-critical-race-theory-fights-at-a-texas-school-board/,2430,ok
https://kgmi.com/news/007700-threatening-graffiti-at-blaine-school-district-leads-to-arrest/,0,link is dead
https://www.johnsoncitypress.com/news/update-off-campus-shooting-puts-city-schools-on-lockdown/article_7dbf7ea6-5dbb-11ec-a149-2701251434fb.html,45,ok
https://www.wxyz.com/news/detroit-schools-reviewing-safety-equipment-security-officers-amid-rise-in-threats,440,ok
https://pressofatlanticcity.com/news/local/education/threats-to-greater-egg-harbor-and-hamilton-township-schools-deemed-not-credible/article_f8cc69a4-5db3-11ec-b41b-47d9113899bf.html,0,link is dead
https://ottawacitizen.com/news/local-news/ottawa-police-investigating-threat-made-against-gloucester-high-school-security-in-place,0,link is dead
https://www.thegazette.com/k/protesters-threaten-lawsuits-if-cedar-rapids-school-mask-mandate-remains/,0,link is dead
https://wccfradio.iheart.com/content/2021-12-15-broward-county-middle-school-student-arrested-after-snapchat-death-threat/,107,ok
https://wkfr.com/4-students-from-calhoun-county-area-schools-face-charges-for-threats/,271,ok
https://www.mix1069.com/2021/12/15/juvenile-arrested-for-threat-at-bartonville-school/,111,ok
https://www.wfsb.com/news/windham-public-schools-in-secure-school-mode-due-to-threat/article_2170e48c-5dc5-11ec-944c-6f333252839e.html,1543,ok
https://www.pineandlakes.com/news/7322380-Pequot-Lakes-Schools-return-to-normal-after-perceived-threats,309,ok
https://www.fox43.com/article/news/local/central-york-school-district-fires-teacher-accused-threatening-school-officials-covid19-safety-measures/521-00a07e1a-fbf8-4d52-92ca-77ee141aa55f,0,link is dead
https://www.fox32chicago.com/news/villa-park-student-accused-of-threatening-to-shoot-up-willowbrook-high-school,225,ok
https://www.wktv.com/content/news/Safety-threat-unfounded-at-Sauquoit-Valley-middle-school-575920741.html,0,link is dead
https://gephardtdaily.com/local/salt-lake-city-police-gun-recovered-after-monday-lockdown-at-west-high-school/,238,ok
https://www.thisiswiltshire.co.uk/news/19783472.lockdown-inspired-schoolteacher-follow-dream-becoming-author/,457,ok
https://big1059.iheart.com/featured/florida-news/content/2021-12-15-broward-county-middle-school-student-arrested-after-snapchat-death-threat/,107,ok
https://www.nbcdfw.com/tag/school-threat/,1324,ok
https://www.9and10news.com/2021/12/14/cheboygan-sheriffs-department-forms-task-force-to-handle-school-threats/,309,ok
https://siouxcityjournal.com/news/local/education/siouxland-schools-getting-out-early-due-to-severe-weather-threat/article_8598a2f6-8576-5412-9c89-a4a6fb325b72.html,954,ok
https://www.postandcourier.com/columbia/richland-county-district-hires-school-safety-director-amid-uptick-in-violence-threats/article_a50128dc-5d09-11ec-95dc-0bccd29b6d3f.html,0,link is dead
https://dailyvoice.com/new-york/somers/schools/high-school-student-in-northern-westchester-makes-threatening-social-media-post/821821/,0,link is dead
https://www.gazetteseries.co.uk/news/19786760.siobhan-baillie---schools-remain-open-lockdowns-hide-evil/,248,ok
https://www.stuff.co.nz/timaru-herald/news/127289167/timaru-mans-threatening-to-kill-charge-linked-to-christchurch-school,0,page opened but no article text
https://krdo.com/news/2021/12/14/manitou-springs-high-school-and-middle-school-classes-canceled-police-investigate-threats/,1062,ok
https://www.wxyz.com/news/oxford-school-shooting/more-than-10k-sign-petition-demanding-all-oakland-county-schools-go-virtual-due-to-threats,351,ok
https://www.brainerddispatch.com/news/7322380-Pequot-Lakes-Schools-return-to-normal-after-perceived-threats,309,ok
https://kixcountry929.iheart.com/content/2021-12-15-broward-county-middle-school-student-arrested-after-snapchat-death-threat/,107,ok
https://wcfcourier.com/news/local/crime-and-courts/teen-cited-for-threats-against-area-high-schools/article_8214c31c-aaac-5cd8-9f6c-ccf0a24f078e.html,0,link is dead
https://www.933thedrive.com/2021/12/15/juvenile-arrested-for-threat-at-bartonville-school/,111,ok
https://www.thechronicleonline.com/news/school-threats-highlight-mental-health-concerns/article_cb047c64-5d27-11ec-967d-975f39fc3625.html,0,link is dead
https://www.freepressjournal.in/education/fpj-ed-mumbai-schools-for-classes-1-7-reopen-amid-omicron-threat-see-pics,229,ok
https://www.covnews.com/news/social-media-threats-lead-increased-police-presence-newton-school/,0,link is dead
http://www.sun-sentinel.com/local/broward/pompano-beach/fl-ne-middle-school-student-arrested-social-media-threats-20211215-eqq53grtcveuvhsmsx4mazzzva-story.html,560,ok
https://www.9and10news.com/2021/12/15/school-threats-influencing-factors-and-how-to-talk-about-it/,458,ok
https://calgary.ctvnews.ca/no-risk-to-2-lethbridge-high-schools-closed-evacuated-in-response-to-unverified-threats-police-1.5706670,138,ok
https://dailyvoice.com/new-york/harrison/schools/high-school-student-in-westchester-makes-threatening-social-media-post/821821/,0,link is dead
https://www.kshb.com/news/crime/generic-threat-leads-to-precautionary-lockdown-at-east-high-school,218,ok
https://www.detroitnews.com/story/news/local/wayne-county/2021/12/15/garden-city-high-school-lockdown-cellphones-air-drop/8907193002/,300,ok
https://www.fox61.com/article/news/crime/two-more-ansonia-high-school-students-arrested-for-social-media-threat/520-fad103f4-2bd9-476e-a3bc-07930311c03a,0,link is dead
https://www.1470wmbd.com/2021/12/15/juvenile-arrested-for-threat-at-bartonville-grade-school/,112,ok
https://www.necn.com/tag/school-threat/,0,link is dead
https://www.dnj.com/story/news/2021/12/14/rutherford-county-middle-school-students-arrested-making-social-media-threats/6506844001/,733,ok
https://www.ktvu.com/news/oakland-school-on-lockdown-after-reports-of-armed-suspect,66,ok
https://www.msn.com/en-us/news/us/wrentham-police-investigate-school-shooting-threat/ar-AARPSBk,0,page opened but no article text
https://www.deadlinedetroit.com/articles/29471/oxford_schools_adopt_new_safety_rules_as_another_threat_shuts_district_for_week,482,ok
https://www.dailyrepublic.com/all-dr-news/solano-news/fairfield/online-threats-at-fairfield-vacaville-schools-lead-to-2-teen-arrests/,0,link is dead
https://www.boston.com/news/local-news/2021/12/14/burlington-high-school-threat/,239,ok
https://www.kokomotribune.com/news/school-threats-deemed-not-credible-in-miami-county/article_31da3920-5dd6-11ec-a133-17c7749e4aa9.html,374,ok
https://www.msn.com/en-us/news/us/additional-officers-to-be-at-milford-schools-after-social-media-threat-deemed-not-credible/ar-AARPz3u,0,page opened but no article text
https://wsau.com/2021/12/14/false-threat-reported-at-rhinelander-middle-school/,104,ok
https://elkodaily.com/news/local/crime-and-courts/elko-law-enforcement-monitoring-social-media-for-school-gun-threats/article_2c5c41c1-1a69-583c-a404-36e4f0808ee0.html,0,link is dead
https://www.thechronicleonline.com/news/new-details-school-threats-highlight-mental-health-concerns/article_cb047c64-5d27-11ec-967d-975f39fc3625.html,0,link is dead
https://943jackfm.com/2021/12/15/another-social-media-threat-aimed-at-preble-high-school/,99,ok
https://www.msn.com/en-us/news/newselection2020/petition-for-virtual-classes-at-rhode-island-school-gets-thousands-of-signatures-after-threat/vi-AARQSlb,0,link is dead
https://foxsports940.iheart.com/content/2021-12-15-broward-county-middle-school-student-arrested-after-snapchat-death-threat/,107,ok
https://www.kezi.com/content/news/School-officials-take-action-against-racist-social-media-threats-575919971.html,0,link is dead
https://www.fox35orlando.com/news/george-zimmermans-attorney-to-represent-florida-school-shooting-threat-suspect,324,ok
https://www.thesunchronicle.com/news/local_news/police-in-wrentham-and-norfolk-probing-social-media-post-threatening-school/article_99139aed-58a9-5468-98b9-84ff13efc811.html,0,link is dead
https://wixx.com/2021/12/15/another-social-media-threat-aimed-at-preble-high-school/,99,ok
https://starlocalmedia.com/friscoenterprise/news/classes-resume-at-frisco-isd-high-school-that-closed-amid-threat-response/article_4ce058d6-5dd5-11ec-afd1-9ba073bb3437.html,1239,ok
https://www.wogx.com/news/george-zimmermans-attorney-to-represent-florida-school-shooting-threat-suspect,324,ok
https://www.lex18.com/news/pulaski-county-high-school-students-hold-in-place-after-threat-towards-school,93,ok
https://wiod.iheart.com/featured/florida-news/content/2021-12-15-broward-county-middle-school-student-arrested-after-snapchat-death-threat/,107,ok
https://www.wxpr.org/education/2021-12-14/threat-of-violence-at-james-williams-middle-school-determined-to-be-false,111,ok
https://theislandnow.com/uncategorized/john-lewis-childs-school-evacuated-after-threat-police/,0,link is dead
https://www.whby.com/2021/12/15/another-social-media-threat-against-green-bay-preble-high-school/,72,ok
https://whtc.com/2021/12/14/student-removed-from-holland-high-school-after-alleged-online-threat/,312,ok
https://www.abc12.com/news/crime/copycat-threats-continuing-against-genesee-county-schools/article_2d47c6c6-5db2-11ec-8d2f-3ba6383d5d1e.html,408,ok
https://jgpr.net/2021/12/15/stoneham-police-department-and-public-schools-provide-update-regarding-investigation-of-a-recent-social-media-threat/,0,link is dead
https://www.breitbart.com/politics/2021/12/15/report-school-violence-disciplinary-issues-surge-from-coronavirus-lockdowns/,673,ok
https://wifc.com/2021/12/14/false-threat-reported-at-rhinelander-middle-school/,103,ok
https://www.nbcmiami.com/news/local/student-arrested-in-snapchat-threats-against-pompano-beach-middle-school/2641968/,218,ok
https://www.wtvq.com/school-shooting-threat-at-pulaski-county-high-school-under-investigation/,172,ok
https://www.kare11.com/article/news/local/breaking-the-news/it-really-is-a-cry-for-help-threats-to-schools-on-the-rise-nationwide/89-2bb75fae-c170-4cd1-8c9d-e31e2de6744d,0,link is dead
https://duke.fm/2021/12/15/another-social-media-threat-aimed-at-preble-high-school/,99,ok
https://www.wnep.com/article/news/local/schuylkill-county/da-warns-students-after-more-threats-against-schuylkill-county-schools/523-bdc8e0b3-14f3-4dd1-bef9-799769311f8f,0,link is dead
https://www.wxyz.com/news/6-more-students-charged-with-alleged-threats-of-violence-made-against-multiple-wayne-county-schools,188,ok
https://www.wkbw.com/news/local-news/juvenile-charged-in-connection-with-social-media-threat-in-sweet-home-school-district,256,ok
https://www.swindonadvertiser.co.uk/news/19783472.lockdown-inspired-schoolteacher-follow-dream-becoming-author/,457,ok
https://herald-review.com/news/state-and-regional/proposed-legislation-will-push-school-districts-to-comply-with-threat-assessment-requirement/article_64b51baa-0df8-53d0-9f21-3af5682c4f97.html,0,link is dead
https://dailyvoice.com/new-york/rye/schools/westchester-hs-goes-remote-amid-concerns-following-threat/821918/,0,link is dead
https://news.wosu.org/news/2021-12-16/ohio-schools-have-received-a-wave-of-shooting-threats-heres-how-theyre-handled,995,ok
https://www.msn.com/en-us/news/crime/man-arrested-after-making-threats-against-woman-school/ar-AARSEBC,0,page opened but no article text
https://www.grandforksherald.com/news/north-dakota/1-arrested-in-connection-with-north-border-school-threat,88,ok
https://wifc.com/2021/12/16/wisconsin-rapids-school-district-responds-to-national-social-media-threat/,273,ok
https://www.klkntv.com/threat-at-local-school-leads-to-students-removal/,171,ok
https://www.msn.com/en-us/news/crime/heightened-security-at-a-statesboro-school-after-a-social-media-threat/ar-AARRrnN,0,page opened but no article text
https://wncy.com/2021/12/16/preble-high-school-goes-virtual-over-security-threats/,219,ok
https://winnipeg.ctvnews.ca/police-investigating-threat-of-gun-violence-directed-towards-manitoba-school-division-1.5709752,134,ok
https://www.msn.com/en-us/news/us/police-investigating-after-threat-found-written-on-haverford-middle-school-bathroom-wall/ar-AARTpT2,0,page opened but no article text
https://www.kulr8.com/top_story/schools-across-montana-taking-precautionary-action-following-social-media-threat/article_73d29690-ded2-5453-90b1-79cc39327a19.html,710,ok
https://lancasteronline.com/news/local/conestoga-valley-school-district-investigates-threating-language-shared-on-snapchat/article_dd2014fa-5dde-11ec-8983-2f739f1ddd02.html,191,ok
https://nbc-2.com/news/local/2021/12/15/lee-schools-monitoring-tiktok-trend-threatening-school-violence/,0,link is dead
https://ckxsfm.com/police-investigation-prompts-lockdown-at-dresden-schools/,143,ok
https://www.journalinquirer.com/connecticut_and_region/state-police-say-no-credible-threat-to-schools-friday/article_d40bda80-5ea0-11ec-9974-5fbf21b06676.html,1493,ok
https://www.dnj.com/story/news/2021/12/15/rutherford-county-schools-sheriffs-office-social-media-challenge-threats-tn/8918023002/,395,ok
https://www.wxyz.com/news/garden-city-police-investigating-school-threat-sent-to-student-via-apples-airdrop,149,ok
https://wixx.com/2021/12/16/preble-high-school-goes-virtual-over-security-threats/,219,ok
https://www.hometownlife.com/story/news/local/2021/12/15/police-arrest-seek-charges-against-kids-wake-school-threats/6501640001/,950,ok
https://www.wallaceburgcourierpress.com/news/local-news/dresden-investigation-results-in-lockdown-at-two-schools,244,ok
https://www.msn.com/en-us/news/us/threats-at-utah-schools-this-week-are-a-reminder-to-see-something-say-something/ar-AARTnV2,0,page opened but no article text
https://www.wfmj.com/story/45472690/blott-guy-pk6-school-to-hold-remote-classes-friday-due-to-potential-threat,0,link is dead
https://dailyvoice.com/new-york/northsalem/schools/northern-westchester-hs-goes-remote-amid-concerns-following-threat/821918/,0,link is dead
https://www.bloombergquint.com/onweb/tiktok-school-shooting-threats-prompt-closures-and-more-police,0,link is dead
https://www.wjcl.com/article/heightened-security-at-a-statesboro-school-after-social-media-threat/38532457,201,ok
https://www.times-news.com/news/local_news/shooting-threat-impacts-schools-law-enforcement-across-country/article_25484a4c-5eb9-11ec-be2f-073d0a984d9e.html,1229,ok
https://fun107.com/bourne-schools-investigate-threat/,176,ok
https://businessrecord.com/Content/HR-Education/HR-Education/Article/Protesters-threaten-lawsuits-if-Cedar-Rapids-school-mask-mandate-remains/165/799/96271,330,ok
https://www.fox4now.com/news/local-news/threat-of-violence-made-at-mariner-middle-school,0,link is dead
https://www.hillsdale.net/story/news/2021/12/15/threat-reading-schools-prompts-closure-week/8908561002/,0,link is dead
https://www.ktvq.com/social-media-threat-puts-glacier-high-school-in-soft-lockdown,272,ok
https://pasoroblesdailynews.com/authorities-investigate-report-of-potential-threat-to-lewis-middle-school/136438/,315,ok
https://wbsm.com/dartmouth-southcoast-schools-increase-police-amid-threats/,445,ok
https://www.wfmz.com/news/area/poconos-coal/person-taken-into-custody-after-threat-made-to-jim-thorpe-school-district/article_05220ea0-5dde-11ec-8bf8-376921454d72.html,115,ok
https://www.wtxl.com/news/local-news/soft-lockdown-lifted-at-wakulla-high-school,115,ok
https://wtaq.com/2021/12/16/preble-high-school-goes-virtual-over-security-threats/,220,ok
https://duke.fm/2021/12/16/preble-high-school-goes-virtual-over-security-threats/,219,ok
https://news.yahoo.com/more-school-threat-arrests-oxnard-042819399.html,708,ok
https://www.greenwichtime.com/news/article/TikTok-challenge-spurs-rumors-of-school-threats-16707416.php,795,ok
https://www.wyomingnews.com/rocketminer/nationwide-tiktok-trend-refers-to-threat-to-school-safety-on-friday/article_a765184f-cc7b-5377-acc0-bedcad00b8f3.html,511,ok
https://globegazette.com/news/local/education/students-investigated-over-threats-of-violence-at-mason-city-high-schools/article_a0830a43-59dd-5949-b44d-bec5d60afbd1.html,0,link is dead
https://www.kaaltv.com/iowa-news/mason-city-iowa-police-school-threats-investigation-latest/6333866/,0,link is dead
https://www.fox5ny.com/news/conn-authorities-probing-hoax-school-threats,330,ok
https://www.claremoreprogress.com/news/school-threat-determined-not-credible/article_8b7b04e8-5df2-11ec-a8b8-5f3625b8686d.html,0,link is dead
https://www.9and10news.com/2021/12/16/police-investigating-racial-threat-found-at-traverse-city-central-high-school/,141,ok
https://dailyvoice.com/new-york/mountvernon/schools/westchester-hs-goes-remote-amid-concerns-following-threat/821918/,0,link is dead
https://dailyvoice.com/new-jersey/bergenfield/news/boy-13-charged-after-threats-of-shooting-bombing-prompt-searches-of-bergenfield-school-home/822061/,0,link is dead
https://pantagraph.com/news/local/education/proposed-legislation-will-push-school-districts-to-comply-with-threat-assessment-requirement/article_d6851770-75fa-5291-b199-4bea07d8f58d.html,0,link is dead
https://www.nhregister.com/news/article/TikTok-challenge-spurs-rumors-of-school-threats-16707416.php,796,ok
https://hudsonreporter.com/2021/12/16/dickinson-high-school-put-on-alert-after-threats-of-violence/,0,link is dead
https://www.psychologytoday.com/intl/blog/checkpoints/202112/what-do-about-school-threats,0,link is dead
https://lancasteronline.com/news/local/donegal-school-district-buildings-close-thursday-to-investigate-anonymous-social-media-threat-update/article_56f44e70-5e81-11ec-b61b-2fb2e37a1ad5.html,385,ok
https://dailyvoice.com/connecticut/danbury/schools/ct-state-police-agencies-release-statement-on-new-social-media-school-threats/822050/,0,link is dead
https://www.fox13news.com/news/amid-viral-tiktok-threats-of-school-violence-citrus-county-schools-ask-students-to-report-dont-repost,414,ok
https://www.12newsnow.com/article/news/local/beaumont-isd-police-school-threat-protocol/502-7942a324-817f-45ac-b186-f472bc6ec7d4,0,link is dead
https://www.record-eagle.com/news/tc-central-high-school-closed-after-report-of-racist-threat/article_338ed76e-5e5b-11ec-bd21-0793b8c1cb7a.html,141,ok
https://lite987.com/threat-on-tik-tok-leads-to-increased-police-presence-at-local-schools/,194,ok
https://wacotrib.com/news/local/crime-and-courts/three-indicted-for-capital-murder-murder-school-threat/article_42eb0320-5e8a-11ec-96c6-77a2bbeba59a.html,0,link is dead
https://www.kbzk.com/news/local-news/bozeman-school-district-responds-to-shooting-threat-circulating-on-tiktok,221,ok
https://wsau.com/2021/12/16/wisconsin-rapids-school-district-responds-to-national-social-media-threat/,274,ok
https://evanstonnow.com/two-guns-recovered-at-eths-school-on-lockdown/,251,ok
https://www.kimt.com/news/top-stories/2-arrested-another-investigated-after-multiple-threats-toward-mason-city-schools/article_8d6e2c38-5dc7-11ec-ae24-23a455dcab91.html,228,ok
https://www.heraldpalladium.com/communities/stevensville/lakeshore-school-threats-prompt-switch-to-remote-learning/article_8bc9b670-0115-5e16-87d2-fbdd454ecd0b.html,0,link is dead
https://dentonrc.com/news/crime/blotter/boy-who-posted-threat-to-calhoun-middle-school-detained-by-denton-police/article_88c7a59d-57f4-5c81-9703-5d436d6e9fa7.html,506,ok
https://www.nbcconnecticut.com/news/local/no-credible-threats-but-several-ct-schools-to-increase-police-presence-tomorrow/2673703/,607,ok
https://news.stlpublicradio.org/show/st-louis-on-the-air/2021-12-15/missouri-ags-threats-against-school-districts-draw-pushback,1048,ok
https://www.vcstar.com/story/news/local/communities/oxnard/2021/12/15/more-school-threat-arrests-oxnard-rumors-spread-ventura-county/8919854002/,677,ok
https://patch.com/connecticut/westport/no-specific-threats-against-westport-public-schools-police,527,ok
https://www.msn.com/en-us/news/us/lake-county-school-district-cancels-classes-for-thursday-because-of-threat/ar-AARRHpQ,0,page opened but no article text
https://943jackfm.com/2021/12/16/preble-high-school-goes-virtual-over-security-threats/,219,ok
https://dailyvoice.com/connecticut/greenwich/schools/ct-state-police-agencies-release-statement-on-new-social-media-school-threats/822050/,0,link is dead
https://thesouthern.com/news/state-and-regional/proposed-legislation-will-push-school-districts-to-comply-with-threat-assessment-requirement/article_8388000e-7636-5689-979a-c882264f2b50.html,0,link is dead
http://www.newingtontowncrier.com/NTC-Newington+News/399771/area-schools-will-have-increased-police-presence-as-social-media-posts-threaten-gun-violence-friday,0,link is dead
https://patch.com/pennsylvania/pittsburgh/tiktok-school-shooting-threats-monitored-pittsburgh-schools,251,ok
https://patch.com/pennsylvania/doylestown/central-bucks-responds-tik-tok-school-shooting-threats,422,ok
https://www.winknews.com/2021/12/16/online-threat-made-against-mariner-middle-school/,0,link is dead
https://www.dailyherald.com/news/20211216/suburban-school-districts-respond-to-unspecified-social-media-threat,6,ok
https://www.msn.com/en-us/news/us/montana-schools-respond-to-viral-tiktok-threat/ar-AARTC5p,0,page opened but no article text
https://www.wtol.com/article/news/crime/potential-threat-at-tiffin-columbian-closes-school/512-f0993365-f554-4228-ad43-ed3975e89dda,0,link is dead
https://patch.com/connecticut/across-ct/school-threat-posts-tiktok-under-watch-ct-state-police,648,ok
https://jg-tc.com/news/local/education/proposed-legislation-will-push-school-districts-to-comply-with-threat-assessment-requirement/article_3616a048-4d74-5878-a0f2-c207379deec4.html,0,link is dead
https://www.adelaidenow.com.au/lifestyle/smart/tips-to-reduce-postlockdown-social-anxiety-over-the-school-holidays/news-story/426e772e6bc983028efc032f7339b813?nk=704fbebf2a3c4ef6a12d7de624d22c1d-1639645283,0,link is dead
https://dailyvoice.com/new-york/rye/schools/high-school-student-in-westchester-makes-threatening-social-media-post/821821/,0,link is dead
https://www.wtkr.com/news/local-school-districts-respond-to-national-tiktok-trend-alluding-to-threat-to-school-safety,3123,ok
https://www.nbcmiami.com/news/local/miami-dade-student-arrested-for-social-media-threat-against-multiple-schools/2642998/,385,ok
https://dailynorthwestern.com/2021/12/16/city/evanston-township-high-school-under-lockdown-after-two-guns-found/,119,ok
https://www.chathamthisweek.com/news/local-news/dresden-investigation-results-in-lockdown-at-two-schools,244,ok
https://patch.com/connecticut/enfield/enfield-state-police-monitoring-school-threats-tiktok,706,ok
https://www.kaaltv.com/iowa-news/mason-city-iowa-police-school-threats-investigation-latest/6333866/?cat=10218,0,link is dead
http://kwayradio.com/teen-cited-for-threatening-schools/,0,page opened but no article text
https://www.wzzm13.com/article/news/local/reeths-puffer-schools-reopen-threats/69-dfa51644-e364-4848-ab15-2364fbb66fec,0,link is dead
https://www.fox4news.com/news/kaufman-high-school-cancels-classes-friday-because-of-threat,219,ok
https://www.fox21online.com/2021/12/15/ordean-east-middle-school-investigates-snapchat-threat-made-by-unknown-person/,0,link is dead
https://www.stamfordadvocate.com/news/article/TikTok-challenge-spurs-rumors-of-school-threats-16707416.php,795,ok
https://www.ctpost.com/news/article/TikTok-challenge-spurs-rumors-of-school-threats-16707416.php,795,ok
https://patch.com/pennsylvania/across-pa/tik-tok-school-shooting-threats-being-monitored-pa-police,626,ok
https://www.msn.com/en-us/news/us/social-media-posts-about-threats-to-schools-not-believed-to-be-credible-new-hampshire-officials-say/ar-AART1bS,0,page opened but no article text
https://www.krtv.com/news/montana-and-regional-news/social-media-threat-puts-glacier-high-school-in-soft-lockdown,272,ok
https://mybighornbasin.com/park-county-schools-law-enforcement-address-threats-of-school-violence/,0,link is dead
https://dentonrc.com/news/crime/blotter/boy-who-reposted-threat-to-calhoun-middle-school-detained-by-denton-police/article_88c7a59d-57f4-5c81-9703-5d436d6e9fa7.html,0,link is dead
https://patch.com/illinois/evanston/2-guns-found-lockdown-evanston-township-high-school,585,ok
https://www.pressherald.com/2021/12/14/police-to-check-rumford-home-in-probe-of-threat-made-online-at-school-board-meeting/,581,ok
https://dailyvoice.com/new-york/bedford/schools/fox-lane-high-school-goes-remote-amid-concerns-following-threat/821918/,0,link is dead
https://www.registercitizen.com/news/article/TikTok-challenge-spurs-rumors-of-school-threats-16707416.php,791,ok
https://www.newsweek.com/threats-school-shooting-social-media-allegedly-made-students-get-out-class-1660204,513,ok
https://nj1015.com/nj-warns-all-school-administrators-of-dec-17-shooting-threat/,459,ok
https://dailyvoice.com/new-york/chappaqua/schools/high-school-student-in-northern-westchester-makes-threatening-social-media-post/821821/,0,link is dead
https://patch.com/florida/bradenton/manatee-county-school-threats-surge-ahead-tiktok-challenge,629,ok
https://www.middletownpress.com/news/article/TikTok-challenge-spurs-rumors-of-school-threats-16707416.php,791,ok
https://www.sam1039.com/2021/12/16/pulaski-county-police-investigating-school-shooting-threat/,0,link is dead
https://www.wmur.com/article/new-hampshire-schools-threats-dec-16-2021/38540122,517,ok
https://www.fox13now.com/news/local-news/utah-schools-warn-of-viral-tiktok-shooting-threat-trend,696,ok
https://www.fox32chicago.com/news/2-guns-found-in-evanston-township-hs-school-placed-on-lockdown,514,ok
https://www.cp24.com/news/ryerson-university-becomes-latest-gta-school-to-announce-shift-to-remote-learning-amid-threat-posed-by-omicron-1.5710356,45,ok
https://patch.com/connecticut/greenwich/no-specific-threats-against-greenwich-public-schools-police,529,ok
https://www.telegram.com/story/news/2021/12/16/central-mass-rattled-viral-trend-school-violence-threats-social-media/8927142002/,702,ok
https://patch.com/california/gilroy/gilroy-high-school-closed-friday-after-social-media-threats,502,ok
https://www.fox21online.com/2021/12/16/isd-709-addresses-concern-of-school-threats-stemming-from-disturbing-national-tiktok-trend/,0,link is dead
https://www.norwichbulletin.com/story/news/local/2021/12/16/eastern-ct-schools-threats-dec-17-tiktok-challenge-not-credible/8927323002/,646,ok
https://www.goshennews.com/news/updated-goshen-schools-ups-security-following-perceived-threat/article_016f62e6-5e8b-11ec-b5de-3f77d5df092c.html,0,link is dead
https://www.newdelhitimes.com/dutch-extend-covid-lockdown-school-holidays-to-start-early/,320,ok
https://www.13newsnow.com/article/news/local/virginia/williamsburg/school-threat-arrest-williamsburg/291-6289e959-534a-4a3a-8db2-5b36e6fe0b16,0,link is dead
https://www.waaytv.com/news/social-media-threat-against-grissom-high-school-under-investigation/article_7df712d4-5e89-11ec-a58a-c7629b17a2ef.html,907,ok
https://www.fox13now.com/news/local-news/student-in-custody-following-magna-school-online-threat,366,ok
https://wcrz.com/oxford-schools-closed-for-the-rest-of-week-due-to-middle-school-threat/,290,ok
https://www.msn.com/en-us/news/us/social-media-posts-about-threats-to-new-hampshire-schools-not-believed-to-be-credible-officials-say/ar-AART1bS,0,page opened but no article text
https://abc17news.com/news/education/2021/12/16/gasconade-county-school-district-to-close-friday-after-tiktok-threat-challenge/,622,ok
https://patch.com/connecticut/madison-ct/tiktok-threats-prompt-elevated-police-presence-madison-schools,504,ok
https://www.newstimes.com/news/article/TikTok-school-violence-threats-prompts-increased-16707376.php,740,ok
https://planetprinceton.com/2021/12/16/police-in-princeton-and-other-area-towns-to-increase-school-security-due-to-anonymous-generic-threats-of-violence-made-on-social-media/,591,ok
https://www.capenews.net/bourne/news/bourne-school-district-police-investigate-threat-made-by-student/article_8c663509-6f98-5b2d-b6fb-f8b1c1160875.html,0,link is dead
https://www.kxlf.com/social-media-threat-puts-glacier-high-school-in-soft-lockdown,272,ok
https://www.fox17online.com/news/local-news/lakeshore/muskegon/3-students-face-charges-in-connection-with-threat-to-fruitport-community-schools,201,ok
https://www.am1100theflag.com/news/local-news/40492-statement-released-on-threat-to-fargo-davies-high-school,0,link is dead
https://www.abc10.com/article/news/local/sacramento/school-threat-rumors-sacramento-area/103-ae2944fb-3604-45ab-adab-cb96f0fdb176,0,link is dead
https://barrie.ctvnews.ca/threat-made-against-bradford-elementary-school-a-hoax-1.5709979,133,ok
https://dailyvoice.com/connecticut/fairfield/schools/ct-state-police-agencies-release-statement-on-new-social-media-school-threats/822050/,0,link is dead
https://www.grandforksherald.com/1-arrested-in-connection-with-north-border-school-threat,88,ok
https://businessrecord.com/Content/Default/All-Latest-News/Article/Protesters-threaten-lawsuits-if-Cedar-Rapids-school-mask-mandate-remains/-3/248/96271,330,ok
https://www.wktv.com/content/news/Investigating-school-threats-arming-law-enforcement-with-more-information-575925111.html,0,link is dead
https://qctimes.com/news/local/education/proposed-legislation-will-push-school-districts-to-comply-with-threat-assessment-requirement/article_4011196b-e773-5fec-8ee7-4a416406c5d5.html,0,link is dead
https://www.stthomastimesjournal.com/news/local-news/dresden-investigation-results-in-lockdown-at-two-schools,0,link is dead
https://www.pressherald.com/2021/12/16/brunswick-schools-to-increase-police-presence-friday-due-to-national-threat-made-on-tiktok/,258,ok
https://nj1015.com/new-brunswick-nj-high-school-student-charged-for-text-threat/,197,ok
https://www.kaaltv.com/iowa-news/mason-city-iowa-police-school-threats-investigation-latest/6333866/?cat=10151,0,link is dead
https://www.ksut.org/news/2021-12-16/the-fort-lewis-college-threat-suspect-is-being-charged-with-a-misdemeanor-but-the-schools-president-calls-it-incredibly-serious-and-deserving-of-a-felony,323,ok
https://www.wfaa.com/article/news/education/threats-against-kaufman-high-school-prompts-school-closure-friday-texas/287-6c32c971-27d0-4df6-a7e9-5a26fe9fedea,0,link is dead
https://patch.com/new-york/ossining/tiktok-school-violence-threat-scares-already-edgy-parents,767,ok
https://loudounnow.com/2021/12/16/threatening-message-under-investigation-at-woodgrove-high-school/,0,link is dead
https://www.newsday.com/long-island/education/online-school-threats-nassau-police-1.50453879,0,link is dead
https://www.thehour.com/news/article/TikTok-challenge-spurs-rumors-of-school-threats-16707416.php,795,ok
https://www.wksu.org/education/2021-12-16/northeast-ohio-schools-have-received-a-wave-of-shooting-threats-heres-how-theyre-handled,284,ok
https://patch.com/california/livermore/livermore-police-investigating-school-threat-amid-tiktok-trend,461,ok
https://www.msn.com/en-us/news/us/enfield-state-police-monitoring-school-threats-on-tiktok/ar-AARTvMx,0,page opened but no article text
https://dailyvoice.com/new-york/portchester/schools/westchester-hs-goes-remote-amid-concerns-following-threat/821918/,0,link is dead
https://www.msn.com/en-us/news/us/florida-school-board-want-to-cut-down-on-repetitive-public-comments-and-threats-at-board-meetings/ar-AARSpDi,0,page opened but no article text
https://www.bdtonline.com/news/tazewell-county-schools-address-reported-threat-to-schools/article_bbe03708-5e7d-11ec-a93c-db12d1a045a7.html,0,link is dead
https://www.wbal.com/article/546342/3/3-people-in-custody-after-threats-made-against-sudbrook-magnet-middle-school-student,80,ok
https://qconline.com/news/local/education/proposed-legislation-will-push-school-districts-to-comply-with-threat-assessment-requirement/article_35709521-31c8-5abb-9439-2800a9f157f5.html,0,link is dead
https://wcvu.iheart.com/content/2021-12-15-broward-county-middle-school-student-arrested-after-snapchat-death-threat/,107,ok
https://www.mynbc5.com/article/social-media-school-threats-deemed-not-credible/38537432,297,ok
https://www.ncnewsonline.com/news/local_news/westmont-hilltop-district-to-double-down-on-hiring-of-school-police-officer-after-shooting-threat/article_63e5b3dc-71d2-5971-be5a-83793df08336.html,0,link is dead
https://pressofatlanticcity.com/news/local/education/area-school-districts-police-continue-investigating-tiktok-trend-threatening-gun-violence-at-schools/article_03462f74-5e8f-11ec-b1a9-2fbac01651fa.html,1435,ok
https://dailyvoice.com/new-york/whiteplains/schools/westchester-hs-goes-remote-amid-concerns-following-threat/821918/,0,link is dead
https://qctimes.com/news/local/ricks-six-another-possible-threat-to-davenport-schools-a-local-covid-warning-and-parishes-help/article_142b2ce2-59ce-11ec-b33d-83b9702118d0.html,0,link is dead
https://www.msn.com/en-us/news/us/raleigh-charter-school-sanctioned-and-under-threat-of-closure-over-special-ed-program/ar-AARTpKc,0,page opened but no article text
https://www.kbzk.com/news/montana-news/social-media-threat-puts-glacier-high-school-in-soft-lockdown,272,ok
https://www.thesuburban.com/news/west_island_news/thirteen-year-old-arrested-in-pincourt-for-threat-to-school/article_c61eb814-6650-5280-a7a5-8de52c945196.html,0,link is dead
https://www.katc.com/news/calcasieu-parish/moss-bluff-middle-school-student-arrested-for-alleged-threat,0,link is dead
https://gazette.com/education-directory/district-49-acknowledges-unverified-threat-on-el-paso-county-schools/article_169a4a94-5e10-11ec-9831-3b077b876506.html,0,link is dead
https://wydaily.com/alerts/2021/12/15/ypso-arrests-bruton-high-school-student-for-making-threats-and-underage-firearm-possession/,0,page opened but no article text
https://www.hometownlife.com/story/news/local/canton/2021/12/13/no-weapon-gunman-found-yet-plymouth-canton-schools-threat-lockdown/6497131001/,436,ok
https://www.berkshireeagle.com/news/local/bart-proceeds-with-school-after-noncredible-threat/article_f2d73672-5e81-11ec-b833-cbaf7a196441.html,171,ok
https://chicago.suntimes.com/news/2021/12/16/22839749/evanston-township-high-school-placed-on-lockdown-after-guns-found-no-shots-reported,566,ok
https://patch.com/new-jersey/cherryhill/tik-tok-threat-results-more-police-cherry-hill-schools,483,ok
https://www.berkshireeagle.com/news/central_berkshires/tiktok-threat-not-credible-to-berkshire-schools/article_9429d444-5eaa-11ec-ad66-4b0cdd252170.html,548,ok
https://dailyvoice.com/new-york/eastchester/schools/westchester-hs-goes-remote-amid-concerns-following-threat/821918/,0,link is dead
https://www.kpax.com/news/ravalli-county/hamilton-schools-respond-to-tiktok-challenge-calling-on-students-to-make-threats-friday,725,ok
https://www.wkyc.com/article/news/local/lake-county/madison-local-schools-closed-thursday-threat/95-bae9d437-a3d5-4df0-851a-70c7adbec52b,0,link is dead
https://www.wcpo.com/news/local-news/schools-adding-police-presence-ahead-of-tiktok-challenge-calling-on-students-to-make-threats-friday,915,ok
https://kstp.com/technology/multiple-minnesota-schools-report-threats-after-tiktok-trend-involving-violence-emerges/6334829/?cat=12510,411,ok
https://www.naidunia.com/chhattisgarh/bilaspur-student-waved-sword-in-mungeli-area-school-threatened-to-kill-the-teacher-7185186,289,ok
https://dailyvoice.com/new-york/scarsdale/schools/westchester-hs-goes-remote-amid-concerns-following-threat/821918/,0,link is dead
https://lancasteronline.com/news/local/donegal-school-district-buildings-close-thursday-to-investigate-anonymous-social-media-threat/article_56f44e70-5e81-11ec-b61b-2fb2e37a1ad5.html,0,link is dead
https://www.kpax.com/news/local-news/flathead-county/social-media-threat-puts-glacier-high-school-in-soft-lockdown,272,ok
https://www.newsweek.com/you-will-go-jail-florida-sheriff-uses-tiktok-warn-against-fake-school-threats-1660270,423,ok
https://www.pressrepublican.com/news/local_news/police-agencies-investigate-threat-to-clinton-county-schools-overnight/article_a3932868-84f0-55b7-bb0b-986fa969049a.html,0,link is dead
https://www.montanarightnow.com/great-falls/schools-across-montana-taking-precautionary-action-following-social-media-threat/article_415cc584-5ea8-11ec-ac9a-6b28cb9db1f8.html,0,link is dead
https://www.kulr8.com/great-falls/schools-across-montana-taking-action-following-social-media-threat/article_73d29690-ded2-5453-90b1-79cc39327a19.html,710,ok
https://www.kclu.org/2021-12-15/four-students-arrested-following-threats-made-at-some-south-coast-high-schools,120,ok
https://nbc-2.com/news/local/2021/12/16/lee-schools-monitoring-tiktok-trend-threatening-school-violence/,0,link is dead
https://www.boston.com/news/local-news/2021/12/15/stoneham-middle-school-social-media-threat/,256,ok
https://dailyvoice.com/new-york/yorktown/schools/northern-westchester-hs-goes-remote-amid-concerns-following-threat/821918/,0,link is dead
https://www.msn.com/en-us/news/us/a-miami-dade-girl-faces-10-felony-counts-after-a-post-threatened-school-violence/ar-AARTkok,0,page opened but no article text
https://www.msn.com/en-us/news/us/police-investigating-several-threats-of-gun-violence-at-utah-schools/ar-AARSWUN,0,page opened but no article text
https://dailyvoice.com/connecticut/wilton/schools/ct-state-police-agencies-release-statement-on-new-social-media-school-threats/822050/,0,link is dead
https://patch.com/connecticut/norwalk/no-specific-threats-against-norwalk-public-schools-district,410,ok
https://www.msn.com/en-us/news/us/local-school-districts-ban-together-against-national-social-media-threat/ar-AARTgPy,0,page opened but no article text
https://trib.com/news/local/education/local-law-enforcement-warns-of-school-violence-threats-on-social-media/article_49ed3f47-d9bf-5b4f-9397-ff8da4f74899.html,0,link is dead
https://o.canada.com/news/local-news/ottawa-police-investigating-threat-made-against-gloucester-high-school-security-in-place,0,link is dead
https://triblive.com/local/valley-news-dispatch/highlands-school-officials-say-threat-to-high-school-on-social-media-not-credible/,117,ok
https://www.ctinsider.com/shorelinenews/article/TikTok-challenge-spurs-rumors-of-school-threats-16707416.php,791,ok
https://www.msn.com/en-us/news/us/raleigh-charter-school-given-10-days-to-fix-special-ed-program-or-face-threat-of-closure/ar-AARTA9q,0,page opened but no article text
https://wydaily.com/alerts/2021/12/16/local-school-officials-address-nationwide-dec-17-threat-on-social-media/,0,page opened but no article text
https://www.wxyz.com/news/1-more-juvenile-charged-in-wayne-county-for-alleged-school-threat,105,ok
https://kstp.com/technology/multiple-minnesota-schools-report-threats-after-tiktok-trend-involving-violence-emerges/6334829/,411,ok
https://jg-tc.com/news/state-and-regional/proposed-legislation-will-push-school-districts-to-comply-with-threat-assessment-requirement/article_7302399d-d6dc-58d2-8375-d25151deffd0.html,0,link is dead
https://www.inklingsnews.com/news/2021/12/13/fairfield-county-schools-experience-surge-of-threats/,0,page opened but no article text
https://www.hitc.com/en-gb/2021/12/16/tiktok-school-threat-december-17/,0,link is dead
https://www.msn.com/en-us/news/us/bds-warns-against-another-tiktok-trend-involving-school-threats/ar-AARTc6Y,0,page opened but no article text
http://www.newbritainherald.com/article/view/article_id/399762/headline/area-schools-will-have-increased-police-presence-as-social-media-posts-threaten-gun-violence-friday/section/,0,link is dead
https://wbsm.com/bourne-schools-investigate-threat/,176,ok
https://www.ktvq.com/news/crime-watch/tiktok-threat-prompts-increased-police-presence-friday-at-billings-and-lockwood-schools,189,ok
https://www.klkntv.com/tiktok-trend-threatens-violence-at-schools-no-reports-seen-at-lps/,289,ok
https://www.wbaltv.com/article/threats-made-against-sudbrook-magnet-middle-school-student/38532872,117,ok
https://www.wmay.com/2021/12/15/iea-more-must-be-done-to-counter-threats-to-school-safety/,106,ok
https://dailyvoice.com/connecticut/westport/schools/ct-state-police-agencies-release-statement-on-new-social-media-school-threats/822050/,0,link is dead
https://www.caledonianrecord.com/news/national/schools-step-up-security-in-response-to-threats-on-tiktok/article_34219848-9596-594f-8f2b-cbb48c781354.html,0,link is dead
https://dailyvoice.com/new-york/armonk/schools/northern-westchester-hs-goes-remote-amid-concerns-following-threat/821918/,0,link is dead
https://siouxcityjournal.com/news/national/schools-step-up-security-in-response-to-threats-on-tiktok/article_2abebd9b-393f-5b26-8f17-00cf066a4c59.html,0,link is dead
https://www.newspressnow.com/news/regional_news/central_missouri/jefferson-city-school-district-says-students-behind-last-week-s-threat-referred-to-police/article_477fbb92-9acf-5026-84c1-13e17c9c9937.html,0,link is dead
https://patch.com/california/los-angeles/tiktok-school-gun-threat-has-ca-schools-law-enforcement-alert,830,ok
https://www.newspressnow.com/news/regional_news/central_missouri/school-districts-respond-to-tiktok-threat-challenge/article_4aad0e0b-e9f5-5086-ac78-c25d7dd4208c.html,0,link is dead
https://www.effinghamdailynews.com/news/local_news/tiktok-threat-leads-to-increased-police-presence-at-unit-40-schools/article_48c4499a-5eb8-11ec-8d2e-1b6ac3810553.html,357,ok
https://www.hometownstations.com/news/national/schools-step-up-security-in-response-to-threats-on-tiktok/article_01174819-df15-559a-9483-adcd6cb4d4f6.html,0,link is dead
https://wacotrib.com/news/local/crime-and-courts/three-indicted-on-capital-murder-murder-school-threat-charges/article_42eb0320-5e8a-11ec-96c6-77a2bbeba59a.html,0,link is dead
https://www.ktvh.com/montana-schools-respond-to-tiktok-challenge-calling-on-students-to-make-threats-friday,725,ok
https://lasvegassun.com/news/2021/dec/16/schools-step-up-security-in-response-to-threats-on/,646,ok
https://www.ksby.com/news/local-news/school-officials-no-identified-threats-to-local-schools-related-to-tiktok-challenge,211,ok
https://www.localmemphis.com/article/news/nation-world/tiktok-school-threats/507-c04992fe-7eb4-49fa-8918-1114973fa2ea,0,link is dead
https://www.msn.com/en-us/news/us/law-enforcement-schools-downplay-unconfirmed-tiktok-shooting-threats-that-prompted-tighter-campus-security/ar-AARUycb,0,page opened but no article text
https://www.newscentermaine.com/article/news/education/online-threats-have-some-maine-schools-on-high-alert-education/97-e37f11c0-e124-4a87-80eb-7ca74cc3e63a,0,link is dead
http://www.orlandosentinel.com/news/nationworld/os-ne-schools-step-up-security-in-response-to-threats-on-tiktok-20211217-pqqku7dgzngkjhwaj5bvlwvgxu-story.html,671,ok
https://www.wtol.com/article/news/crime/tiktok-post-threatening-school-shootings/512-8e2d7603-6414-4702-a23f-46e80987ce4b,0,link is dead
https://www.kare11.com/article/news/local/law-enforcement-discredits-school-threat-tiktok-trend/89-99a7641c-e909-4bbd-8c9b-940b3568aa87,0,link is dead
https://starlocalmedia.com/news/national/tiktok-challenge-threaten-school-shootings-across-country-friday/article_0393e84b-c2b0-543c-be27-8efbc35ca3aa.html,0,link is dead
https://www.hometownregister.com/news/national/tiktok-challenge-threaten-school-shootings-across-country-friday/article_9995ca73-ab4c-5b8c-9e7c-6e2dc40ed5ed.html,0,link is dead
https://www.kpax.com/news/ravalli-county/tik-tok-challenge-threat-closes-florence-schools,622,ok
https://www.wfmz.com/news/schools/area-school-districts-respond-to-threats-being-made-throughout-state-country/article_6644f4a8-5ee3-11ec-9cc1-5752eade8f71.html,328,ok
https://www.ksbw.com/article/monterey-santa-cruz-schools-viral-tiktok-threats-trend/38553381,231,ok
https://www.huffpost.com/entry/tiktok-national-school-shooting-threat_n_61bcae3ae4b083b359436ad0,640,ok
https://www.willmarradio.com/news/national/dhs-recommends-schools-remain-alert-amid-unfounded-threats-on-tiktok/article_ce50dc22-ba7a-5580-b0ec-3b25da6f819e.html,303,ok
https://www.fox2detroit.com/news/schools-stepping-up-security-in-response-to-threats-on-tiktok,644,ok
https://www.msn.com/en-us/news/us/tiktok-rumors-of-school-violence-threats-put-everyone-on-edge-after-michigan-shooting/ar-AARVwBf,0,page opened but no article text
https://wflafm.iheart.com/featured/florida-news/content/2021-12-17-schools-around-the-state-at-high-alert-over-online-threats-of-violence/,116,ok
https://www.mynbc5.com/article/threats-of-school-violence-on-tiktok-nationwide-are-not-credible-but-have-officials-on-high-alert/38552864,1063,ok
https://www.mynbc5.com/article/northern-vermont-school-going-remote-friday-after-threatening-message-found/38545571,149,ok
https://www.kens5.com/article/news/nation-world/tiktok-school-threats/507-c04992fe-7eb4-49fa-8918-1114973fa2ea,0,link is dead
https://bethesdamagazine.com/bethesda-beat/schools/montgomery-county-public-schools-county-police-aware-of-bomb-threats-on-social-media/,150,ok
https://www.phillytrib.com/news/local_news/school-district-letter-responds-to-threats-of-violence-on-social-media/article_44beea62-753d-59c0-8815-806a2c1251b6.html,0,link is dead
https://www.cachevalleydaily.com/news/archive/2021/12/16/logan-schools-warn-of-viral-tiktok-trend-involving-threats/,0,link is dead
https://www.forbes.com/sites/dereksaul/2021/12/16/school-districts-nationwide-prepare-for-violence-friday-over-vague-threats-said-to-originate-on-tiktok/,0,link is dead
https://www.msn.com/en-us/news/us/schools-across-us-cancel-classes-over-unconfirmed-tiktok-threats/ar-AARTKl3,0,page opened but no article text
https://www.msn.com/en-us/news/us/northern-vermont-school-going-remote-friday-after-threatening-message-found/ar-AARTXxh,0,page opened but no article text
https://www.newsweek.com/schools-close-across-us-tiktok-finds-no-evidence-shooting-threats-1660396,599,ok
https://www.wishtv.com/news/national/schools-step-up-security-in-response-to-threats-on-tiktok/,651,ok
https://www.2news.com/carson-city-school-district-closing-all-schools-on-friday-due-to-national-social-media-threats/article_471be676-5efd-11ec-a1c3-f7fbbd12a01e.html,0,link is dead
https://www.thedailycitizen.com/schools-step-up-security-in-response-to-threats-on-tiktok/article_c92a0ef2-6a68-5b77-82e9-50118978b92f.html,731,ok
https://buffalonews.com/news/national/schools-step-up-security-in-response-to-threats-on-tiktok/article_f147d9be-a4b1-5b91-bc74-ea2f4b961c83.html,0,link is dead
https://www.washingtontimes.com:443/news/2021/dec/16/schools-step-up-security-in-response-to-threats-on/,653,ok
https://www.wgrz.com/article/news/education/local-school-districts-close-due-to-threats-of-violence-trending-on-social-media/71-5db82d89-9824-4e7d-bda3-82726d0ae3a3,0,link is dead
https://patch.com/illinois/bolingbrook/school-gun-violence-threats-tiktok-valley-view-aware,392,ok
https://www.msn.com/en-us/news/us/oklahoma-schools-increase-security-friday-in-response-to-tiktok-threat/ar-AARUSbD,0,page opened but no article text
https://whbl.com/2021/12/17/sasd-spd-aware-of-tiktok-rumor-of-threat-to-schools/,172,ok
https://www.wnmufm.org/education/2021-12-17/gwinn-schools-closed-due-to-threat,109,ok
https://www.msn.com/en-us/news/us/kansas-city-police-monitoring-viral-tiktok-threat-urging-violence-at-nations-schools/ar-AARV13E,0,page opened but no article text
https://www.msn.com/en-us/news/us/teens-warned-they-could-be-charged-for-sharing-viral-gun-threat-as-schools-across-us-forced-to-close/ar-AARV7iQ,0,page opened but no article text
https://967theeagle.net/illinois-parents-warned-of-horrifying-threats-against-all-schools-nationwide/,545,ok
https://lancasteronline.com/early-edition-for-12-17-threatening-tiktok-challenge-alarms-local-schools-rainy-weekend-weather-and/article_d5d8a58e-5f25-11ec-922b-772d8385eb0b.html,0,link is dead
https://www.newsy.com/stories/schools-step-up-security-in-response-to-threats-on-tiktok/,0,link is dead
https://www.1059thehog.com/2021/12/17/janesville-schools-discount-threat/,76,ok
https://winnipeg.ctvnews.ca/teenager-arrested-following-online-threat-to-portage-la-prairie-school-1.5711965,0,link is dead
https://www.athensmessenger.com/news/some-trimble-parents-remain-concerned-over-school-lockdown/article_18645baa-5f5d-11ec-8bae-9f3dd962eac2.html,0,link is dead
https://www.ktlo.com/2021/12/17/no-credibility-to-threat-investigated-by-searcy-county-school-district-sheriffs-office/,45,ok
https://www.kcci.com/article/west-des-moines-iowa-students-charged-in-series-of-school-threats/38552008,216,ok
http://www.westcentralsbest.com/todays_country_1057/news/vpso-issues-statement-regarding-school-threats/article_82efd91a-5f74-11ec-b99c-bfefa9b02b85.html,0,link is dead
https://www.latimes.com/california/story/2021-12-17/threats-of-school-violence-put-los-angeles-schools-law-enforcement-on-high-alert,726,ok
https://www.933thedrive.com/2021/12/16/schools-responding-to-social-media-threat-of-potential-violence/,512,ok
https://www.ifiberone.com/south_sound/news/national_news/schools-step-up-security-in-response-to-threats-on-tiktok/article_bbf2ca6f-3f4c-5d65-887f-d1e18e68ab3a.html,0,link is dead
https://www.pressherald.com/2021/12/16/school-threats/,638,ok
https://www.ojaivalleynews.com/?view=article&id=21277:sheriff-schools-respond-to-threats-of-dec-17-violence-on-social-media&catid=856,474,ok
https://www.wfaa.com/article/news/local/north-texas-school-districts-increasing-security-amid-rise-in-social-media-threats/287-cc941e0b-4f90-4d00-a1aa-1f717c92f0ca,0,link is dead
https://patch.com/illinois/aurora/tiktok-threat-school-gun-violence-has-aurora-police-alert,351,ok
https://afn.net/ap/united-states/schools-step-up-security-in-response-to-threats-on-tiktok/,0,link is dead
https://m.lasvegassun.com/news/2021/dec/16/schools-step-up-security-in-response-to-threats-on/,0,link is dead
https://cheddar.com/media/schools-step-up-security-in-response-to-threats-on-tiktok,643,ok
https://greensboro.com/news/local/education/raleigh-charter-school-given-10-days-to-fix-special-ed-program-or-face-threat-of/article_2eb00d87-f6a2-5a2c-b82e-ceec8d3bb0b7.html,0,link is dead
https://www.theday.com/policefirecourts/20211217/social-media-threat-closes-norwich-schools-juvenile-arrested,0,link is dead
https://jg-tc.com/news/state-and-regional/tiktok-threat-leads-to-increased-police-presence-at-unit-40-schools/article_4ed98483-c8da-5c11-8fc0-f4e5025b5036.html,0,link is dead
https://dailyvoice.com/new-york/mountpleasant/schools/northern-westchester-hs-goes-remote-amid-concerns-following-threat/821918/,0,link is dead
https://klin.com/2021/12/17/lpd-says-no-credible-threats-of-violence-at-lincoln-schools/,260,ok
https://menafn.com/1103390803/TikTok-threat-Rumored-shooting-threat-is-spooking-schools-in-the-US&source=22,0,link is dead
https://www.businessinsider.com.au/white-house-monitoring-school-shooting-threats-homeland-security-not-credible-2021-12,0,link is dead
https://www.snopes.com/ap/2021/12/17/schools-step-up-security-in-response-to-threats-on-tiktok/,0,link is dead
https://kyssfm.com/missoula-schools-tiktok-threat/,440,ok
https://madison.com/news/national/schools-step-up-security-in-response-to-threats-on-tiktok/article_9cfc977d-19bc-506a-8f7f-ea368d718df9.html,0,link is dead
https://www.heraldpalladium.com/news/regional/schools-step-up-security-in-response-to-threats-on-tiktok/article_038638c8-c17e-5bb1-aa65-86df62155990.html,0,link is dead
https://www.ifiberone.com/columbia_basin/local-school-districts-sound-alarm-about-viral-post-pledging-threat-to-school-safety-everywhere-on/article_95d565fc-5eef-11ec-a3c4-6339dba36026.html,0,link is dead
https://www.yakimaherald.com/news/local/wapato-schools-open-friday-after-unsubstantiated-threat-copycat-threats-happening-nationwide/article_53a4de33-4c75-563b-be6e-f3991c4d5d3d.html,0,link is dead
https://www.chicagonow.com/writing-my-mind/2021/12/my-childs-school-was-on-lockdown/,0,link is dead
https://journaltimes.com/news/local/crime-and-courts/juvenile-arrested-for-threatening-shooting-at-lake-geneva-s-badger-high-school/article_d03b207a-59b1-58cd-8b8c-e253113b115c.html,0,link is dead
https://www.cbc.ca/news/canada/manitoba/online-threat-school-portage-la-prairie-manitoba-1.6290188,0,link is dead
https://news.yahoo.com/national-tiktok-challenge-threaten-schools-040029345.html,367,ok
https://siouxcityjournal.com/news/local/education/sioux-city-schools-alert-parents-to-national-tiktok-threat-states-they-are-monitoring-the-situation/article_66289ae6-e395-56b6-a20a-394c3306b495.html,0,link is dead
https://www.msn.com/en-us/news/us/iowa-schools-respond-to-nationwide-social-media-threats/ar-AARTHv6,0,page opened but no article text
https://www.dl-online.com/news/education/7325153-Superintendent-warns-Detroit-Lakes-parents-of-TikTok-Challenge-involving-false-school-threat-reporting,234,ok
https://www.msn.com/en-us/news/us/schools-across-us-cancel-classes-over-unconfirmed-tiktok-threats/ar-AARTPQj,0,page opened but no article text
http://www.courant.com/news/connecticut/hc-news-schools-monitoring-tiktok-threat-trend-20211216-sy54cu2wn5a2ljxv3xxv67btiq-story.html,1003,ok
https://www.msn.com/en-us/news/us/fbi-boston-not-aware-of-any-credible-threats-to-schools-in-mass-friday/ar-AARTu6n,0,page opened but no article text
https://www.10tv.com/article/news/nation-world/tiktok-school-threats/507-c04992fe-7eb4-49fa-8918-1114973fa2ea,0,link is dead
https://www.recordcourier.com/news/2021/dec/16/tik-tok-school-threats-taken-seriously-douglas/,0,page opened but no article text
https://www.oc-breeze.com/2021/12/16/206837_seal-beach-police-increasing-security-around-mcgaugh-elementary-school-following-unsubstantiated-online-threat/,0,link is dead
https://www.centralmaine.com/2021/12/16/school-threats/,638,ok
https://www.snntv.com/story/45474426/suncoast-authorities-respond-to-school-threats-online,0,page opened but no article text
https://www.ksdk.com/article/news/nation-world/tiktok-school-threats/507-c04992fe-7eb4-49fa-8918-1114973fa2ea,0,link is dead
https://www.cincinnati.com/story/news/crime/2021/12/16/cincinnati-schools-condemn-tiktok-challenge-promoting-violent-threats-december-17/8932034002/,362,ok
https://www.freep.com/story/news/nation/2021/12/16/tiktok-violence-threats-schools-united-states-security/8933323002/,1698,ok
http://www.mcall.com/news/local/mc-nws-lehigh-valley-school-districts-tiktok-safety-threat-20211216-fqq2rwh5jrafbnjcrxdgnoshqi-story.html,752,ok
https://www.bradfordera.com/news/nation/tiktok-challenge-threaten-school-shootings-across-country-friday/article_aa68809b-e7ce-5a5b-813a-33f4c28fb4f0.html,0,link is dead
https://nbc-2.com/news/local/2021/12/17/lee-schools-monitoring-tiktok-trend-threatening-school-violence/,0,link is dead
https://www.ksl.com/article/50313421/threats-at-utah-schools-this-week-are-a-reminder-to-see-something-say-something,1391,ok
https://www.ksdk.com/article/news/local/missouri-school-security-vague-threat-tiktok/63-63289987-258e-4213-842b-6d8516038bbf,0,link is dead
https://975online.iheart.com/content/2021-12-17-centex-schools-increase-police-presence-due-to-nationwide-tiktok-threat/,126,ok
https://www.msn.com/en-us/news/us/no-credible-threats-but-several-ct-schools-increase-police-presence-friday-others-close-dismiss-early/ar-AART3RF,0,page opened but no article text
https://www.11alive.com/article/news/nation-world/tiktok-school-threats/507-c04992fe-7eb4-49fa-8918-1114973fa2ea,0,link is dead
https://wiod.iheart.com/featured/florida-news/content/2021-12-17-miami-dade-broward-school-districts-on-high-alert-after-tiktok-threats/,194,ok
https://www.hollandsentinel.com/story/news/state/2021/12/17/schools-step-up-security-response-threats-tiktok/8937427002/,0,link is dead
https://www.wkbw.com/news/local-news/gowanda-central-school-district-threat-deemed-not-credible-two-students-charged,99,ok
https://1079ishot.com/death-threat-made-against-erath-high-school-teacher-investigation-opened/,284,ok
https://www.newsbreak.com/channels/t-tiktok-threat-to-schools,0,link is dead
https://www.thurrockgazette.co.uk/news/19792399.ortu-gable-hall-school-lockdown-police-called/,169,ok
https://www.wcsy.com/2021/12/17/dhs-recommends-schools-remain-alert-amid-unfounded-threats-on-tiktok/,0,link is dead
https://riverheadnewsreview.timesreview.com/2021/12/108357/local-school-districts-police-aware-of-unfounded-tiktok-threat/,621,ok
https://www.newswest9.com/article/news/education/misd-releases-statement-on-generalized-nationwide-tiktok-school-threats/513-95fc7c9d-63a1-4131-b512-d3d33b1704af,0,link is dead
http://www.loscerritosnews.net/2021/12/16/threats-of-school-shootings-bombings-circulate-on-tiktok-prompting-lausd-and-fbi-response/,0,page opened but no article text
https://www.wgrz.com/article/news/crime/united-states-schools-step-up-security-in-response-to-threats-on-tiktok/71-369cb975-f15b-4864-b191-6bc84cd58e68,0,link is dead
https://www.wccbcharlotte.com/2021/12/17/tiktok-threat-about-possible-violence-toward-schools-on-friday-is-on-the-radar-of-law-enforcement/,173,ok
https://www.wmur.com/article/litchfield-new-hampshire-school-evacuations-text-threat/38552627,365,ok
https://patch.com/florida/southtampa/schools-aware-tiktok-violence-threats-classes-will-go,874,ok
https://www.sfgate.com/news/article/Schools-step-up-security-in-response-to-threats-16708520.php,0,link is dead
https://www.myplainview.com/news/article/Schools-step-up-security-in-response-to-threats-16708520.php,0,link is dead
https://newstalk870.am/tik-tok-social-media-school-threat-alert-shared-by-area-districts/,298,ok
http://www.msn.com/en-us/news/us/schools-in-the-u-s-taking-precautions-over-disturbing-tiktok-threat-for-dec-17-i-m-scared/ar-AARTBRH,0,page opened but no article text
https://www.thehawkeye.com/story/news/2021/12/16/school-shooting-threat-burlington-danville-address-tik-tok-december-17/8930491002/,0,link is dead
https://www.leadertelegram.com/news/nation-world/schools-step-up-security-in-response-to-threats-on-tiktok/article_ab25dd0a-b8ba-5cf3-9775-5b18614c88e3.html,0,link is dead
https://www.12news.com/article/news/education/arizona-schools-law-enforcement-warn-of-school-threat-tiktok-challenge/75-ca263025-fc8b-4be7-8e6e-f1fc57028311,0,link is dead
https://www.krgv.com/news/experts-urge-parents-to-monitor-kids-internet-use-after-valley-schools-receive-online-threats/,305,ok
https://sputniknews.com/20211217/us-schools-cancel-classes-on-17-dec-over-threats-of-bombings-shooting-on-tiktok-1091596851.html,656,ok
https://www.oklahoman.com/story/news/2021/12/17/tiktok-school-violence-threat-oklahoma-districts-increase-security/8937080002/,448,ok
https://www.marketwatch.com/story/schools-across-u-s-increase-security-in-response-to-threats-made-on-tiktok-01639755182,0,link is dead
https://www.necn.com/news/local/mass-schools-beef-up-security-due-to-tiktok-threat/2637341/,0,link is dead
https://www.ncadvertiser.com/news/article/Some-CT-schools-closed-after-TikTok-threats-spread-16709315.php,820,ok
https://www.msn.com/en-us/news/us/tiktok-school-shooting-threats-deemed-bogus-by-authorities-have-school-districts-police-on-high-alert-across-massachusetts-us/ar-AARTFEA,0,page opened but no article text
https://kelo.com/2021/12/17/sfpd-did-not-find-tiktok-school-violence-threat-credible/,73,ok
http://www.msn.com/en-us/news/us/tiktok-rumors-of-school-violence-threats-put-everyone-on-edge-after-michigan-shooting/ar-AARVwBf,0,page opened but no article text
https://www.elpasotimes.com/story/news/nation/2021/12/16/tiktok-violence-threats-schools-united-states-security/8933323002/,1698,ok
https://patch.com/california/santamonica/tiktok-threat-deemed-hoax-santa-monica-schools-remain-open,284,ok
https://www.bhpioneer.com/local_news/schools-increase-security-amid-tiktok-threat/article_2d7b78d6-5f6a-11ec-8719-f760c21ce23f.html,0,link is dead
https://www.valdostadailytimes.com/news/local_news/sheriffs-office-police-vigilant-over-school-threats/article_fe483474-5f5e-11ec-bfe6-97f0066cfd9c.html,574,ok
https://www.msn.com/en-us/news/us/mid-michigan-school-officials-respond-to-tiktok-national-school-violence-threats/ar-AARVGrl,0,page opened but no article text
https://www.wgil.com/2021/12/17/schools-step-up-security-in-response-to-threats-on-tiktok/,111,ok
https://kixcountry929.iheart.com/content/2021-12-17-miami-dade-broward-school-districts-on-high-alert-after-tiktok-threats/,194,ok
https://www.850wftl.com/dhs-recommends-schools-remain-alert-amid-unfounded-threats-on-tiktok/,303,ok
https://abc17news.com/news/education/2021/12/17/question-of-the-day-are-you-worried-about-social-media-threats-made-toward-schools/,1062,ok
https://fredericksburg.com/news/national/us-troops-face-discipline-for-refusing-vaccine-schools-facing-tiktok-threats-miss-america-crowned/article_c7559577-34de-5967-89b5-a9a7e4aaf65a.html,0,link is dead
https://www.fox43.com/article/news/crime/schools-step-up-security-threats-on-tiktok/521-76041291-5db3-4775-b8f0-1bbaac6a2671,0,link is dead
https://www.msn.com/en-us/news/us/oklahoma-schools-take-precautions-after-threat-circulating-nationally-on-tiktok/ar-AARV3ip,0,page opened but no article text
https://www.fox4news.com/news/rockwall-teen-arrested-for-school-threat,98,ok
https://fun107.com/dartmouth-southcoast-schools-increase-police-amid-threats/,445,ok
https://www.brantfordexpositor.ca/news/local-news/dresden-investigation-results-in-lockdown-at-two-schools,0,link is dead
https://qconline.com/news/state-and-regional/watch-now-schools-step-up-security-in-response-to-threats-on-tiktok/article_ae11fe0a-f373-528e-a825-89d2e5c1e99c.html,0,link is dead
https://qctimes.com/news/state-and-regional/watch-now-schools-step-up-security-in-response-to-threats-on-tiktok/article_21be8f84-f5c2-53a3-ae4e-d9b2c1cc6d73.html,0,link is dead
https://www.thedailyreview.com/news/national/schools-step-up-security-in-response-to-threats-on-tiktok/article_c5214ff0-bca6-5842-8b2a-5af06cf78c73.html,0,link is dead
https://www.theverge.com/2021/12/16/22840621/tiktok-december-17-school-threats-district-cancellations-alleged-shootings,738,ok
https://www.newstribune.info/story/news/2021/12/16/nationwide-threat-leads-increased-patrols-schools-friday/8933403002/,0,link is dead
https://www.michigansthumb.com/news/article/Schools-step-up-security-in-response-to-threats-16708520.php,0,link is dead
https://www.10news.com/news/national/ap-schools-step-up-security-in-response-to-threats-on-tiktok,186,ok
https://www.wgbh.org/news/education/2021/12/16/families-across-massachusetts-receive-school-alerts-about-vague-national-shooting-threat,0,link is dead
https://dailyvoice.com/new-york/lewisboro/schools/northern-westchester-hs-goes-remote-amid-concerns-following-threat/821918/,0,link is dead
http://www.msn.com/en-us/news/us/kim-potter-trial-us-schools-beef-up-security-kansas-fire-threat-5-things-to-know-friday/ar-AARUlkS,0,page opened but no article text
https://www.newsweek.com/schools-ask-students-leave-backpacks-home-amid-wave-threats-across-us-1660609,427,ok
https://patch.com/new-jersey/millburn/police-millburn-schools-friday-no-threat-superintendent,463,ok
https://www.wapt.com/article/threats-of-school-violence-on-tiktok-nationwide-are-not-credible-but-have-officials-on-high-alert/38552864,1063,ok
https://theweek.com/school-shootings/1008177/the-newest-tiktok-challenge-apparently-involves-posting-threats-of-school,582,ok
https://www.winknews.com/2021/12/17/lee-county-sheriffs-office-to-hold-press-conference-on-school-threat-investigation/,0,link is dead
https://www.thestranger.com/slog/2021/12/17/63955354/slog-am-schools-everywhere-feel-threatened-covid-wont-go-away-until-we-shutdown-capitalism-the-sun-was-kissed-this-week,943,ok
https://www.wicz.com/story/45473250/broome-county-sheriff-issues-statement-surrounding-social-media-threats-to-schools,0,link is dead
https://www.erienewsnow.com/story/45473589/state-police-expect-increased-police-presence-at-schools-friday-over-tiktok-social-media-threats,0,link is dead
https://www.cbs19news.com/story/45474283/school-divisions-posting-regarding-tiktok-school-safety-threat,0,link is dead
https://nptelegraph.com/news/national/us-troops-face-discipline-for-refusing-vaccine-schools-facing-tiktok-threats-miss-america-crowned/article_568f3060-512a-5759-9a56-1876af4d175d.html,0,link is dead
https://www.seventeen.com/life/school/a38550571/tiktok-threat-to-schools-cancel-classes/,371,ok
https://www.deseret.com/utah/2021/12/16/22839689/threats-at-utah-schools-are-a-reminder-to-see-something-say-something-west-high-gun-found,1313,ok
https://963theblaze.com/missoula-schools-tiktok-threat/,440,ok
https://www.punxsutawneyspirit.com/news/local-school-districts-monitoring-nationwide-social-media-threat/article_6262c9ce-5ed3-11ec-824e-a795f434d26f.html,226,ok
https://triblive.com/local/monroeville/gateway-school-district-cancels-thursday-meeting-and-activities-high-school-instruction-remote-friday-due-to-social-media-threat/,236,ok
https://www.msn.com/en-us/news/us/fbi-boston-not-aware-of-any-credible-threats-to-schools-in-mass-friday/ar-AARTS9k,0,page opened but no article text
https://www.mrt.com/news/article/Schools-step-up-security-in-response-to-threats-16708520.php,0,link is dead
https://www.ourmidland.com/news/article/Schools-step-up-security-in-response-to-threats-16708520.php,0,link is dead
https://www.necn.com/news/local/fbi-boston-not-aware-of-any-credible-threats-to-schools-in-mass-friday/2637157/,0,link is dead
https://www.kbzk.com/news/montana-news/tiktok-threat-prompts-increased-police-presence-friday-at-billings-and-lockwood-schools,189,ok
https://wlac.iheart.com/content/2021-12-16-student-charged-for-making-threat-toward-middle-tennessee-school/,222,ok
https://www.wxii12.com/article/north-carolina-school-districts-tiktok-threat-school-violence/38544846,280,ok
https://www.koaa.com/news/covering-colorado/woodland-park-closes-school-due-to-tik-tok-threat,258,ok
https://triblive.com/local/valley-news-dispatch/leechburg-area-school-district-to-boost-security-friday-in-response-to-general-threats-of-violence-posted-on-tiktok/,1284,ok
https://www.sunjournal.com/2021/12/16/brunswick-schools-to-increase-police-presence-friday-due-to-national-threat-made-on-tiktok/,243,ok
https://www.msn.com/en-us/news/us/tiktok-threats-have-philly-area-schools-stepping-up-police-presence-on-friday/ar-AARTCHl,0,page opened but no article text
https://www.sunjournal.com/2021/12/17/auburn-schools-open-after-threat-to-edward-little-deemed-not-credible/,383,ok
https://www.murfreesboropost.com/community/charges-filed-for-threats-to-schools/article_19f1f396-5f4a-11ec-bc9c-b3fa3121a8c9.html,345,ok
https://www.poncapost.com/local/area-schools-and-police-made-aware-of-nation-wide-possible-threats-to-schools-trending-on-tiktok,0,link is dead
https://www.kbzk.com/montana-schools-respond-to-tiktok-challenge-calling-on-students-to-make-threats-friday,725,ok
https://www.foxla.com/news/socal-schools-step-up-precautions-in-response-to-tiktok-threat-warning-of-dec-17-school-shootings,443,ok
https://journaltimes.com/news/local/crime-and-courts/updated-social-media-trend-falsely-threatens-school-safety-in-racine-county-and-nationally/article_e7364c3b-f775-5f43-a7cd-ac69e0e16ecd.html,0,link is dead
https://www.winknews.com/2021/12/17/online-trend-leads-to-threats-of-school-violence-nationwide/,0,link is dead
https://www.govtech.com/education/k-12/philadelphia-schools-notify-families-of-viral-tiktok-threat,534,ok
https://www.nbcwashington.com/news/local/dc-area-schools-say-threats-reported-on-social-media-are-not-credible/2912729/,484,ok
https://www.nbcwashington.com/news/local/13-year-old-said-threats-against-middle-school-were-a-joke-authorities/2912752/,274,ok
https://www.brainerddispatch.com/news/crime-and-courts/7326175-Brainerd-police-arrest-2-juveniles-for-threatening-school-violence,348,ok
https://www.wnep.com/article/news/local/luzerne-county/schools-address-tiktok-threats-scranton-hanover-area-wyoming-virtual-in-person-learning/523-9c29af55-4ef6-4fba-8185-10a1f994849e,0,link is dead
https://www.benningtonbanner.com/ap/business/schools-in-vermont-across-us-step-up-security-in-response-to-threats-on-tiktok/article_5054deb9-cd00-5893-bc00-de1addd16060.html,0,link is dead
https://pantagraph.com/news/local/education/watch-now-bloomington-normal-schools-ready-for-threat-assessments/article_b7b6d9cf-7dbd-53ab-9a80-bf26ca8fd8f4.html,0,link is dead
https://menafn.com/1103390271/FBI-investigating-TikTok-school-shooting-threat&source=22,0,link is dead
https://www.newstracklive.com/news/schools-across-us-cancel-classes-due-to-threats-on-tiktok-sc57-nu318-ta318-ta928-1479616-1.html,0,link is dead
https://www.mix1069.com/2021/12/16/schools-responding-to-social-media-threat-of-potential-violence/,512,ok
https://www.dispatch.com/story/news/local/2021/12/17/greater-columbus-schools-alert-families-after-rumored-tiktok-threats/8935109002/,487,ok
https://www.trumbulltimes.com/news/article/Schools-step-up-security-in-response-to-threats-16708520.php,0,link is dead
https://www.11alive.com/article/news/local/eastside-high-school-teenager-arrested-terroristic-threats/85-19fa1a23-29d9-4772-b867-8b756c78aa58,0,link is dead
https://www.newjerseyhills.com/print_only/_headline_style/bold_48/officials-no-credible-threats-at-hunterdon-high-schools-related-to-tik-tok-challenge/article_a0e7efa1-445f-5572-a22e-8e3f879553bd.html,0,link is dead
https://www.am1090theflag.com/news/regional-news/40569-bismarck-schools-among-those-nationwide-who-report-threats-of-violence-set,628,ok
https://ravallirepublic.com/news/local/bitterroot-schools-law-enforcement-respond-to-tiktok-school-threat-challenge/article_265a1d3f-7d22-5180-86e9-2cbaa64b1272.html,906,ok
https://thesouthern.com/news/state-and-regional/watch-now-schools-step-up-security-in-response-to-threats-on-tiktok/article_702900e5-f209-5c3b-8239-99107bb9276a.html,0,link is dead
https://www.khou.com/article/news/education/houston-area-school-districts-nationwide-social-media-threats/285-67cf1029-b349-45ac-bbea-16c39bd0ab04,0,link is dead
https://www.sheltonherald.com/news/article/Some-CT-schools-closed-after-TikTok-threats-spread-16709315.php,820,ok
https://www.postandcourier.com/myrtle-beach/news/horry-county-police-charge-2-juveniles-with-threatening-a-school/article_72bdbe44-5f3e-11ec-9835-0bc10155216b.html,203,ok
https://www.msn.com/en-us/news/us/student-arrested-charged-for-alleged-school-threat-at-wyoming-middle-school/ar-AARV9qt,0,page opened but no article text
https://www.palmbeachpost.com/story/news/nation/2021/12/16/tiktok-violence-threats-schools-united-states-security/8933323002/,1698,ok
https://www.sanantoniopost.com/news/271965905/schools-ramp-up-security-over-shooting-threats-on-tiktok,690,ok
https://jamn1075.iheart.com/content/2021-12-17-schools-ramp-up-security-as-viral-bomb-threat-circulates-tiktok/,285,ok
https://rapidcityjournal.com/news/local/education/rapid-city-public-schools-closed-friday-after-threat-on-social-media/article_c2ab15ea-1fc8-581b-ac95-795e6334d610.html,0,link is dead
https://www.newyorkstatesman.com/news/271965905/schools-ramp-up-security-over-shooting-threats-on-tiktok,698,ok
https://www.kimt.com/news/dps-threats-made-to-29-schools-across-minnesota/article_505e52a0-5f7a-11ec-91de-5f75c1177e21.html,0,link is dead
https://www.wyff4.com/article/threats-of-school-violence-on-tiktok-nationwide-are-not-credible-but-have-officials-on-high-alert/38552864,1063,ok
https://literock993.iheart.com/content/2021-12-17-schools-around-the-state-at-high-alert-over-online-threats-of-violence/,116,ok
https://www.kmbc.com/article/threats-of-school-violence-on-tiktok-nationwide-are-not-credible-but-have-officials-on-high-alert/38552864,1063,ok
https://www.wgal.com/article/threats-of-school-violence-on-tiktok-nationwide-are-not-credible-but-have-officials-on-high-alert/38552864,1063,ok
https://www.msn.com/en-us/news/us/oneida-county-schools-deem-tiktok-threats-not-credible-but-beef-up-police-presence/ar-AARUQWw,0,page opened but no article text
https://www.thehour.com/news/article/Some-CT-schools-closed-after-TikTok-threats-spread-16709315.php,830,ok
https://dailyvoice.com/new-york/mtkisco/schools/fox-lane-high-school-goes-remote-amid-concerns-following-threat/821918/,0,link is dead
https://elkodaily.com/news/state-and-regional/crime-and-courts/carson-city-schools-close-amid-threats-of-violence-on-tiktok/article_f588bf56-0842-58e3-a633-d451b08ec632.html,0,link is dead
https://www.couriernews.com/news/business/schools-step-up-security-in-response-to-threats-on-tiktok/article_8c367745-4981-5183-9014-9dcc1be4350f.html,0,link is dead
https://www.postandcourier.com/columbia/news/lexington-county-district-warns-of-tiktok-challenge-threatening-schools/article_56509174-5ed4-11ec-80e2-ef43df62b1b8.html,0,link is dead
https://www.wsiltv.com/news/local-schools-take-extra-precautions-after-nationwide-tiktok-threat/article_5c6c8dcc-5f49-11ec-acd8-038624bb624c.html,442,ok
https://abcnews.go.com/Technology/wireStory/schools-step-security-response-threats-tiktok-81801894,0,link is dead
https://www.wyomingnews.com/news/in_our_schools/lcsd1-says-social-media-threats-of-gun-violence-unsubstantiated/article_332d12ff-5268-5b5b-8ea0-55311e006607.html,0,link is dead
https://www.wkyc.com/article/news/nation-world/tiktok-school-threats/507-c04992fe-7eb4-49fa-8918-1114973fa2ea,0,link is dead
https://www.detroitnews.com/story/news/local/michigan/2021/12/17/michigan-officials-alert-amid-possible-threat-against-schools-nationwide/8934949002/,534,ok
https://www.columbian.com/news/2021/dec/16/schools-step-up-security-in-response-to-threats-on-tiktok/,102,ok
https://bringmethenews.com/minnesota-news/some-minnesota-schools-closed-friday-after-nationwide-tiktok-threat,0,link is dead
https://www.850wftl.com/security-tight-at-south-florida-schools-amid-social-media-threats/,227,ok
https://thehill.com/policy/technology/586272-schools-nationwide-increase-security-in-response-to-tiktok-threats,370,ok
https://dailyvoice.com/new-york/putnam/schools/westchester-hs-goes-remote-amid-concerns-following-threat/821918/,0,link is dead
https://www.chron.com/news/education/article/San-Antonio-school-districts-respond-TikTok-threat-16708583.php,750,ok
https://www.wellsvilledaily.com/story/news/nation/2021/12/16/tiktok-violence-threats-schools-united-states-security/8933323002/,0,link is dead
https://www.oleantimesherald.com/news/nation/tiktok-challenge-threaten-school-shootings-across-country-friday/article_ba75afb2-bdee-58b1-a6ad-4e910021c515.html,0,link is dead
https://www.dallassun.com/news/271965905/schools-ramp-up-security-over-shooting-threats-on-tiktok,700,ok
https://www.mycentraloregon.com/2021/12/17/dhs-recommends-schools-remain-alert-amid-unfounded-threats-on-tiktok/,303,ok
https://www.kmaj1440.com/news/us-schools-increase-security-over-tiktok-shooting-threat/,0,link is dead
https://www.sfgate.com/news/article/Carson-City-schools-close-amid-threats-of-16710766.php,0,link is dead
https://www.wtvq.com/fayette-county-schools-warns-against-potential-school-threat-challenge-on-social-media/,499,ok
https://www.abc57.com/news/school-districts-increase-security-over-tiktok-shooting-threats-challenge,328,ok
https://www.chron.com/business/article/Schools-Shut-Down-Over-Shooting-Threat-on-TikTok-16710381.php,373,ok
https://www.the-leader.com/story/opinion/columnists/2021/12/17/tiktok-threats-schools-covid-weary-parents-need-break/8938668002/,1198,ok
https://journalnow.com/news/local/education/tiktok-threat-not-credible-winston-salem-forsyth-county-schools-say/article_bcab5976-5f48-11ec-a9a8-2b3cbb8e034a.html,0,link is dead
https://www.wral.com/search-for-shooting-suspect-puts-4-north-raleigh-schools-on-lockdown/20040166/,334,ok
https://973thedawg.com/death-threat-made-against-erath-high-school-teacher-investigation-opened/,284,ok
https://www.sunny106.fm/local/schools-on-high-alert-due-to-nationwide-social-media-threat/,0,link is dead
https://qconline.com/news/national/us-troops-face-discipline-for-refusing-vaccine-schools-facing-tiktok-threats-miss-america-crowned/article_3fd545f5-6221-50f4-8cdd-dcbfa2acef80.html,0,link is dead
https://www.cbs8.com/article/news/nation-world/tiktok-school-threats/507-c04992fe-7eb4-49fa-8918-1114973fa2ea,0,link is dead
https://www.wqad.com/article/news/nation-world/tiktok-school-threats/507-c04992fe-7eb4-49fa-8918-1114973fa2ea,0,link is dead
https://www.montanarightnow.com/top_story/schools-across-montana-taking-precautionary-action-following-social-media-threat/article_415cc584-5ea8-11ec-ac9a-6b28cb9db1f8.html,0,link is dead
https://www.tribdem.com/news/shooting-threat-impacts-schools-law-enforcement-across-country/article_4a551ffa-5ec2-11ec-ab1b-277c76a827f7.html,0,link is dead
https://www.theintelligencer.com/news/article/Schools-step-up-security-in-response-to-threats-16708520.php,0,link is dead
https://www.floridatoday.com/story/news/2021/12/16/national-school-threat-hoax-likely-started-prank-bps-spokesman-says/8930862002/,359,ok
https://www.msn.com/en-us/news/technology/schools-police-warn-of-us-school-shooting-threats-on-tiktok/ar-AARTUm3,0,page opened but no article text
https://missoulian.com/news/national/schools-step-up-security-in-response-to-threats-on-tiktok/article_0e0d94e2-6532-51eb-8942-4a331313b3c7.html,0,link is dead
https://www.kulr8.com/great-falls/schools-across-montana-taking-precautionary-action-following-social-media-threat/article_73d29690-ded2-5453-90b1-79cc39327a19.html,710,ok
https://www.thewesterlysun.com/news/police-courts/state-police-stonington-monitoring-hoax-posts-claiming-there-will-be-school-threats-on-friday/article_619a88a8-5e9a-11ec-b943-87e8251d5356.html,0,link is dead
https://www.msn.com/en-us/news/us/increased-law-enforcement-presence-at-some-central-va-schools-friday-following-tiktok-threat/ar-AARTVeR,0,page opened but no article text
https://www.theridgefieldpress.com/news/article/Some-CT-schools-closed-after-TikTok-threats-spread-16709315.php,820,ok
https://www.channel3000.com/platteville-school-district-closing-schools-friday-due-to-threat-of-violence/,0,link is dead
https://www.houstonchronicle.com/news/houston-texas/education/article/texas-school-districts-threats-social-media-16708908.php,940,ok
http://www.thebulltulsa.com/story/61bcb61bba1f790c338cd0de/will-rogers-schools-in-tulsa-under-modified-lockdown-after-school-threats-,0,link is dead
https://patch.com/rhode-island/bristol-warren/bristol-police-visit-schools-amid-concerns-over-tiktok-threats,372,ok
https://www.postandcourier.com/columbia/news/third-lexington-county-student-in-10-days-charged-with-threat-against-school/article_fdc6d5da-5f79-11ec-ba7b-7fac61533a28.html,0,link is dead
https://www.msn.com/en-us/news/us/tiktok-rumors-of-school-violence-threats-put-people-on-edge-after-michigan-shooting/ar-AARVwBf,0,page opened but no article text
https://www.journal-news.net/journal-news/separate-posts-by-local-bodies-address-social-media-threats-of-violence-in-schools/article_025648fd-8954-5b5e-add1-0232415272ca.html,667,ok
https://www.msn.com/en-us/news/us/one-broward-high-school-was-on-lockdown-for-hours-while-a-student-was-detained-with-a-gun-at-another/ar-AARVha9,0,page opened but no article text
https://wflaorlando.iheart.com/featured/florida-news/content/2021-12-17-schools-around-the-state-at-high-alert-over-online-threats-of-violence/,116,ok
https://www.msn.com/en-us/news/us/viral-tiktok-threatening-school-violence-puts-parents-districts-on-high-alert-we-treat-it-with-the-utmost-seriousness/ar-AARVnHU,0,page opened but no article text
https://www.columbiamissourian.com/news/k12_education/tiktok-says-bomb-threat-trend-is-rumor-only-but-mid-missouri-schools-show-caution/article_652a6e6a-5f54-11ec-89c5-0f1c3a0cc803.html,0,link is dead
https://qctimes.com/news/national/us-troops-face-discipline-for-refusing-vaccine-schools-facing-tiktok-threats-miss-america-crowned/article_0fbb454b-680e-59e9-8db0-633e0a2a2d04.html,0,link is dead
https://tucson.com/news/national/us-troops-face-discipline-for-refusing-vaccine-schools-facing-tiktok-threats-miss-america-crowned/article_82eb8020-be80-5b1b-816e-cccd4c9f3f1d.html,0,link is dead
https://morganton.com/news/national/us-troops-face-discipline-for-refusing-vaccine-schools-facing-tiktok-threats-miss-america-crowned/article_78f3876e-28da-5940-a166-77573a9405bf.html,0,link is dead
https://foxsports940.iheart.com/content/2021-12-17-miami-dade-broward-school-districts-on-high-alert-after-tiktok-threats/,194,ok
https://windsor.ctvnews.ca/one-was-taken-into-custody-after-alleged-threats-off-school-property-in-dresden-1.5711997,63,ok
https://patch.com/california/millbrae/16-year-old-arrested-millbrae-after-threats-school-violence,162,ok
https://www.wglr.com/2021/12/17/dubuque-student-charged-with-making-school-threat/,88,ok
https://www.wtsp.com/article/news/local/citruscounty/citrus-county-school-threat-arrest/67-c357713e-30ce-4a08-8f3c-d75e5de974a2,0,link is dead
https://real959.iheart.com/content/2021-12-17-schools-ramp-up-security-as-viral-bomb-threat-circulates-tiktok/,285,ok
https://www.caledonianrecord.com/news/local/profile-high-school-canaan-school-closed-friday-due-to-alleged-social-media-threats/image_449ff65e-8aa7-588e-9ebf-0ad56f140e50.html,0,link is dead
https://www.msn.com/en-us/news/us/massachusetts-schools-dealing-with-flood-of-threats-as-police-investigate-series-of-social-media-messages/ar-AARTsYV,0,page opened but no article text
https://www.westport-news.com/news/article/TikTok-challenge-spurs-rumors-of-school-threats-16707416.php,791,ok
https://abc17news.com/news/jefferson-city/2021/12/16/jefferson-city-school-district-says-students-behind-last-weeks-threat-referred-to-police/,1062,ok
https://www.msn.com/en-us/news/us/schools-across-us-cancel-classes-over-unconfirmed-tiktok-threats/ar-AARTI8q,0,page opened but no article text
https://billingsgazette.com/news/state-and-regional/bitterroot-schools-law-enforcement-respond-to-tiktok-school-threat-challenge/article_cd6bc825-70e6-5106-9294-a137831f4a0c.html,0,link is dead
https://www.whec.com/national/schools-step-up-security-in-response-to-threats-on-tiktok/6335120/?cat=10036,0,link is dead
https://www.theguardian.com/technology/2021/dec/16/us-schools-step-up-security-amid-shooting-and-bomb-threats-on-tiktok,1000,ok
https://www.firstcoastnews.com/article/news/local/local-school-districts-respond-to-reports-of-threats-against-schools-circullocal-ating-on-tiktok/77-2d57b1b4-ba1b-4965-9a45-5b6c738da87e,0,link is dead
https://www.pressherald.com/2021/12/16/lewiston-schools-friday-closed-due-to-middle-school-threat-suspect-identified/,458,ok
https://www.wdadradio.com/2021/12/17/tik-tok-threats-against-schools-target-today/,202,ok
https://www.wgrz.com/article/news/education/southwestern-central-school-district-closed-due-to-threat-of-violence/71-3b61e218-1e85-4451-96da-519a4c9a7adc,0,link is dead
https://www.nhregister.com/news/article/Some-CT-schools-closed-after-TikTok-threats-spread-16709315.php,831,ok
https://patch.com/pennsylvania/northhills/tiktok-shooting-threat-prompts-nh-schools-boost-security,244,ok
https://patch.com/alabama/birmingham-al/tik-tok-threat-2-school-area-systems-go-virtual-friday,441,ok
http://www.msn.com/en-us/news/us/dhs-recommends-schools-remain-alert-amid-unfounded-threats-on-tiktok/ar-AARVddb,0,page opened but no article text
https://www.buckscountycouriertimes.com/story/news/2021/12/17/bucks-county-schools-notify-families-nationwide-tiktok-safety-threat/8937254002/,505,ok
https://www.heraldnews.com/story/news/education/2021/12/16/tiktok-school-violence-threat-viral-police-fall-river-somerset-bedford/8931004002/,588,ok
https://www.keysnews.com/news/national/tiktok-challenge-threaten-school-shootings-across-country-friday/article_908ae5f5-4de5-5124-af74-ec271d9032eb.html,0,link is dead
https://www.sanfordherald.com/news/national/tiktok-challenge-threaten-school-shootings-across-country-friday/article_13f6c19f-ff5e-5188-a851-6e16ee67dc64.html,0,link is dead
https://www.khq.com/national/tiktok-challenge-threaten-school-shootings-across-country-friday/article_f748859d-eb62-54cb-8467-16636eb856d6.html,0,link is dead
https://www.newyorktelegraph.com/news/271965905/schools-ramp-up-security-over-shooting-threats-on-tiktok,665,ok
https://literock969.com/police-warn-parents-of-school-shooting-bombing-threats-on-tiktok/,234,ok
https://www.kbzk.com/bigfork-high-school-evacuated-due-to-bomb-threat,260,ok
https://www.reformer.com/ap/business/schools-in-vermont-across-us-step-up-security-in-response-to-threats-on-tiktok/article_fa73085a-62ef-5339-8e86-5f49de90ee0a.html,0,link is dead
https://kdwn.com/2021/12/17/schools-step-up-security-in-response-to-threats-on-tiktok/,90,ok
https://www.usatoday.com/story/tech/2021/12/17/tiktok-alleged-school-threat-guidelines/8937761002/,625,ok
https://www.msn.com/en-us/news/us/alerts-issued-in-fayette-ky-nation-over-reported-tiktok-school-threats-on-friday/ar-AARVL65,0,page opened but no article text
https://www.telegram.com/story/news/2021/12/17/schools-central-mass-see-drop-friday-attendance-amid-school-threats-tiktok-snapchat/8939435002/,918,ok
https://myq1075.com/police-dubuque-school-threat-response/,192,ok
https://999ktdy.com/death-threat-made-against-erath-high-school-teacher-investigation-opened/,284,ok
https://www.northcountrynow.com/news/increased-police-presense-st-lawrence-county-schools-today-following-tiktok-threat-0311554,0,link is dead
https://y94.com/2021/12/16/national-tiktok-challenge-encouraging-students-to-report-false-threats-to-schools-on-friday/,176,ok
https://mtstandard.com/news/state-and-regional/bitterroot-schools-law-enforcement-respond-to-tiktok-school-threat-challenge/article_1a54c02d-a457-5d82-9c4e-37892301ded1.html,0,link is dead
https://omaha.com/news/national/schools-step-up-security-in-response-to-threats-on-tiktok/article_d92cb628-e2f3-55e7-999b-d7a0b4186a15.html,0,link is dead
https://www.ksl.com/article/50313243/violent-viral-social-media-threats-continue-to-impact-utah-schools,861,ok
https://qctimes.com/news/local/education/no-credible-threats-of-school-violence-iowa-public-safety-agency-says/article_9959a287-008e-5e16-a278-27127f5b675c.html,0,link is dead
https://www.kob.com/national-news/schools-step-up-security-in-response-to-threats-on-tiktok/6335117/?cat=606,0,link is dead
https://www.am1100theflag.com/news/regional-news/40569-bismarck-schools-among-those-nationwide-who-report-threats-of-violence-set,0,link is dead
https://www.wcnc.com/article/news/nation-world/tiktok-school-threats/507-c04992fe-7eb4-49fa-8918-1114973fa2ea,0,link is dead
https://missoulian.com/news/state-and-regional/bitterroot-schools-law-enforcement-respond-to-tiktok-school-threat-challenge/article_ea0ec413-d819-5827-b878-0fe21acffeff.html,0,link is dead
https://www.wcvb.com/article/rumored-tiktok-school-threat-december-17-massachusetts-schools-fbi-responds/38544752,250,ok
https://www.stamfordadvocate.com/news/article/Some-CT-schools-closed-after-TikTok-threats-spread-16709315.php,830,ok
https://www.msn.com/en-us/news/politics/schools-nationwide-increase-security-in-response-to-tiktok-threats/ar-AARUumP,0,page opened but no article text
https://www.pressdemocrat.com/article/news/schools-across-us-step-up-security-in-response-to-threats-on-tiktok/,666,ok
https://www.kxlf.com/tik-tok-challenge-threat-prompts-florence-schools-to-cancel-classes,622,ok
http://kokomoperspective.com/news/national/tiktok-challenge-threaten-school-shootings-across-country-friday/article_c2c89900-a1c2-5068-9816-211b88240767.html,0,link is dead
https://www.csmonitor.com/USA/Education/2021/1217/Threats-of-school-violence-on-TikTok-spur-educators-into-action,702,ok
https://www.kuer.org/podcast/news-briefs/2021-12-17/am-news-brief-police-impersonator-drought-update-suspect-facing-charges-for-school-threat,733,ok
https://www.fox4news.com/news/threats-prompt-increased-security-at-schools-in-north-texas,245,ok
https://www.nytimes.com/2021/12/17/us/tiktok-school-shooting-threat.html,0,link is dead
https://wflapanamacity.iheart.com/featured/florida-news/content/2021-12-17-schools-around-the-state-at-high-alert-over-online-threats-of-violence/,116,ok
https://www.cbs46.com/news/polk-county-schools-cancels-all-classes-amid-reports-of-threats-on-social-media/article_90e3d7e2-5f3d-11ec-8cb9-fbeadfe0eb66.html,0,link is dead
https://www.heraldbanner.com/news/rockwall-police-department-investigating-terroristic-threat-against-high-school/article_70b58c94-5f70-11ec-a301-ab1f2c9d0db1.html,0,link is dead
https://1055thebeat.iheart.com/content/2021-12-17-schools-around-the-state-at-high-alert-over-online-threats-of-violence/,116,ok
https://www.msn.com/en-us/news/crime/oneida-county-schools-deem-tiktok-threats-not-credible-but-beef-up-police-presence/ar-AARUQWw,0,page opened but no article text
https://www.coladaily.com/communities/lexington/lexington-high-school-student-threatened-school-classmates-says-lcsd/article_abe3088c-5f75-11ec-82ea-ab5bd4336d2f.html,298,ok
https://www.bloomberg.com/news/articles/2021-12-16/tiktok-school-shooting-threats-prompt-closures-and-more-police,0,link is dead
https://omaha.com/news/national/us-troops-face-discipline-for-refusing-vaccine-schools-facing-tiktok-threats-miss-america-crowned/article_23ebab74-070e-515f-907f-d36346eaba05.html,0,link is dead
https://www.newsweek.com/teens-arrested-nationwide-threats-against-schools-amid-concerning-tiktok-warnings-1660750,543,ok
https://www.greatfallstribune.com/story/news/2021/12/16/some-montana-schools-to-close-friday-responding-to-viral-tiktok-threat/42374410007/,402,ok
https://www.swnewsmedia.com/chaska_herald/news/education/parents-warned-of-childrens-social-media-use-following-discredited-threat-of-school-violence-at-chaska/article_8cbf790a-5eb1-11ec-b7c1-139cc9f74f1e.html,0,page opened but no article text
https://www.khq.com/news/threats-of-school-violence-on-social-media-prompt-increased-law-enforcement-presence-at-schools-across/article_f18f52a4-5eb8-11ec-b57e-4fe011ec8a66.html,0,link is dead
https://www.aspentimes.com/news/aspen-school-district-responds-to-nationwide-social-media-threats/,327,ok
https://www.fontanaheraldnews.com/news/fusd-responds-to-troubling-tiktok-post-which-refers-to-a-threat-to-school-safety-for/article_77d140fc-5edc-11ec-b778-1fb7ae1b8747.html,0,link is dead
https://nonpareilonline.com/news/local/education/no-credible-threats-of-school-violence-iowa-public-safety-agency-says/article_da4b12d2-8dac-56f4-b5ec-56a9bb625d68.html,0,link is dead
https://lbpost.com/news/education/national-school-shooting-day-lbusd-threat-long-beach,220,ok
https://www.kxxv.com/hometown/mclennan-county/influx-of-threats-at-central-texas-schools-leaves-parents-to-have-tough-conversations,392,ok
https://www.freepressjournal.in/world/tiktok-challenge-warning-of-shooting-bomb-threats-prompts-some-us-schools-to-remain-close,300,ok
https://www.newjerseytelegraph.com/news/271965905/schools-ramp-up-security-over-shooting-threats-on-tiktok,700,ok
https://patch.com/texas/houston/tiktok-school-shooting-threat-tx-districts-say-no-backpacks,596,ok
https://wpst.com/nj-warns-all-school-administrators-of-dec-17-shooting-threat/,459,ok
https://www.rockdalenewtoncitizen.com/news/juvenile-charged-with-making-threats-against-eastside-high-school/article_0ebc376c-5f30-11ec-be0d-d796e707ba45.html,0,link is dead
https://www.utahindependent.com/news/271965905/schools-ramp-up-security-over-shooting-threats-on-tiktok,702,ok
https://www.newsweek.com/educators-ask-government-intervene-over-social-medias-lack-action-school-threats-1660711,804,ok
https://www.recordnet.com/story/news/nation/2021/12/16/tiktok-violence-threats-schools-united-states-security/8933323002/,1698,ok
https://www.azcentral.com/story/news/education/2021/12/17/school-threats-tiktok-social-media/8938607002/,1225,ok
https://www.sandiegosun.com/news/271965905/schools-ramp-up-security-over-shooting-threats-on-tiktok,655,ok
https://www.1470wmbd.com/2021/12/16/schools-responding-to-social-media-threat-of-potential-violence/,513,ok
https://www.nbcphiladelphia.com/tag/school-threats/,1442,ok
https://news.yahoo.com/viral-tiktok-school-threat-warning-133423503.html,0,link is dead
https://www.wshu.org/news/2021-12-17/police-beef-up-security-at-connecticut-and-long-island-schools-amid-threats-of-violence,144,ok
https://www.lmtonline.com/news/article/Schools-step-up-security-in-response-to-threats-16708520.php,0,link is dead
https://1057thehawk.com/nj-warns-all-school-administrators-of-dec-17-shooting-threat/,459,ok
https://ktvz.com/news/bend/2021/12/16/schools-step-up-security-in-response-to-threats-on-tiktok-3/,557,ok
https://www.kaaltv.com/rochester-minnesota-news/rochester-minnesota-rps-rochester-public-schools-tik-tok-school-violence-threat-latest/6335003/,0,link is dead
http://www.msn.com/en-us/news/technology/schools-police-warn-of-us-school-shooting-threats-on-tiktok/ar-AARTUm3,0,page opened but no article text
https://www.fox5dc.com/news/frederick-county-sheriffs-office-receives-threats-against-schools-increasing-police-patrol-friday,194,ok
https://www.wral.com/schools-step-up-security-in-response-to-threats-on-tiktok/20039059/,0,link is dead
https://www.msn.com/en-us/news/us/threat-found-on-haverford-middle-school-bathroom-wall-prompts-warning-about-dangerous-tiktok-challenge/ar-AARTpT2,0,page opened but no article text
https://lethbridgeherald.com/news/lethbridge-news/2021/12/17/potential-threat-closes-schools-for-second-time-this-week/,224,ok
https://www.californiatelegraph.com/news/271965905/schools-ramp-up-security-over-shooting-threats-on-tiktok,685,ok
https://www.kxlf.com/news/crime-and-courts/tiktok-threat-prompts-increased-police-presence-friday-at-billings-and-lockwood-schools,189,ok
https://d1softballnews.com/some-possibly-false-threats-on-tiktok-have-shut-down-many-american-schools/,0,page opened but no article text
https://www.kbzk.com/tik-tok-challenge-threat-prompts-florence-schools-to-cancel-classes,622,ok
http://www.msn.com/en-us/news/us/schools-step-up-security-in-response-to-threats-on-tiktok/ar-AARTrgq,0,page opened but no article text
https://dailyvoice.com/new-york/peekskill/schools/northern-westchester-hs-goes-remote-amid-concerns-following-threat/821918/,0,link is dead
https://patch.com/massachusetts/danvers/danvers-police-school-patrols-added-amid-tiktok-threat,411,ok
https://www.mankatofreepress.com/news/local_news/police-no-local-threat-found-in-social-media-school-violence-claims/article_4e6c4130-5f59-11ec-93a2-07079252fb2a.html,0,link is dead
https://www.tmj4.com/news/local-news/teen-in-custody-following-threat-of-school-shooting-in-lake-geneva-police-say,258,ok
https://www.kokomotribune.com/news/15-year-old-in-custody-after-bomb-threat-at-peru-high-school/article_e7c1d80e-5f72-11ec-b505-2baddbab6aa0.html,0,link is dead
https://www.timestelegram.com/story/opinion/columnists/2021/12/17/tiktok-threats-schools-covid-weary-parents-need-break/8938668002/,1198,ok
http://www.khits.com/story/61bcb61bba1f790c338cd0de/will-rogers-schools-in-tulsa-under-modified-lockdown-after-school-threats-,0,link is dead
https://931coast.com/indian-trails-student-arrested-for-bogus-school-shooting-threat/,421,ok
https://www.news-press.com/story/news/local/2021/12/17/lee-county-sheriff-3-teens-arrested-after-threatening-violence-3-schools/8943852002/,423,ok
https://news.yahoo.com/officials-nationwide-friday-school-threats-191201008.html,1432,ok
https://www.caledonianrecord.com/news/local/profile-high-school-canaan-school-closed-friday-due-to-alleged-social-media-threats/image_d813daee-408a-56a7-beeb-043e4f895ae6.html,0,link is dead
https://www.onenewspage.com/topic/Tiktok_School_Threat.htm,41,ok
https://www.ypradio.org/2021-12-17/viral-tiktok-threats-prompt-schools-to-cancel-classes,43,ok
https://www.wtvr.com/news/local-news/schools-step-up-security-in-response-to-threats-on-tiktok,143,ok
https://www.kxly.com/nationally-circulating-social-media-threat-hits-spokane-public-schools/,0,link is dead
https://www.myrecordjournal.com/News/State/Schools-step-up-security-in-response-to-threats-on-TikTok,0,link is dead
https://www.bozemandailychronicle.com/ap_news/schools-step-up-security-in-response-to-threats-on-tiktok/article_a87deba1-3cca-5b79-8c32-8c83551cb3bc.html,0,link is dead
https://www.desmoinesregister.com/story/news/education/2021/12/16/school-threat-december-17-tiktok-rumors-spread-no-specific-threat-seen-iowa/8932551002/,320,ok
https://www.thetelegraph.com/news/article/Schools-step-up-security-in-response-to-threats-16708520.php,0,link is dead
https://www.wwaytv3.com/school-board-taking-potential-tiktok-threat-seriously/,293,ok
https://pantagraph.com/news/state-and-regional/watch-now-schools-step-up-security-in-response-to-threats-on-tiktok/article_af04de4a-37be-5125-9fe1-25ff8b7651b9.html,0,link is dead
https://www.meridianstar.com/news/nation_and_world/schools-step-up-security-in-response-to-threats-on-tiktok/article_469cba53-6548-59e3-aeef-b9127da7d58e.html,0,link is dead
https://www.msn.com/en-us/news/us/pittsburgh-area-schools-increasing-security-over-tiktok-challenge-threatening-violence/ar-AARTLId,0,page opened but no article text
https://www.udayavani.com/english-news/schools-step-up-security-in-response-to-threats-on-tiktok,0,link is dead
https://www.timesunion.com/news/article/Schools-step-up-security-in-response-to-threats-16708520.php,0,link is dead
https://www.msn.com/en-us/news/us/no-credible-threats-but-several-ct-schools-to-increase-police-presence-today-others-close/ar-AART3RF,0,page opened but no article text
https://www.echo-news.co.uk/news/19792285.ortu-gable-hall-school-lockdown-police-called/,182,ok
https://www.messenger-inquirer.com/news/national/tiktok-challenge-threaten-school-shootings-across-country-friday/article_34cbbb7e-c9f2-54f4-8c12-204af74dd083.html,0,link is dead
https://www.crimeonline.com/2021/12/17/multiple-students-arrested-over-tiktok-school-shooting-violence-threats/,374,ok
https://wkdq.com/illinois-parents-warned-of-horrifying-threats-against-all-schools-nationwide/,545,ok
https://wccfradio.iheart.com/content/2021-12-17-schools-around-the-state-at-high-alert-over-online-threats-of-violence/,116,ok
https://www.courier-journal.com/story/news/education/2021/12/17/tiktok-violence-threats-schools-united-states-security/8942429002/,1375,ok
https://nbc-2.com/news/crime/2021/12/17/three-lee-county-students-arrested-for-making-school-threats/,0,link is dead
https://www.kxlf.com/bigfork-high-school-evacuated-due-to-bomb-threat,260,ok
https://www.11alive.com/article/news/education/school-threats-ongoing-issue-metro-atlanta/85-64bbb8be-f05d-4d59-9e23-c981fded21d2,0,link is dead
https://www.997wtn.com/news/us-schools-increase-security-over-tiktok-shooting-threat/,0,link is dead
https://www.newschannel5.com/news/law-enforcement-issues-warning-against-making-school-threats,188,ok
https://www.wfmd.com/2021/12/17/boy-who-made-threats-to-ballenger-creek-middle-school-confessed/,0,link is dead
https://www.gazettextra.com/news/education/janesville-milton-schools-respond-to-school-safety-threat-on-tiktok/article_3762205e-36d9-5153-8dc1-8cbe43df75fc.html,0,link is dead
https://www.mexicostar.com/news/271966075/schools-across-us-cancel-classes-over-unconfirmed-threats-of-shootings-on-tiktok,817,ok
https://www.msn.com/en-us/news/us/schools-ask-students-to-leave-backpacks-at-home-amid-wave-of-threats-across-us/ar-AARVgHf,0,page opened but no article text
https://www.kvue.com/article/news/local/austin-isd-school-shooting-threat-tiktok/269-6fae2273-9c37-4524-bb19-a8d072a92588,0,link is dead
https://mcdowellnews.com/news/national/us-troops-face-discipline-for-refusing-vaccine-schools-facing-tiktok-threats-miss-america-crowned/article_1b8b6798-6f46-5111-b401-83f58eb1182d.html,0,link is dead
https://tulsaworld.com/news/national/us-troops-face-discipline-for-refusing-vaccine-schools-facing-tiktok-threats-miss-america-crowned/article_3ca5ce66-88be-5f3d-aead-e9045b33acec.html,0,link is dead
https://news.yahoo.com/local-schools-precautions-tiktok-threats-151403698.html,189,ok
https://www.kvue.com/article/tech/tiktok-school-threats/507-c04992fe-7eb4-49fa-8918-1114973fa2ea,0,link is dead
https://www.stltoday.com/news/national/us-troops-face-discipline-for-refusing-vaccine-schools-facing-tiktok-threats-miss-america-crowned/article_1c440aa2-9d18-57e0-825c-58fae42fcc52.html,0,link is dead
https://www.dailyitem.com/news/social-media-threat-pushes-schools-to-add-law-enforcement-presence/article_2dd80254-5ebb-11ec-a94c-b3a12430de0e.html,477,ok
https://www.greenwichtime.com/news/article/Schools-step-up-security-in-response-to-threats-16708520.php,0,link is dead
https://www.msn.com/en-us/news/us/up-schools-respond-to-tiktok-threat/ar-AARTIlC,0,page opened but no article text
https://www.msn.com/en-us/news/us/increased-police-presence-at-broward-schools-in-light-of-social-media-threats/ar-AARTH2P,0,page opened but no article text
https://www.bozemandailychronicle.com/ap_news/us/schools-step-up-security-in-response-to-threats-on-tiktok/article_a87deba1-3cca-5b79-8c32-8c83551cb3bc.html,0,link is dead
https://www.insidenova.com/headlines/expect-police-presence-at-schools-friday-after-nationwide-tiktok-threats/article_f7ef12e8-5edf-11ec-aa75-bb917ae0913b.html,0,link is dead
https://gazette.com/ap/business/schools-step-up-security-in-response-to-threats-on-tiktok/article_54cbe10f-ebb7-5e46-991c-3a7fea30b7e1.html,0,link is dead
https://981thehawk.com/tiktok-threat-to-schools/,445,ok
https://www.trumbulltimes.com/news/article/Some-CT-schools-closed-after-TikTok-threats-spread-16709315.php,820,ok
https://whyy.org/articles/philly-area-schools-on-alert-amid-tiktok-threat-for-violence/,467,ok
https://river967.com/tiktok-school-threats-prompt-response-from-central-mn-schools/,414,ok
https://dailyvoice.com/new-york/rye/news/specific-threat-leads-to-shift-to-remote-learning-at-school-district-in-westchester/822106/,0,link is dead
https://www.recordonline.com/story/news/nation/2021/12/16/tiktok-violence-threats-schools-united-states-security/8933323002/,1698,ok
https://www.msn.com/en-us/news/us/watch-missouri-officer-threatens-to-report-school-bus-driver-for-making-kids-wear-masks/ar-AARV2dv,0,page opened but no article text
https://102jkx.iheart.com/content/2021-12-17-schools-ramp-up-security-as-viral-bomb-threat-circulates-tiktok/,285,ok
https://dailygazette.com/2021/12/17/schenectadys-oneida-middle-school-in-a-lockout-after-threat/,0,link is dead
https://www.nbcrightnow.com/national/pasco-school-district-takes-precautions-amidst-nationwide-threat-to-all-u-s-schools-on-tiktok/article_ca85d7be-5f3a-11ec-a113-ffa0fce08c31.html,175,ok
https://www.bryantimes.com/news/tiktok-challenge-threaten-school-shootings-across-country-friday/article_3936bbbb-7054-55c9-9afc-0ac848505627.html,0,link is dead
https://www.heraldbulletin.com/news/local_news/madison-county-schools-respond-to-tiktok-threat-with-heightened-police-presence/article_bbb7b554-5f44-11ec-8173-ef89f6b36757.html,549,ok
https://poststar.com/news/local/crime-and-courts/police-schools-monitor-violent-threats-on-tiktok/article_098b9952-affd-5b30-9f5d-b9e62d2a8178.html,0,link is dead
https://www.mojo1029.com/2021/12/16/franklin-police-school-corporation-release-statement-on-school-threats/,0,link is dead
https://www.msn.com/en-us/news/us/la-schools-on-alert-after-threats-of-campus-violence-reportedly-circulate-on-tiktok/ar-AARVxAW,0,page opened but no article text
https://www.13wmaz.com/article/news/nation-world/tiktok-school-threats/507-c04992fe-7eb4-49fa-8918-1114973fa2ea,0,link is dead
https://www.wglr.com/2021/12/17/platteville-and-galena-schools-close-because-of-threat-of-violence/,305,ok
https://www.myeasternshoremd.com/qa/community/news/online-misinformation-sparks-and-inflates-recent-school-threats-across-mid-shore/article_204aa68e-c7fe-5eb4-8ba2-57255169630e.html,0,link is dead
https://www.ctinsider.com/shorelinenews/article/Some-CT-schools-closed-after-TikTok-threats-spread-16709315.php,820,ok
https://news.yahoo.com/schools-concerned-tiktok-threats-114522761.html,165,ok
https://patch.com/florida/miami/miami-dade-schools-aware-tiktok-challenge-threats-surge,513,ok
https://www.wvxu.org/2021-12-17/viral-tiktok-threats-prompt-schools-to-cancel-classes,43,ok
https://digg.com/news/link/tiktok-december-17-school-threats-district-cancellations-alleged-shootings-rqchZ4wlHN,493,ok
https://www.yahoo.com/now/tiktok-threats-pandemic-weary-schools-213017371.html,1196,ok
https://www.kcentv.com/article/news/nation-world/tiktok-school-threats/507-c04992fe-7eb4-49fa-8918-1114973fa2ea,0,link is dead
https://www.thehour.com/news/article/Schools-step-up-security-in-response-to-threats-16708520.php,0,link is dead
https://www.msn.com/en-ph/news/us/schools-step-up-security-in-response-to-threats-on-tiktok/ar-AARTrgq,0,page opened but no article text
https://www.thehawkeye.com/story/news/education/2021/12/16/school-threat-december-17-tiktok-rumors-spread-no-specific-threat-seen-iowa/8932551002/,509,ok
https://www.newjerseyhills.com/bernardsville_news/news/officials-no-credible-threats-at-bernardsville-schools/article_9436e59d-fb76-560d-a517-adc055d35bd0.html,705,ok
https://myedmondsnews.com/2021/12/edmonds-school-district-superintendent-acknowledges-national-tiktok-threat-says-district-is-monitoring/,0,link is dead
https://wnyt.com/albany-new-york-news/local-school-districts-and-police-departments-say-they-are-aware-of-tik-tok-threats-/6335268/?cat=10114,0,link is dead
https://www.theepochtimes.com/schools-across-us-tighten-security-increase-police-presence-after-tiktok-shooting-threats_4161468.html,850,ok
https://patch.com/illinois/plainfield/school-gun-violence-threats-tiktok-d202-plainfield-pd-aware,460,ok
https://bigfrog104.com/threat-on-tik-tok-leads-to-increased-police-presence-at-local-schools/,194,ok
https://suffolktimes.timesreview.com/2021/12/local-school-districts-police-aware-of-unfounded-tiktok-threat/,621,ok
https://www.hiawathaworldonline.com/news/national/tiktok-challenge-threaten-school-shootings-across-country-friday/article_d08d259d-3957-53f2-9f05-a33621373202.html,0,link is dead
https://www.mdjonline.com/news/cobb-police-school-districts-tiktok-threats-not-credible/article_dec50338-5f4b-11ec-a2b3-2b3677ca6e97.html,0,link is dead
https://www.mdjonline.com/neighbor_newspapers/extra/news/tiktok-challenge-threaten-school-shootings-across-country-friday/article_b4567b8c-dd01-55de-8bdc-ed500b07cd64.html,0,link is dead
https://wild941.com/2021/12/17/tampa-bay-school-districts-respond-to-tiktok-challenge-threatening-gun-violence-today/,0,page opened but no article text
https://yourblackworld.net/2021/12/17/threats-of-mass-school-shootings-emerge-on-tiktok-districts-across-the-u-s-take-precautions/,0,link is dead
https://www.usatoday.com/story/news/education/2021/12/17/school-threats-tiktok-social-media/8938607002/,1225,ok
https://www.freep.com/story/news/local/michigan/2021/12/17/oxford-school-shooting-copycat-threats/8932506002/,978,ok
https://kelofm.com/2021/12/17/sfpd-did-not-find-tiktok-school-violence-threat-credible/,73,ok
https://patch.com/connecticut/westport/westport-schools-have-successful-day-despite-non-credible-threats,359,ok
https://ummid.com/news/2021/december/17.12.2021/classes-in-schools-across-us-cancelled-over-shooting-threats-on-tiktok.html,328,ok
https://www.msn.com/en-us/news/us/georgia-school-district-cancels-school-over-threats-made-on-tiktok/ar-AARTW2o,0,page opened but no article text
https://www.northwestgeorgianews.com/rome/news/local/no-direct-threats-local-schools-increase-security-after-discovery-of-tiktok-school-violence-challenge/article_43d4e85c-5f2d-11ec-bab2-63d6240d3fdf.html,0,link is dead
https://www.newscenter1.tv/rapid-city-police-say-threat-was-made-against-north-middle-school-investigation-continues/,0,link is dead
https://991thewhale.com/police-in-broome-county-respond-to-online-school-threat/,177,ok
https://www.wesa.fm/education/2021-12-17/pittsburgh-public-schools-on-a-modified-lockdown-friday-due-to-social-media-threats,285,ok
https://www.nbcwashington.com/tag/school-threat/,1277,ok
https://www.newsradio1029.com/news/us-schools-increase-security-over-tiktok-shooting-threat/,0,link is dead
https://www.nbcnews.com/tech/tech-news/tiktok-says-no-credible-threat-rumored-school-violence-trend-rcna9153,729,ok
https://wcvu.iheart.com/content/2021-12-17-miami-dade-broward-school-districts-on-high-alert-after-tiktok-threats/,194,ok
https://www.msn.com/en-us/news/us/schools-step-up-security-in-response-to-threats-on-tiktok/ar-AARTrgq,0,page opened but no article text
https://decaturish.com/2021/12/dekalb-county-schools-investigates-reports-of-threats-at-druid-hills-high-school/,0,link is dead
https://q985online.com/illinois-parents-warned-of-horrifying-threats-against-all-schools-nationwide/,545,ok
https://www.hitc.com/en-gb/2021/12/16/friday-school-shooting-threats/,0,link is dead
https://www.kulr8.com/great-falls/parents-react-to-nationwide-school-threat-on-social-media/article_c6766645-85c0-575e-a5c7-89c9041722fd.html,0,link is dead
https://www.usatoday.com/story/news/nation/2021/12/16/tiktok-violence-threats-schools-united-states-security/8933323002/,1698,ok
https://www.erienewsnow.com/story/45474635/national-social-media-threats-prompt-extra-security-at-local-schools,0,link is dead
https://www.record-eagle.com/state/schools-step-up-security-in-response-to-threats-on-tiktok/article_6d232787-a06b-57fd-b54e-647e1b6c89d3.html,0,link is dead
https://www.engadget.com/us-schools-cancel-classes-shooting-threats-tiktok-104504468.html,365,ok
https://www.galesburg.com/story/news/education/2021/12/16/due-tiktok-posts-threatening-schools-nationally-galesburg-monitor-entrances-friday/8934784002/,795,ok
https://patch.com/new-jersey/barnegat-manahawkin/more-police-stafford-schools-friday-no-threat-found-pd,307,ok
https://www.mysanantonio.com/news/education/article/San-Antonio-school-districts-respond-TikTok-threat-16708583.php,722,ok
https://www.newspressnow.com/news/regional_news/northland/tiktok-challenge-threaten-school-shootings-across-country-friday/article_8eed8546-f722-50af-94e7-1de7ee57a805.html,0,link is dead
https://www.wpsdlocal6.com/news/schools-step-up-security-in-response-to-threats-on-tiktok/article_3eeb4930-5f37-11ec-aff9-2747478a100b.html,0,link is dead
https://www.msn.com/en-us/news/us/schools-in-pittsburgh-region-responding-to-tik-tok-threat-of-violence/ar-AARV7NL,0,page opened but no article text
https://www.desmoinesregister.com/story/news/nation/2021/12/16/tiktok-violence-threats-schools-united-states-security/8933323002/,1698,ok
https://www.fox61.com/article/news/local/wolcott-police-stern-message-social-media-platforms-school-threats/520-a58c9f97-c1f5-43af-aae7-fb6a6e64182c,0,link is dead
https://www.capenews.net/sandwich/news/students-bring-knives-to-school-no-threat-determined/article_4372ce3b-85e0-510c-be95-9042c6088f5e.html,0,link is dead
https://kion546.com/news/2021/12/17/school-threat-at-harden-middle-school-suhsd-chooses-not-to-close/,309,ok
https://mynorthwest.com/3285897/schools-puget-sound-region-high-alert-threat-tiktok/,396,ok
https://www.caledonianrecord.com/news/local/profile-high-school-canaan-school-closed-friday-due-to-alleged-social-media-threats/article_ad49bd81-f366-55bf-8b8c-b47b12961ab3.html,0,link is dead
https://kmch.com/2021/12/16/school-districts-learning-of-nationwide-threat-for-friday/,0,link is dead
https://www.msn.com/en-us/news/us/state-police-no-verified-or-credible-threats-in-west-virginia-public-schools/ar-AARUnJR,0,page opened but no article text
https://us1049quadcities.com/quad-cities-schools-release-statement-on-tiktok-nationwide-school-threat-challenge/,509,ok
https://wnyt.com/troy-new-york-news/some-local-schools-close-go-remote-amid-tiktok-threat-whitehall-averill-park-/6335634/?cat=10114,0,link is dead
http://www.msn.com/en-nz/news/us/fbi-investigating-tiktok-school-shooting-threat/ar-AARVidH,0,page opened but no article text
https://www.wktv.com/content/news/Local-authorities-find-TikTok-threats-not-credible-some-schools-increase-security-as-precaution-575935401.html,0,link is dead
https://www.insideedition.com/schools-increase-security-over-tiktok-threats-of-school-violence-across-the-country-on-friday-72002,338,ok
https://www.pressherald.com/2021/12/16/schools-nationwide-step-up-security-in-response-to-threats-on-tiktok/,712,ok
https://www.theday.com/local-news/20211216/amid-threats-on-social-media-schools-to-increase-police-presence-friday,0,link is dead
https://www.kxlh.com/montana-schools-respond-to-tiktok-challenge-calling-on-students-to-make-threats-friday,725,ok
https://www.caledonianrecord.com/news/local/school-officials-local-law-enforcement-inform-parents-about-social-media-threats/article_069e5dea-fd01-5671-a660-0d3ea518ca92.html,0,link is dead
https://www.wxow.com/news/school-districts-around-area-and-country-dealing-with-safety-threats/article_6daf06e8-5ec5-11ec-a909-0f82322f85ce.html,392,ok
https://www.abc10.com/article/news/nation-world/tiktok-school-threats/507-c04992fe-7eb4-49fa-8918-1114973fa2ea,0,link is dead
https://rapidcityjournal.com/news/local/education/rapid-city-public-schools-closed-friday-after-threat-superintendent-says/article_c2ab15ea-1fc8-581b-ac95-795e6334d610.html,1006,ok
https://abcnews.go.com/US/dhs-recommends-schools-remain-alert-amid-unfounded-threats/story?id=81811521,516,ok
https://www.upr.org/utah-news/2021-12-17/a-student-is-in-custody-after-threatening-their-school-on-social-media,127,ok
https://www.kynt1450.com/news/dhs-recommends-schools-remain-alert-amid-unfounded-threats-on-tiktok/,0,link is dead
https://www.ktvq.com/bigfork-high-school-evacuated-due-to-bomb-threat,260,ok
https://www.kpax.com/news/local-news/flathead-county/bigfork-high-school-evacuated-due-to-bomb-threat,258,ok
http://www.sun-sentinel.com/local/schools/fl-ne-south-florida-school-threats-20211217-k5kimzremfgptd5kaovehhqzjm-story.html,909,ok
https://www.hudsonvalley360.com/news/greenecounty/local-schools-vigilant-amid-tiktok-threats/article_1324c77d-7d5f-59c4-b69d-49e99edaf457.html,0,link is dead
https://www.amestrib.com/story/news/education/2021/12/16/school-threat-december-17-tiktok-rumors-spread-no-specific-threat-seen-iowa/8932551002/,320,ok
https://www.wdsu.com/article/threats-of-school-violence-on-tiktok-nationwide-are-not-credible-but-have-officials-on-high-alert/38552864,1063,ok
https://www.timesunion.com/business/article/Schools-Shut-Down-Over-Shooting-Threat-on-TikTok-16710381.php,345,ok
http://www.newson6.com/story/61bcb61bba1f790c338cd0de/will-rogers-schools-in-tulsa-under-modified-lockdown-after-school-threats-,133,ok
https://www.gazettetimes.com/news/local/crime-and-courts/social-media-threats-spur-albany-police-to-bump-presence-at-local-schools-for-dec-17/article_f1fbd8b2-6fe5-5a6a-9f57-6587e58fbb12.html,0,link is dead
https://www.northcountrynow.com/news/increased-police-presence-st-lawrence-county-schools-today-following-tiktok-threat-0311555,249,ok
https://b93radio.com/2021/12/17/sasd-spd-aware-of-tiktok-rumor-of-threat-to-schools/,171,ok
https://www.wtma.com/news/2-juveniles-arrested-in-horry-county-in-connection-to-school-threat-police-say/,0,link is dead
https://wxerfm.com/2021/12/17/sasd-spd-aware-of-tiktok-rumor-of-threat-to-schools/,171,ok
https://www.coloradoan.com/story/news/2021/12/17/tiktok-challenge-encouraging-school-threats-puts-schools-police-watch/8937567002/,351,ok
https://siouxcityjournal.com/news/local/education/sioux-city-schools-warn-parents-about-national-tiktok-threat-say-they-are-monitoring-the-situation/article_66289ae6-e395-56b6-a20a-394c3306b495.html,0,link is dead
https://www.businessinsider.com/white-house-monitoring-school-shooting-threats-homeland-security-not-credible-2021-12,347,ok
https://www.cecildaily.com/news/local_news/viral-tiktok-threat-may-lead-to-additional-law-enforcement-in-cecil-schools-on-friday/article_a5f636fc-f935-5903-a100-aef755c9564d.html,0,link is dead
https://patch.com/california/pleasanton/pusd-says-school-safe-amid-viral-nationwide-threats,209,ok
https://gcmaz.com/kaff_news/fusd-alerts-parents-of-the-circulation-of-a-violent-threat-to-schools-warning-of-a-friday-attack/,162,ok
https://www.fox4now.com/news/local-news/what-is-driving-school-violence-threats-on-tiktok,0,link is dead
https://www.news8000.com/coulee-region-school-districts-lambaste-alleged-tiktok-challenge-to-threaten-schools/,0,link is dead
https://www.azcentral.com/story/news/local/arizona/2021/12/16/police-aware-tiktok-challenge-threaten-schools-unaware-credible-threats/8933582002/,349,ok
https://www.wickedlocal.com/story/country-gazette/2021/12/15/police-investigating-snapchat-threat-step-up-presence-kp-schools/8905716002/,236,ok
https://westseattleblog.com/2021/12/seattle-public-schools-spd-say-theyre-tracking-nationwide-threat-concerns/,0,page opened but no article text
https://www.msn.com/en-us/news/us/police-warn-tri-state-to-look-out-for-tik-tok-challenge-targeting-schools-with-threats/ar-AARUg1l,0,page opened but no article text
https://jg-tc.com/news/state-and-regional/watch-now-schools-step-up-security-in-response-to-threats-on-tiktok/article_d84ea17f-6cbc-5417-a1f4-c3a00a7b5742.html,0,link is dead
https://wnbf.com/police-in-broome-county-respond-to-online-school-threat/,177,ok
https://www.westport-news.com/news/article/Some-CT-schools-closed-after-TikTok-threats-spread-16709315.php,820,ok
https://www.msn.com/en-us/news/us/classes-canceled-in-rapid-city-due-to-online-threat-of-violence-sioux-falls-schools-go-on-as-normal/ar-AARV1gV,0,page opened but no article text
https://www.fox5dc.com/news/13-year-old-confesses-to-making-tiktok-challenge-threats-against-frederick-county-school-police,202,ok
https://www.zerohedge.com/political/schools-across-us-tighten-security-increase-police-presence-after-tiktok-shooting-threats,18,ok
https://kfiam640.iheart.com/content/2021-12-17-teen-arrested-for-threatening-school-violence-in-corona/,356,ok
https://dayton.binnews.com/content/2021-12-17-schools-ramp-up-security-as-viral-bomb-threat-circulates-tiktok/,285,ok
https://www.wfmz.com/news/area/lehighvalley/emmaus-high-school-dismisses-early-due-to-nationwide-threats-on-tiktok/article_b368b19a-5f5e-11ec-ab82-23c9113d7ee9.html,0,link is dead
https://www.newjerseyhills.com/morris_news_bee/news/morris-schools-increase-police-presence-but-no-credible-threats/article_d460948a-07d0-590c-9291-968bd816c49f.html,0,link is dead
https://www.chron.com/news/article/Carson-City-schools-close-amid-threats-of-16710766.php,0,link is dead
https://www.krgv.com/news/valley-school-districts-on-alert-in-response-to-nationwide-tiktok-threat,220,ok
https://nonpareilonline.com/news/education/schools-no-credibility-to-national-school-threats-posted-on-social-media/article_9016e0e0-5f59-11ec-8904-bb2acc21c438.html,0,link is dead
https://catcountry1071.iheart.com/content/2021-12-17-schools-around-the-state-at-high-alert-over-online-threats-of-violence/,116,ok
https://103wjod.com/police-dubuque-school-threat-response/,192,ok
https://www.msn.com/en-us/news/us/mass-schools-beef-up-security-due-to-tiktok-threat-no-specific-credits-found/ar-AARUXXr,0,page opened but no article text
https://hickoryrecord.com/news/national/us-troops-face-discipline-for-refusing-vaccine-schools-facing-tiktok-threats-miss-america-crowned/article_5bb7a55e-6d6e-5462-9632-4cf232c577d2.html,0,link is dead
https://www.sturgisjournal.com/story/news/2021/12/17/news-school-threats-and-closings-three-rivers-community-schools-white-pigeon-community-schools/8938388002/,0,link is dead
https://www.connectradio.fm/2021/12/17/schools-on-high-alert-due-to-nationwide-social-media-threat/,0,link is dead
https://decaturish.com/2021/12/local-schools-address-tiktok-threats/,0,link is dead
https://www.wqad.com/article/news/local/iowa-department-public-safety-possible-school-threats/526-74d2812d-30a6-4a52-ada0-05ac4a5f4e63,0,link is dead
https://mybeachradio.com/nj-warns-all-school-administrators-of-dec-17-shooting-threat/,459,ok
https://www.chron.com/news/article/Schools-step-up-security-in-response-to-threats-16708520.php,0,link is dead
https://www.ctpost.com/news/article/Schools-step-up-security-in-response-to-threats-16708520.php,0,link is dead
https://www.sunjournal.com/2021/12/16/farmington-school-threat-deemed-not-credible/,338,ok
https://www.wtae.com/article/tiktok-post-that-threatens-school-safety-pittsburgh-area-school-districts-monitoring/38543339,936,ok
https://www.mankatofreepress.com/region/schools-step-up-security-in-response-to-threats-on-tiktok/article_84dc5814-e071-56fe-b5ff-98dcae2fefb6.html,0,link is dead
https://www.tribstar.com/news/local_news/school-districts-aware-of-nationwide-threat-on-social-media/article_617d0ee9-cbc7-508c-87d7-48ef3b03db9b.html,0,link is dead
https://www.fox13now.com/news/local-news/what-can-utah-parents-do-about-school-shooting-threats,481,ok
https://www.reporter.net/indiana/news/school-districts-aware-of-nationwide-threat-on-social-media/article_1c7e6e76-61e0-5685-9090-40977739bc80.html,0,link is dead
https://www.11alive.com/article/tech/atlanta-public-schools-tiktok-trend-threaten-schools/85-bd877712-9c18-4da2-99a7-f9c526df7a0c,0,link is dead
https://www.press-citizen.com/story/news/education/2021/12/16/school-threat-december-17-tiktok-rumors-spread-no-specific-threat-seen-iowa/8932551002/,320,ok
https://www.fairfieldcitizenonline.com/news/article/Some-CT-schools-closed-after-TikTok-threats-spread-16709315.php,820,ok
https://www.msn.com/en-us/news/us/mass-schools-beef-up-security-due-to-tiktok-threat/ar-AARV04c,0,page opened but no article text
https://www.wiltonbulletin.com/news/article/Some-CT-schools-closed-after-TikTok-threats-spread-16709315.php,820,ok
https://www.pbs.org/newshour/education/schools-respond-to-emergency-threats-on-tiktok,949,ok
https://www.kten.com/story/45480130/schools-step-up-security-in-response-to-threats-on-tiktok,0,link is dead
http://www.msn.com/en-us/news/us/fbi-investigating-tiktok-school-shooting-threat/ar-AARVidH,0,page opened but no article text
https://www.lebanondemocrat.com/news/national/tiktok-challenge-threaten-school-shootings-across-country-friday/article_898074cb-94e2-55bd-a98a-56f6a4b19ea0.html,0,link is dead
https://999thepoint.com/thompson-school-district-advises-parents-of-potential-social-media-trend-threat-to-schools/,204,ok
https://www.msn.com/en-us/news/us/tiktok-threat-sends-2-alabama-school-districts-to-e-learning-as-national-trend-reaches-state/ar-AARTWBp,0,page opened but no article text
https://www.texasguardian.com/news/271965905/schools-ramp-up-security-over-shooting-threats-on-tiktok,571,ok
https://www.pressherald.com/2021/12/17/gorham-middle-and-high-schools-dismissed-early-in-response-to-threats/,556,ok
https://shark1053.com/nh-warns-school-administrators-of-dec-17-shooting-threat/,460,ok
https://www.hastingsstargazette.com/news/farmington-lakeville-public-schools-closed-today-due-to-threats/article_a77bbb86-5f52-11ec-9a9a-637da505e893.html,0,link is dead
https://patch.com/california/pacificpalisades/no-reason-believe-our-schools-danger-amid-viral-threat,870,ok
https://wcvu.iheart.com/content/2021-12-17-schools-around-the-state-at-high-alert-over-online-threats-of-violence/,116,ok
https://www.tribdem.com/news/on-high-alert-nationwide-tiktok-threat-spreads-caution-to-local-schools/article_90a7f57e-5eca-11ec-bf70-0f9c35bbe2c7.html,0,link is dead
https://www.valdostadailytimes.com/live-oak/news/local_news/sheriffs-office-police-vigilant-over-school-threats/article_fe483474-5f5e-11ec-bfe6-97f0066cfd9c.html,574,ok
https://www.amestrib.com/story/news/education/2021/12/17/iowa-school-threats-five-students-charged-making-threats-west-des-moines-stilwell-junior-high-tiktok/8940051002/,1025,ok
https://www.kpcw.org/local-news/2021-12-16/police-warn-of-viral-online-threats-of-school-violence,142,ok
https://www.kens5.com/article/news/local/please-talk-to-your-kids-local-districts-address-tiktok-trend-of-vague-threats-toward-schools/273-16f27b59-0c1e-4ec2-bf11-f61f8ebd5fa8,0,link is dead
https://www.27east.com/southampton-press/south-fork-school-officials-police-monitoring-national-social-media-threats-of-violence-1842738/,0,link is dead
https://www.thechronicle-online.com/news/local-news/dresden-investigation-results-in-lockdown-at-two-schools,244,ok
https://www.fairfieldcitizenonline.com/news/article/Schools-step-up-security-in-response-to-threats-16708520.php,0,link is dead
https://www.kaaltv.com/rochester-minnesota-news/rochester-minnesota-rps-rochester-public-schools-tik-tok-school-violence-threat-latest/6335003/?cat=10151,0,link is dead
https://www.wishtv.com/news/crime-watch-8/fishers-addresses-school-threats-in-town-hall-forum/,343,ok
https://www.seacoastonline.com/story/news/local/2021/12/16/seacoast-nh-schools-dec-17-tiktok-challenge-no-credible-threats-police-add-officers/8926131002/,1194,ok
https://www.ctpost.com/news/article/Some-CT-schools-closed-after-TikTok-threats-spread-16709315.php,830,ok
https://www.greenwichtime.com/news/article/Some-CT-schools-closed-after-TikTok-threats-spread-16709315.php,830,ok
https://www.boston.com/news/crime/2021/12/17/law-enforcement-schools-downplay-unconfirmed-tiktok-shooting-threats-that-prompted-tighter-campus-security/,925,ok
https://patch.com/michigan/rochester/msp-aware-tiktok-school-threat-find-no-creditable-threats,425,ok
https://www.newtownbee.com/12172021/local-officials-respond-to-tik-tok-school-threat/,757,ok
https://hallelujah955.iheart.com/content/2021-12-17-schools-ramp-up-security-as-viral-bomb-threat-circulates-tiktok/,285,ok
https://kxel.com/2021/12/17/dhs-recommends-schools-remain-alert-amid-unfounded-threats-on-tiktok/,0,link is dead
https://1073rocks.iheart.com/content/2021-12-17-centex-schools-increase-police-presence-due-to-nationwide-tiktok-threat/,126,ok
https://www.wbal.com/article/546535/110/dhs-recommends-schools-remain-alert-amid-unfounded-threats-on-tiktok,0,link is dead
https://www.krgv.com/news/valley-school-districts-on-alert-in-response-to-nationwide-tiktok-threat/,220,ok
https://www.kcra.com/article/threats-of-school-violence-on-tiktok-nationwide-are-not-credible-but-have-officials-on-high-alert/38552864,1063,ok
https://newstalk1280.com/illinois-parents-warned-of-horrifying-threats-against-all-schools-nationwide/,528,ok
https://www.azfamily.com/news/arizona_schools/arizona-schools-law-enforcement-address-threatening-tiktok-challenge/article_762790de-e4de-582e-acc1-6ea230d27ecf.html,1643,ok
https://www.4029tv.com/article/threats-of-school-violence-on-tiktok-nationwide-are-not-credible-but-have-officials-on-high-alert/38552864,1063,ok
https://www.njherald.com/story/opinion/columnists/2021/12/17/tiktok-threats-schools-covid-weary-parents-need-break/8938668002/,1198,ok
https://pressofatlanticcity.com/news/national/us-troops-face-discipline-for-refusing-vaccine-schools-facing-tiktok-threats-miss-america-crowned/article_0af19600-e81c-548c-8a59-6ea560dbabd8.html,0,link is dead
https://www.ksro.com/2021/12/17/bay-area-schools-on-alert-after-threats-on-tiktok/,0,link is dead
http://7thspace.com/trends/980719/tiktok_threat_to_schools.html,0,link is dead
https://kearneyhub.com/news/national/us-troops-face-discipline-for-refusing-vaccine-schools-facing-tiktok-threats-miss-america-crowned/article_75287f5f-58c4-5243-8ab5-16b23233480d.html,0,link is dead
https://nptelegraph.com/news/national/schools-step-up-security-in-response-to-threats-on-tiktok/article_d895fef7-cd21-5bf6-bcb5-8788b14e7f33.html,0,link is dead
https://1075zoofm.com/missoula-schools-tiktok-threat/,440,ok
https://www.wfmj.com/story/45474100/tiktok-school-threat-challenge-puts-valley-school-districts-on-alert,0,link is dead
https://www.sunjournal.com/2021/12/16/school-threats/,638,ok
https://www.kxlf.com/news/montana-news/montana-schools-respond-to-tiktok-challenge-calling-on-students-to-make-threats-friday,725,ok
https://www.newjerseyhills.com/mt_olive_chronicle/news/mount-olive-schools-chief-social-media-threats-against-district-unsubstantiated/article_07840a14-7494-5eb2-b600-30bc0082b730.html,0,link is dead
https://www.turnto23.com/news/local-news/khsd-sends-out-a-message-about-tiktok-trend-to-threaten-schools,243,ok
https://gcmaz.com/kaff-news/kaff_news/fusd-alerts-parents-of-the-circulation-of-a-violent-threat-to-schools-warning-of-a-friday-attack/,211,ok
https://www.washingtonpost.com/technology/2021/12/17/tiktok-school-shooting-threat-closings/,0,link is dead
https://www.nevadaappeal.com/news/2021/dec/16/carson-sheriff-schools-respond-threatening-social-/,0,page opened but no article text
https://medicinehatnews.com/news/southern-alberta-news/2021/12/17/potential-threat-closes-schools-for-second-time-this-week/,0,link is dead
https://patch.com/georgia/marietta/tiktok-school-violence-threat-has-cobb-schools-police-watch,689,ok
https://www.kulr8.com/news/national/tiktok-challenge-threaten-school-shootings-across-country-friday/article_787a6721-ef1a-5c38-92a7-b6b1cdd7e897.html,0,link is dead
https://www.austinglobe.com/news/271965905/schools-ramp-up-security-over-shooting-threats-on-tiktok,668,ok
https://www.fairfieldsuntimes.com/news/state/bitterroot-schools-law-enforcement-respond-to-tiktok-school-threat-challenge/article_53284072-0f46-56c4-91d7-97486359d461.html,0,link is dead
https://wnyt.com/albany-new-york-news/local-school-districts-and-police-departments-say-they-are-aware-of-tik-tok-threats-/6335268/?cat=10464,0,link is dead
https://www.msn.com/en-gb/news/world/calls-for-tiktok-to-shut-down-viral-post-threatening-schools/ar-AARVg4l,0,page opened but no article text
https://www.echo-news.co.uk/news/19792285.police-called-hoax-threat-ortu-gable-hall-school/,182,ok
https://www.journalinquirer.com/connecticut_and_region/state-police-say-no-credible-threat-to-schools-today/article_d40bda80-5ea0-11ec-9974-5fbf21b06676.html,1493,ok
https://www.cnn.com/2021/12/17/tech/tiktok-school-threat-december-17/,1080,ok
https://www.kvrr.com/2021/12/17/fargo-schools-step-up-security-in-response-to-threats-on-tiktok/,0,link is dead
https://patch.com/new-jersey/wayne/more-police-wayne-schools-friday-no-direct-threat-found,369,ok
https://www.wxyz.com/news/two-more-students-charged-for-alleged-threats-of-violence-against-wayne-county-schools,108,ok
https://techcrunch.com/2021/12/17/tiktok-school-threat-rumor-december-17/,516,ok
https://www.postbulletin.com/news/local/search-for-man-who-fled-traffic-stop-led-to-soft-lockdown-at-area-school-thursday,210,ok
https://www.wjr.com/news/us-schools-increase-security-over-tiktok-shooting-threat/,0,link is dead
https://bringmethenews.com/minnesota-news/29-threats-directed-at-minnesota-schools-amid-tiktok-warning,0,link is dead
https://kobi5.com/news/local-schools-react-to-tiktok-threats-175895/,0,link is dead
https://www.saltlakecitysun.com/news/271965905/schools-ramp-up-security-over-shooting-threats-on-tiktok,618,ok
https://www.fox2detroit.com/news/2-more-wayne-county-students-charged-for-making-school-threats-41-charged-since-oxford-high-school-shooting,898,ok
https://www.gosanangelo.com/story/news/nation/2021/12/16/tiktok-violence-threats-schools-united-states-security/8933323002/,1698,ok
https://www.theepochtimes.com/california-schools-increase-police-presence-after-tiktok-shooting-threats_4164132.html,702,ok
https://us1035.iheart.com/content/2021-12-17-schools-around-the-state-at-high-alert-over-online-threats-of-violence/,116,ok
https://www.kvoa.com/news/schools-step-up-security-in-response-to-threats-on-tiktok/article_50f4e5e0-5ee3-11ec-bbac-bb0bd8bdbce5.html,0,link is dead
https://www.12newsnow.com/article/news/nation-world/tiktok-school-threats/507-c04992fe-7eb4-49fa-8918-1114973fa2ea,0,link is dead
https://starherald.com/news/national/us-troops-face-discipline-for-refusing-vaccine-schools-facing-tiktok-threats-miss-america-crowned/article_c39c1b88-65f0-5459-86dc-f340d0bd3f93.html,0,link is dead
https://siouxcityjournal.com/news/national/us-troops-face-discipline-for-refusing-vaccine-schools-facing-tiktok-threats-miss-america-crowned/article_99736570-67be-5bbc-abd6-a34ae6a20af8.html,0,link is dead
https://patch.com/connecticut/fairfield/fairfield-police-increasing-school-presence-after-tiktok-threat,231,ok
https://starlocalmedia.com/theleader/news/lewisville-isd-student-arrested-in-connection-with-hoax-threat-against-school-in-flower-mound/article_10ae0e00-5ecd-11ec-bd43-2359ace85f77.html,0,link is dead
https://www.gjsentinel.com/news/us/schools-step-up-security-in-response-to-threats-on-tiktok/article_5d0ba93f-667a-5a01-9045-68cd6675f2cd.html,0,link is dead
https://www.thepublicopinion.com/story/news/2021/12/16/tiktok-school-shooting-trend-watertown-police-debunk-december-16-threat/8933273002/,228,ok
https://www.myjournalcourier.com/news/article/Schools-step-up-security-in-response-to-threats-16708520.php,0,link is dead
https://www.kezi.com/content/news/School-threats-spreading-nationwide-on-TikTok-575932821.html,0,link is dead
https://www.kimt.com/news/no-specific-or-credible-threats-to-iowa-schools-in-wake-of-nationwide-social-media-posts/article_83992968-5ecd-11ec-9478-cfed78a1ded3.html,0,link is dead
https://herald-review.com/news/local/education/watch-now-decatur-schools-releases-statement-on-tiktok-shooting-threat/article_833b3d04-526b-5593-b695-0173d2a91e37.html,0,link is dead
https://www.beaumontenterprise.com/news/article/Schools-step-up-security-in-response-to-threats-16708520.php,0,link is dead
https://www.fredericknewspost.com/public/ap/shooting-threat-impacts-schools-law-enforcement-across-country/article_7f67ba93-bffb-540d-92cf-58e94f1923b7.html,0,link is dead
https://www.wfmz.com/news/area/lehighvalley/area-school-districts-respond-to-threats-being-made-throughout-state-country/article_6644f4a8-5ee3-11ec-9cc1-5752eade8f71.html,328,ok
https://www.thecabin.net/news/police-arrest-second-student-for-threats-made-against-conway-middle-schools/article_786e59d6-4995-5860-8bc6-6ccf8663fca2.html,0,link is dead
https://www.hollandsentinel.com/story/news/education/2021/12/17/heres-how-school-resource-officers-help-schools-respond-threats/8922039002/,523,ok
https://www.wmar2news.com/news/local-news/how-school-districts-across-maryland-are-reacting-to-national-tiktok-threat,836,ok
https://www.myhorrynews.com/news/hcpd-two-forestbrook-middle-students-involved-in-school-threat/article_d9c1950a-5f40-11ec-bd5d-23dbbd0e26db.html,0,link is dead
https://www.gainesvilletimes.com/news/education/hall-gainesville-schools-monitoring-tiktok-challenge-threatening-gun-violence/,30,ok
https://www.inforum.com/new-online-threat-calling-for-school-violence-on-dec-17-deemed-not-credible-for-area-schools,511,ok
https://timesofindia.indiatimes.com/world/us/us-schools-step-up-security-in-response-to-threats-on-tiktok/articleshow/88345621.cms,564,ok
https://wiod.iheart.com/featured/florida-news/content/2021-12-17-schools-around-the-state-at-high-alert-over-online-threats-of-violence/,116,ok
https://wild1063.iheart.com/content/2021-12-17-schools-ramp-up-security-as-viral-bomb-threat-circulates-tiktok/,285,ok
https://www.mycentraloregon.com/2021/12/17/dhs-recommends-schools-remain-alert-amid-unfounded-threats-on-tiktok-2/,506,ok
https://www.usatoday.com/story/opinion/voices/2021/12/17/tiktok-threats-schools-covid-weary-parents-need-break/8945127002/,1196,ok
https://real1051.iheart.com/content/2021-12-17-schools-ramp-up-security-as-viral-bomb-threat-circulates-tiktok/,285,ok
https://journaltimes.com/news/local/crime-and-courts/racine-pd-two-juveniles-apprehended-in-school-safety-threats-that-were-not-credible/article_bece9e8e-7f81-530c-94ab-204bfe2b7dfa.html,0,link is dead
https://www.lakegenevanews.net/news/local/crime-and-courts/juvenile-arrested-for-threatening-shooting-at-lake-geneva-s-badger-high-school/article_fffeb06a-07c6-5305-84f2-095ee711c569.html,0,link is dead
https://www.wtma.com/news/lexington-student-charged-after-threat-to-shoot-up-the-school/,0,link is dead
https://www.10tv.com/article/news/local/viral-tiktok-threat-prompts-conversations-between-central-ohio-schools-families/530-eaab1094-66bf-4fd8-a481-b55a770fc3bc,0,link is dead
https://www.ojaivalleynews.com/?view=article&id=21293:sheriff-schools-respond-to-threats-on-social-media&catid=856,0,link is dead
https://www.grandhaventribune.com/news/education/schools-step-up-security-in-response-to-threats-on-tiktok/article_8ff08f47-3ab7-5e64-ad72-09cc84c27c93.html,0,link is dead
https://www.ifiberone.com/south_sound/columbia_basin/local-school-districts-sound-alarm-about-viral-post-pledging-threat-to-school-safety-everywhere-on/article_95d565fc-5eef-11ec-a3c4-6339dba36026.html,0,link is dead
https://www.hometownsource.com/morrison_county_record/news/morrison-county-sheriffs-office-investigating-threats-against-schools-friday-classes-canceled/article_ef16d9c2-5ebb-11ec-8364-2373dac0920b.html,580,ok
https://www.actionnewsnow.com/content/news/No-credible-threat-at-Chico-school-as-TikTok-school-shooting-posts-spread-nationwide-575932731.html,0,link is dead
https://www.stltoday.com/news/national/schools-step-up-security-in-response-to-threats-on-tiktok/article_ed06cea6-fff9-5782-b293-c395010a2098.html,0,link is dead
https://www.13newsnow.com/article/news/education/school-divisions-safety-threat-tiktok/291-c4a6f7d6-0d7d-464c-bb5e-af984338488b,0,link is dead
https://www.fox61.com/article/news/local/region-10-class-canceled-threat-target-school-district/520-4697d1e8-7df0-4e64-8a2a-7249f2e7b4a9,0,link is dead
https://www.msn.com/en-us/news/us/threats-of-possible-school-shootings-bombings-circulate-on-tiktok-prompting-lausd-and-fbi-response/ar-AARTrxH,0,page opened but no article text
https://wnyt.com/albany-new-york-news/local-school-districts-and-police-departments-say-they-are-aware-of-tik-tok-threats-/6335268/,0,link is dead
https://www.msn.com/en-us/news/us/carson-city-school-district-cancels-school-amid-social-media-threats/ar-AARUaLG,0,page opened but no article text
https://961theeagle.com/threat-on-tik-tok-leads-to-increased-police-presence-at-local-schools/,194,ok
https://www.theday.com/policefirecourts/20211217/social-media-threat-closes-norwich-schools,0,link is dead
https://www.wpxz1041fm.com/2021/12/17/tik-tok-threats-against-schools-target-today/,70,ok
http://www.bigcountry995.com/story/61bcb61bba1f790c338cd0de/will-rogers-schools-in-tulsa-under-modified-lockdown-after-school-threats-,0,link is dead
https://www.magic951.com/2021/12/17/schools-step-up-security-in-response-to-threats-on-tiktok/,638,ok
https://www.unionleader.com/news/crime/litchfield-schools-evacuated-over-possible-threats/article_9dca754d-bd6c-56ca-aba0-221d2f042760.html,0,link is dead
https://ohio.binnews.com/content/2021-12-17-schools-ramp-up-security-as-viral-bomb-threat-circulates-tiktok/,285,ok
https://v103.iheart.com/content/2021-12-17-schools-ramp-up-security-as-viral-bomb-threat-circulates-tiktok/,285,ok
https://www.fox13news.com/news/florida-teen-arrested-after-just-joking-about-school-threat-amid-viral-posts-about-school-violence-friday,545,ok
https://wjlbdetroit.iheart.com/content/2021-12-17-schools-ramp-up-security-as-viral-bomb-threat-circulates-tiktok/,285,ok
https://981thehawk.com/police-in-broome-county-respond-to-online-school-threat/,177,ok
https://www.wfmz.com/news/area/lehighvalley/emmaus-high-school-dismisses-early-after-threatening-messages-circulated-on-social-media-after-school-activities/article_b368b19a-5f5e-11ec-ab82-23c9113d7ee9.html,0,link is dead
https://www.concordmonitor.com/Concord-responds-to-nationwide-schools-threat-44095150,528,ok
https://www.msn.com/en-us/news/us/police-apprehend-racine-area-juveniles-after-threats-to-schools/ar-AARVqqE,0,page opened but no article text
https://www.geekwire.com/2021/seattle-school-district-says-no-evidence-of-specific-threat-after-tiktok-challenge-spreads-across-u-s/,476,ok
https://wjno.iheart.com/featured/florida-news/content/2021-12-17-schools-around-the-state-at-high-alert-over-online-threats-of-violence/,116,ok
https://patch.com/connecticut/bethel/extra-police-presence-no-credible-threat-bethel-schools,224,ok
https://www.wrkf.org/2021-12-17/viral-tiktok-threats-prompt-schools-to-cancel-classes,43,ok
https://helenair.com/news/state-and-regional/bitterroot-schools-law-enforcement-respond-to-tiktok-school-threat-challenge/article_f7402e2d-e7ee-5ecf-853e-727aa31e2df4.html,0,link is dead
https://www.cbs58.com/news/local-school-districts-address-tik-tok-trend-warning-of-violent-threats-to-schools-nationwide-on-friday-dec-17,237,ok
https://www.newjerseyhills.com/observer-tribune/news/school-security-bolstered-despite-no-credible-evidence-of-threats/article_109695f8-9da8-5074-ac5f-8c001b118b23.html,0,link is dead
https://www.q13fox.com/news/tacoma-schools-on-modified-lockdown-on-friday-due-to-nationwide-safety-threats-on-tiktok,323,ok
https://www.business-standard.com/article/international/schools-in-us-step-up-security-in-response-to-threats-on-tiktok-121121700156_1.html,0,link is dead
https://www.msn.com/en-us/news/crime/december-17-challenge-threats-on-tiktok-being-monitored-by-school-districts-police-across-northeast-ohio/ar-AARUzHQ,0,page opened but no article text
https://wincountry.com/2021/12/17/kalamazoo-public-schools-superintendent-addresses-latest-nationwide-school-threat-posts/,309,ok
https://www.crowrivermedia.com/national/news/tiktok-challenge-threaten-school-shootings-across-country-friday/article_0476bdbf-bbf8-567b-99e7-4d8b657b618c.html,0,link is dead
http://www.msn.com/en-us/news/us/tiktok-threat-of-school-violence-is-vague-and-non-credible-but-has-schools-and-law-enforcement-on-high-alert/ar-AARVd76,0,page opened but no article text
https://patriotla.iheart.com/content/2021-12-17-teen-arrested-for-threatening-school-violence-in-corona/,356,ok
https://www.nbcrightnow.com/national/tiktok-challenge-threaten-school-shootings-across-country-friday/article_03851f49-79eb-53df-bb0e-1d606770753e.html,0,link is dead
http://www.thebulltulsa.com/story/61bcf32146a8260c0f6467b5/schools-on-alert-but-no-credible-threat-after-tiktok-trend,0,link is dead
https://www.wsjm.com/2021/12/17/dhs-recommends-schools-remain-alert-amid-unfounded-threats-on-tiktok-2/,0,link is dead
https://www.nbcbayarea.com/tag/school-threats/,1435,ok
http://tooeleonline.com/viral-social-media-challenge-creates-potential-threat-to-schools/,0,link is dead
https://tucson.com/news/national/schools-step-up-security-in-response-to-threats-on-tiktok/article_cd95f094-6faa-5990-98ab-bf6b147281ee.html,0,link is dead
https://www.kdrv.com/content/news/Local-police--schools-caution-of-a-school-threat-TikTok-trend-575934191.html,0,link is dead
https://www.newsweek.com/teen-arrested-over-threats-tiktok-dec-17-school-trend-sparks-nationwide-closures-1660433,423,ok
https://journalstar.com/news/national/us-troops-face-discipline-for-refusing-vaccine-schools-facing-tiktok-threats-miss-america-crowned/article_69056100-75a7-560b-b6c7-cb43d235e1fc.html,0,link is dead
https://www.foxnews.com/us/tiktok-threat-school-shooting-warning-unfounded-report,411,ok
https://www.kool1033fm.com/2021/12/17/tik-tok-threats-against-schools-target-today/,69,ok
https://www.wlwt.com/article/cincinnati-schools-step-up-security-in-response-to-tiktok-threats/38550196,418,ok
https://www.x1071.com/2021/12/17/platteville-school-district-closing-schools-friday-due-to-threat-of-violence/,0,link is dead
https://kdhlradio.com/tiktok-school-threats-prompt-response-from-central-mn-schools/,414,ok
https://waco100.iheart.com/content/2021-12-17-centex-schools-increase-police-presence-due-to-nationwide-tiktok-threat/,126,ok
https://dailyvoice.com/connecticut/newcanaan/schools/ct-state-police-agencies-release-statement-on-new-social-media-school-threats/822050/,0,link is dead
https://www.wptv.com/news/education/tiktok-threats-of-school-violence-prompt-increased-law-enforcement-presence,247,ok
https://www.kmjnow.com/news/us-schools-increase-security-over-tiktok-shooting-threat/,0,link is dead
https://www.yahoo.com/now/tiktok-message-threatening-nationwide-school-014934649.html,259,ok
https://www.unionleader.com/news/education/officials-say-social-media-threats-to-nh-schools-arent-credible/article_1bb21a0a-e432-5130-bf9c-55eaa7e51050.html,0,link is dead
https://www.middletownpress.com/news/article/Schools-step-up-security-in-response-to-threats-16708520.php,0,link is dead
https://740thefan.com/2021/12/16/national-tiktok-challenge-encouraging-students-to-report-false-threats-to-schools-on-friday/,176,ok
https://localnews8.com/news/idaho-falls/2021/12/16/schools-step-up-security-in-response-to-threats-on-tiktok-2/,879,ok
https://www.fox5ny.com/news/police-warn-of-tik-tok-challenge-threatening-school-shootings,356,ok
https://wdez.com/2021/12/16/wisconsin-rapids-school-district-responds-to-national-social-media-threat/,273,ok
https://www.sandiegouniontribune.com/business/nation/story/2021-12-16/schools-step-up-security-in-response-to-threats-on-tiktok,640,ok
https://www.nbcmiami.com/news/local/increased-police-presence-at-broward-schools-in-light-of-social-media-threats/2643616/,270,ok
https://muscatinejournal.com/news/national/schools-step-up-security-in-response-to-threats-on-tiktok/article_2b183893-db14-567d-9b6b-feef28c6f30e.html,0,link is dead
https://www.the-leader.com/story/news/nation/2021/12/16/tiktok-violence-threats-schools-united-states-security/8933323002/,1698,ok
https://mix949.com/tiktok-school-threats-prompt-response-from-central-mn-schools/,414,ok
https://www.gjsentinel.com/news/national/tiktok-challenge-threaten-school-shootings-across-country-friday/article_9dc5daa2-0aad-54fa-a4e1-e9bb18f9663c.html,0,link is dead
https://patch.com/connecticut/guilford/social-media-threats-prompt-increased-police-presence-schools,305,ok
https://wflanews.iheart.com/featured/florida-news/content/2021-12-17-schools-around-the-state-at-high-alert-over-online-threats-of-violence/,116,ok
https://wlni.com/area-school-systems-increase-security-in-response-to-tiktok-threat/,0,link is dead
https://www.wglr.com/2021/12/17/platteville-school-district-closing-schools-friday-due-to-threat-of-violence/,0,link is dead
https://www.980waav.com/news/us-schools-increase-security-over-tiktok-shooting-threat/,0,link is dead
http://www.msn.com/en-us/news/us/white-house-steps-up-vigilance-as-school-threats-spread-on-social-media/ar-AARVprI,0,page opened but no article text
https://www.herald-dispatch.com/news/police-roundup-student-detained-after-threat-at-cabell-high-school-authorities-on-alert-nationally/article_255f4d4d-e9fc-57e9-9b7a-d617bcda2bfe.html,0,link is dead
https://classicrock1051.com/death-threat-made-against-erath-high-school-teacher-investigation-opened/,284,ok
https://www.sooeveningnews.com/story/news/2021/12/17/number-area-schools-close-due-threats-nationwide-tiktok-challenge/8937346002/,900,ok
https://www.newstimes.com/news/article/Some-CT-schools-closed-after-TikTok-threats-spread-16709315.php,830,ok
https://www.bignewsnetwork.com/news/271965905/schools-ramp-up-security-over-shooting-threats-on-tiktok,797,ok
https://www.q13fox.com/news/teen-arrested-in-connection-with-threat-at-franklin-high-school,248,ok
https://www.newscenter1.tv/rcas-releases-details-behind-threat-against-north-middle-school/,0,link is dead
https://www.nbcmiami.com/news/local/miami-dade-broward-school-officials-call-for-federal-action-against-social-media-threats/2644305/,483,ok
https://patch.com/new-hampshire/concord-nh/some-nh-schools-received-additional-threats-concord-principal,413,ok
https://mykiss951.iheart.com/content/2021-12-17-schools-around-the-state-at-high-alert-over-online-threats-of-violence/,116,ok
https://www.nhregister.com/news/article/Schools-step-up-security-in-response-to-threats-16708520.php,0,link is dead
https://www.timesonline.com/story/news/local/2021/12/16/national-social-media-threat-against-schools-not-specific-pennsylvania/8933079002/,159,ok
https://www.norfolkandtillsonburgnews.com/news/local-news/dresden-investigation-results-in-lockdown-at-two-schools,0,link is dead
https://www.wvnews.com/theet/news/wvnews/state-police-monitoring-rumored-school-threats-on-tiktok-no-verified-threats-specific-to-west-virginia/article_f204c1d8-5ec7-11ec-bdab-7f2304d397f6.html,0,link is dead
https://www.herald-dispatch.com/news/police-roundup-arrest-made-after-threat-at-cabell-high-school-authorities-on-alert-nationally/article_255f4d4d-e9fc-57e9-9b7a-d617bcda2bfe.html,0,link is dead
https://lancasteronline.com/news/local/threatening-tiktok-challenge-alarms-lancaster-county-school-officials/article_94226128-5ebe-11ec-ac8e-7ff4b0b871aa.html,1164,ok
https://www.msn.com/en-us/news/us/woodland-park-school-district-cancels-classes-on-friday-due-to-potential-threats/ar-AARTKOn,0,page opened but no article text
https://www.wfmynews2.com/article/news/nation-world/schools-step-up-security-in-response-to-threats-on-tiktok/83-425b2ca6-1375-4ca3-9406-4e2ad9364f9f,0,link is dead
https://www.uticaod.com/story/news/2021/12/17/rome-utica-school-districts-respond-nationwide-tiktok-threats/8937077002/,535,ok
https://600wmtradio.iheart.com/content/2021-12-17-west-des-moines-students-charged-in-middle-school-violence-threat/,110,ok
https://www.weareiowa.com/article/news/crime/students-charged-after-threats-of-violence-police-say-stilwell-junior-high-school-social-media-felony-terrorism/524-c0376563-8c4a-47dd-a3c7-a9cf2bf3147c,0,link is dead
https://kchanews.com/2021/12/17/iowa-dps-monitoring-possible-school-threats/,0,link is dead
https://www.stlouisstar.com/news/271966075/schools-across-us-cancel-classes-over-unconfirmed-threats-of-shootings-on-tiktok,821,ok
https://www.carrollspaper.com/news/100-carroll-community-students-stay-home-amid-online-school-shooting-threats/article_3c713da6-5f76-11ec-84a6-eb170e0584d1.html,0,link is dead
https://www.radioiowa.com/2021/12/17/nearly-a-dozen-iowa-students-face-charges-over-alleged-threats-of-school-violence/,420,ok
https://www.whec.com/ontario-county-ny-news/geneva-elementary-school-goes-on-lockout-after-nonspecific-bomb-threat/6335954/,443,ok
https://www.azcentral.com/story/tech/2021/12/17/tiktok-alleged-school-threat-guidelines/8937761002/,625,ok
https://www.wesh.com/article/sheriff-flagler-student-said-tiktok-school-shooting-threat-was-just-a-joke/38552147,242,ok
http://7thspace.com/trends/980089/tiktok_school_threat_december_17.html,0,link is dead
https://www.rep-am.com/local/localnews/2021/12/16/area-schools-on-high-alert-after-tiktok-threats/,1610,ok
https://scnow.com/news/national/us-troops-face-discipline-for-refusing-vaccine-schools-facing-tiktok-threats-miss-america-crowned/article_c03edc9f-5d59-54e6-b930-c399f3373a0d.html,0,link is dead
https://news.yahoo.com/lcso-school-threats-223626683.html,0,link is dead
https://news.yahoo.com/no-credible-threat-against-schools-223149827.html,174,ok
https://www.nbcbayarea.com/news/local/school-districts-warn-of-tiktok-challenge-to-threaten-schools-friday/2757855/,256,ok
https://www.gazettetimes.com/news/local/crime-and-courts/social-media-threats-spurs-albany-police-to-bump-presence-at-local-schools-for-dec-17/article_f1fbd8b2-6fe5-5a6a-9f57-6587e58fbb12.html,0,link is dead
https://qconline.com/news/local/education/no-credible-threats-of-school-violence-iowa-public-safety-agency-says/article_855ebcbf-bff5-54ca-b66d-50235c9dcb74.html,0,link is dead
https://www.kaaltv.com/national-news/schools-step-up-security-in-response-to-threats-on-tiktok/6335123/?cat=10159,0,link is dead
https://www.ifiberone.com/news/national_news/schools-step-up-security-in-response-to-threats-on-tiktok/article_bbf2ca6f-3f4c-5d65-887f-d1e18e68ab3a.html,0,link is dead
https://www.13newsnow.com/article/news/crime/school-divisions-safety-threat-tiktok/291-c4a6f7d6-0d7d-464c-bb5e-af984338488b,0,link is dead
https://www.nbcdfw.com/news/local/north-texas-districts-react-to-nationwide-school-threats-circulating-on-tiktok/2840679/,636,ok
https://www.cbs58.com/news/hamilton-school-district-cancels-classes-friday-due-to-social-media-threat,292,ok
https://www.beloitdailynews.com/news/education/school-districts-around-the-state-respond-to-tik-tok-threat/article_ee74cb2d-fc97-5ad1-b8e0-bc03c1b3adb3.html,0,link is dead
https://www.ojaivalleynews.com/?view=article&id=21277:sheriff-schools-respond-to-threats-of-dec-17-violence-on-social-media&catid=856&tmpl=component&print=1&layout=default,0,link is dead
https://wzozfm.com/tiktok-threat-to-schools/,445,ok
https://dailyvoice.com/new-york/harrison/schools/westchester-hs-goes-remote-amid-concerns-following-threat/821918/,0,link is dead
https://www.idahostatejournal.com/news/crimes_court/police-juveniles-to-be-charged-after-not-funny-threats-of-school-violence/article_bf18767d-154b-5c82-b830-10a62637baef.html,0,link is dead
https://www.king5.com/article/news/local/western-washington-school-threats-lynnwood-student-arrested-gun/281-5d20b052-c1b7-4edd-8231-cea6aeace621,0,link is dead
https://wjon.com/tiktok-school-threats-prompt-response-from-central-mn-schools/,414,ok
https://siouxcityjournal.com/news/state-and-regional/south-dakota/rapid-city-schools-cancel-amid-nationwide-tiktok-threats/article_9ce102ed-bd57-5b92-924b-4e3f939af400.html,0,link is dead
https://www.12newsnow.com/article/news/local/southeast-texas-school-districts-high-alert-nationwide-tik-tok-threat/502-f4795d0c-1c8a-4978-bf07-e96fe7a8550d,0,link is dead
https://www.kimt.com/news/national/schools-step-up-security-in-response-to-threats-on-tiktok/article_32482ad0-8280-506a-adea-3134d0e7ade8.html,0,link is dead
https://wnyt.com/troy-new-york-news/some-local-schools-close-go-remote-amid-tiktok-threat-whitehall-averill-park-/6335634/,0,link is dead
https://www.fox13now.com/news/local-news/unconfirmed-tiktok-threats-force-extra-security-at-most-utah-schools-friday,465,ok
https://www.msn.com/en-us/news/us/iowa-schools-parents-respond-to-nationwide-social-media-threats/ar-AARTHv6,0,page opened but no article text
https://hallelujah1600.iheart.com/content/2021-12-17-schools-ramp-up-security-as-viral-bomb-threat-circulates-tiktok/,285,ok
https://www.washingtonexaminer.com/policy/threat-of-school-closures-rises-as-omicron-looms,110,ok
https://www.phillytrib.com/news/schools-step-up-security-in-response-to-threats-on-tiktok/article_c1b80a5a-097b-56b4-a82b-5a161546a495.html,0,link is dead
https://www.norwichbulletin.com/story/news/2021/12/17/tiktok-school-threat-december-17-challenge-norwich-ct-school-closure-safety-precaution-snapchat-gun/8937490002/,292,ok
https://www.ktvq.com/tik-tok-challenge-threat-prompts-florence-schools-to-cancel-classes,638,ok
https://www.dawn.com/news/1664359/fbi-investigating-tiktok-school-shooting-threat,504,ok
https://www.republicworld.com/world-news/us-news/us-schools-ramp-up-security-in-wake-of-anonymous-shooting-bomb-threats-on-tiktok.html,437,ok
https://www.1049thewolf.com/2021/12/16/schools-responding-to-social-media-threat-of-potential-violence/,512,ok
https://journalnow.com/news/national/us-troops-face-discipline-for-refusing-vaccine-schools-facing-tiktok-threats-miss-america-crowned/article_e4e14e5a-5dd4-59f2-b15e-6c942c511e99.html,0,link is dead
https://www.wfmynews2.com/article/news/nation-world/tiktok-school-threats/507-c04992fe-7eb4-49fa-8918-1114973fa2ea,0,link is dead
https://patch.com/wisconsin/mountpleasant/police-apprehend-racine-area-juveniles-after-threats-schools,317,ok
https://wobm.com/nj-warns-all-school-administrators-of-dec-17-shooting-threat/,459,ok
https://www.newarkpostonline.com/news/christina-school-district-says-viral-tiktok-threat-will-not-impact-school-on-friday/article_75d5b452-ff7f-58a2-b503-e9436cd5a58e.html,0,link is dead
https://www.10tv.com/article/news/local/central-ohio-educators-law-enforcement-aware-viral-tiktok-post-threatening-school-shootings-bombing/530-06cf3303-f6ba-44de-9d4e-95bf78054919,0,link is dead
https://kfgo.com/2021/12/16/national-tiktok-challenge-encouraging-students-to-report-false-threats-to-schools-on-friday/,177,ok
https://www.emissourian.com/local_news/sheriff-tiktok-trend-nets-no-known-threats-to-local-schools/article_ce16ce02-5ec1-11ec-9023-27bc7d13d326.html,0,link is dead
https://www.wandtv.com/news/school-shooting-threats-on-tiktok-draw-attention-of-local-districts/article_8f374d7e-5ed0-11ec-9cdf-1f5ea365e432.html,0,link is dead
https://www.erienewsnow.com/story/45474134/erie-catholic-school-system-excusing-school-absences-friday-following-tiktok-threat-challenge,0,link is dead
http://www.dailypress.com/news/education/vp-nw-tik-tok-school-threat-20211217-hwhione4kzc3niqymvxk3ipkke-story.html,374,ok
https://www.thv11.com/article/news/nation-world/tiktok-school-threats/507-c04992fe-7eb4-49fa-8918-1114973fa2ea,0,link is dead
https://www.bemidjipioneer.com/news/7325660-Law-enforcement-Bemidji-Area-Schools-respond-to-nation-wide-TikTok-threats,464,ok
https://www.msn.com/en-us/news/crime/calls-for-tiktok-to-shut-down-viral-post-threatening-schools-with-gun-violence/ar-AARU8IQ,0,page opened but no article text
http://www.msn.com/en-us/news/crime/teen-arrested-over-threats-as-tiktok-dec-17-school-trend-sparks-nationwide-closures/ar-AARUybM,0,page opened but no article text
https://www.kokomotribune.com/news/nation_world_news/schools-step-up-security-in-response-to-threats-on-tiktok/article_f70750f3-2dcd-58e7-91e3-80cbdd97eed6.html,0,link is dead
https://www.msn.com/en-us/news/us/some-schools-closed-friday-though-social-media-threats-to-schools-not-believed-to-be-credible/ar-AART1bS,0,page opened but no article text
https://www.rt.com/usa/543519-schools-ramp-up-security-tiktok-threats/,480,ok
https://www.registercitizen.com/news/article/Some-CT-schools-closed-after-TikTok-threats-spread-16709315.php,820,ok
https://wokq.com/nh-warns-school-administrators-of-dec-17-shooting-threat/,460,ok
http://northeastnews.net/pages/kcpd-monitoring-social-media-threats-to-schools/,101,ok
https://www.kvor.com/2021/12/17/schools-deal-with-threats/,0,link is dead
https://www.krgv.com/news/schools-step-up-security-in-response-to-threats-on-tiktok/,584,ok
https://journaltimes.com/news/local/crime-and-courts/social-media-trend-falsely-threatens-school-safety-locally-nationally/article_e7364c3b-f775-5f43-a7cd-ac69e0e16ecd.html,0,link is dead
https://www.longbeachstar.com/news/271965905/schools-ramp-up-security-over-shooting-threats-on-tiktok,670,ok
https://patch.com/pennsylvania/norristown/tiktok-threats-montco-schools-latest-updates,621,ok
https://newstalk1230.iheart.com/content/2021-12-17-centex-schools-increase-police-presence-due-to-nationwide-tiktok-threat/,126,ok
https://www.msn.com/en-us/money/news/amid-alleged-tiktok-school-shooting-threats-heres-what-we-know-about-apps-response/ar-AARVcMg,0,page opened but no article text
https://kste.iheart.com/featured/sacramentos-latest-news/content/2021-12-17-school-districts-warned-of-possible-threats-made-from-social-media/,0,link is dead
https://www.newscenter1.tv/douglas-high-school-among-schools-targeted-in-nationwide-social-media-threat/,0,link is dead
https://woc1420.iheart.com/content/2021-12-17-west-des-moines-students-charged-in-middle-school-violence-threat/,110,ok
https://winnipeg.ctvnews.ca/teenager-arrested-following-alleged-online-threat-to-portage-la-prairie-school-1.5711965,143,ok
https://www.wxyz.com/news/unconfirmed-threats-on-tiktok-force-schools-across-the-county-to-cancel-classes,379,ok
https://thehill.com/homenews/1230-report/586318-the-hills-1230-report-dec-17-school-threats-increase-security-bbb-bill-delayed-according-to-schumer,0,link is dead
https://1430kasi.iheart.com/content/2021-12-17-west-des-moines-students-charged-in-middle-school-violence-threat/,110,ok
https://madison.com/news/national/us-troops-face-discipline-for-refusing-vaccine-schools-facing-tiktok-threats-miss-america-crowned/article_8e8ca168-f662-50f4-9c78-df66de8e29ac.html,0,link is dead
https://www.newscentermaine.com/article/news/nation-world/tiktok-school-threats/507-c04992fe-7eb4-49fa-8918-1114973fa2ea,0,link is dead
https://wmmbam.iheart.com/featured/florida-news/content/2021-12-17-schools-around-the-state-at-high-alert-over-online-threats-of-violence/,116,ok
https://www.caledonianrecord.com/news/national/schools-step-up-security-in-response-to-threats-on-tiktok/image_c5124344-f6eb-529d-84b2-b0b63a64c347.html,0,link is dead
https://www.wbal.com/article/546443/127/schools-step-up-security-in-response-to-threats-on-tiktok,0,link is dead
https://www.registercitizen.com/news/article/Schools-step-up-security-in-response-to-threats-16708520.php,0,link is dead
https://mynorthwest.com/3285263/schools-step-up-security-in-response-to-threats-on-tiktok/,0,link is dead
https://www.newmilfordspectrum.com/news/article/Schools-step-up-security-in-response-to-threats-16708520.php,0,link is dead
https://sojo1049.com/police-warn-parents-of-school-shooting-bombing-threats-on-tiktok/,234,ok
https://www.durangoherald.com/articles/schools-step-up-security-in-response-to-threats-on-tiktok/,0,link is dead
https://www.vnews.com/Claremont-cancels-school-on-Friday-over-threats-44081661,207,ok
https://www.winchesterstar.com/associated_press/virginia/schools-step-up-security-in-response-to-threats-on-tiktok/article_340053e9-bca7-5acd-a679-f5bbfc240bbc.html,0,link is dead
https://www.covnews.com/news/crime/14-year-old-custody-after-online-threat-made-against-covington-high-school/,0,link is dead
https://www.sunjournal.com/2021/12/16/lewiston-schools-friday-closed-due-to-middle-school-threat-suspect-identified/,458,ok
https://www.keysnews.com/news/local/construction-noise-prompts-brief-school-lockdown/article_d39bb0f8-5ea4-11ec-a935-3f087f84ebbf.html,0,link is dead
https://www.weareiowa.com/article/news/local/possible-school-threats-iowa-december-17-social-media-tiktok/524-53a0d3fa-aae9-49ea-9104-407c01a406aa,0,link is dead
https://www.valdostadailytimes.com/news/business/schools-step-up-security-in-response-to-threats-on-tiktok/article_83efd912-a5d2-5dd3-bea2-b952e3a62d9d.html,0,link is dead
http://www.msn.com/en-us/news/politics/schools-nationwide-increase-security-in-response-to-tiktok-threats/ar-AARUumP,0,page opened but no article text
https://www.middletownpress.com/news/article/Some-CT-schools-closed-after-TikTok-threats-spread-16709315.php,820,ok
https://www.lebanondemocrat.com/maconcounty/news/national/tiktok-challenge-threaten-school-shootings-across-country-friday/article_898074cb-94e2-55bd-a98a-56f6a4b19ea0.html,0,link is dead
https://cumberlink.com/news/local/education/schools-across-the-country-step-up-security-friday-in-response-to-threats-on-tiktok/article_57aecdf0-1992-5bc2-9944-ae80cbed737f.html,0,link is dead
https://www.wphm.net/2021/12/17/dhs-recommends-schools-remain-alert-amid-unfounded-threats-on-tiktok/,0,link is dead
https://starlocalmedia.com/lewisvilleleader/news/lewisville-isd-student-charged-in-connection-with-threat-against-marcus-high-school/article_48570026-5f74-11ec-be0c-6f2380f8cf58.html,0,link is dead
https://dailyvoice.com/connecticut/stamford/schools/ct-state-police-agencies-release-statement-on-new-social-media-school-threats/822050/,0,link is dead
https://www.msn.com/en-us/news/us/some-iowa-schools-report-significant-student-absences-friday-following-social-media-threats-heres-what-we-know/ar-AARVzLj,0,page opened but no article text
https://www.orangeobserver.com/article/ocps-alerts-parents-to-possible-threat-in-local-schools,513,ok
https://www.wsjm.com/2021/12/17/dhs-recommends-schools-remain-alert-amid-unfounded-threats-on-tiktok/,0,link is dead
https://www.vnews.com/Schools-allow-absences-because-of-unconfirmed-TikTok-threats-44088622,1120,ok
https://www.aljazeera.com/economy/2021/12/17/school-shooting-threats-on-tiktok-promote-closures-in-us,694,ok
https://www.boston.com/news/local-news/2021/12/16/area-school-districts-report-national-threat-shared-on-tiktok/,170,ok
https://buffalonews.com/news/national/us-troops-face-discipline-for-refusing-vaccine-schools-facing-tiktok-threats-miss-america-crowned/article_3eab8189-5ed6-5be2-a204-a9bde5225969.html,0,link is dead
https://www.fox61.com/article/news/local/new-london-county/norwich/norwich-public-schools-threat-classes-canceled/520-a99e1336-21a8-4bfd-ae10-825277bf11f7,0,link is dead
https://muscatinejournal.com/news/national/us-troops-face-discipline-for-refusing-vaccine-schools-facing-tiktok-threats-miss-america-crowned/article_5c640d8b-223e-5ddd-a7ff-d835fb0fa310.html,0,link is dead
https://patch.com/illinois/chicago/tiktok-school-gun-threat-has-il-schools-law-enforcement-alert,738,ok
https://kixcountry929.iheart.com/content/2021-12-17-schools-around-the-state-at-high-alert-over-online-threats-of-violence/,116,ok
https://www.krgv.com/news/schools-step-up-security-in-response-to-threats-on-tiktok,584,ok
https://www.westport-news.com/news/article/Schools-step-up-security-in-response-to-threats-16708520.php,0,link is dead
https://www.msn.com/en-us/news/us/increased-law-enforcement-presence-expected-at-some-central-va-schools-friday-following-tiktok-threat/ar-AARTVeR,0,page opened but no article text
https://www.wxpr.org/education/2021-12-16/northwoods-school-districts-aware-of-national-tiktok-threat-taking-extra-precautions,344,ok
https://www.kake.com/story/45474478/schools-step-up-security-in-response-to-threats-on-tiktok,0,link is dead
https://www.cantonrep.com/story/news/2021/12/16/tiktok-violence-threats-schools-united-states-security-ohio/8934402002/,0,link is dead
https://www.ncnewsonline.com/news/local_news/schools-step-up-security-in-response-to-threats-on-tiktok/article_2912573c-745a-5213-80eb-d4f37604f666.html,0,link is dead
https://www.darientimes.com/news/article/Some-CT-schools-closed-after-TikTok-threats-spread-16709315.php,820,ok
https://power96radio.com/tiktok-school-threats-prompt-response-from-central-mn-schools/,414,ok
https://www.msn.com/en-us/news/us/no-credible-threats-but-several-ct-schools-to-increase-police-presence-friday-others-close/ar-AART3RF,0,page opened but no article text
https://www.washingtontimes.com/news/2021/dec/16/schools-step-up-security-in-response-to-threats-on/,0,link is dead
https://www.milfordmirror.com/news/article/Some-CT-schools-closed-after-TikTok-threats-spread-16709315.php,820,ok
https://www.djournal.com/news/national/tiktok-challenge-threaten-school-shootings-across-country-friday/article_dce47bf1-0167-53a7-ab25-f30f57988d56.html,0,link is dead
https://www.insidenova.com/news/national/tiktok-challenge-threaten-school-shootings-across-country-friday/article_d766d38c-adc8-555f-8c9a-0f54f2f8fe6c.html,0,link is dead
https://www.msn.com/en-us/news/us/tiktok-threat-of-school-violence-is-vague-and-non-credible-but-has-schools-and-law-enforcement-on-high-alert/ar-AARVd76,0,page opened but no article text
https://www.starcourier.com/story/news/education/2021/12/17/kewanee-school-district-responds-tik-tok-threat/8937541002/,275,ok
https://www.katc.com/news/vermilion-parish/vpss-addresses-concern-over-social-posts-comments-threatening-violence-at-schools,0,link is dead
https://kdhnews.com/news/nation/schools-nationwide-step-up-security-in-response-to-threats-on-tiktok/article_2edc70f3-3639-5795-9648-c775ad90ab65.html,0,link is dead
https://www.independentnews.com/news/national/tiktok-challenge-threaten-school-shootings-across-country-friday/article_956da899-856d-5dea-a716-cfd48d974cee.html,0,link is dead
https://www.manchesterjournal.com/ap/business/schools-in-vermont-across-us-step-up-security-in-response-to-threats-on-tiktok/article_0414b169-5d99-571b-bd10-50c9cf0c3d92.html,0,link is dead
https://www.msn.com/en-us/news/us/tiktok-threat-challenge-increases-police-presence-at-maine-schools-friday/ar-AARTP4k,0,page opened but no article text
https://www.birminghammail.co.uk/news/midlands-news/school-sent-lockdown-after-teenage-22500592,315,ok
https://abc17news.com/news/education/2021/12/17/mid-missouri-schools-try-to-assuage-parent-fears-over-non-specific-tiktok-threat-challenge/,551,ok
https://1033wvyb.com/indian-trails-student-arrested-for-bogus-school-shooting-threat/,406,ok
https://www.whec.com/ontario-county-ny-news/geneva-elementary-school-goes-on-lockout-after-nonspecific-bomb-threat/6335954/?cat=565,443,ok
https://1065thebuzz.com/2021/12/17/sasd-spd-aware-of-tiktok-rumor-of-threat-to-schools/,171,ok
https://patch.com/connecticut/milford/threats-lead-some-school-closures-connecticut,1048,ok
https://www.kcentv.com/article/news/local/central-texas-school-districts-increase-police-presence-due-to-nationwide-tiktok-threat/500-a4e6b2ff-610a-4940-b99a-cc1f27efb46c,0,link is dead
https://www.nbcsandiego.com/news/local/san-diego-school-districts-warn-of-national-tiktok-threat/2819012/,380,ok
https://www.koco.com/article/oklahoma-schools-precautions-tiktok-threat/38550429,136,ok
https://www.wksu.org/2021-12-17/viral-tiktok-threats-prompt-schools-to-cancel-classes,284,ok
https://943thepoint.com/nj-warns-all-school-administrators-of-dec-17-shooting-threat/,459,ok
https://www.krtv.com/news/montana-and-regional-news/online-threat-prompts-increased-police-presence-at-schools-in-billings-and-lockwood,214,ok
https://www.msn.com/en-us/news/us/schools-in-the-us-taking-precautions-over-disturbing-tiktok-threat-for-dec-17-im-scared/ar-AARTBRH,0,page opened but no article text
https://www.kgw.com/article/news/local/school-threat-tiktok-trend-portland/283-3c0d9382-7b04-4ac3-b853-9ccb3757a408,0,link is dead
https://patch.com/illinois/tinleypark/tiktok-challenge-threatening-schools-has-village-police-alert,355,ok
https://www.indiatoday.in/cities/bengaluru/story/fir-against-bengaluru-school-headmistress-for-ill-treating-threatening-dalit-kids-1888987-2021-12-17,367,ok
https://patch.com/georgia/atlanta/tik-tok-gun-threat-has-georgia-schools-police-alert,932,ok
https://www.wiscassetnewspaper.com/article/update-school-canceled-friday-dec-17-hours-after-supt-wood-shares-information-threate/155118,456,ok
https://www.tahoedailytribune.com/news/tik-tok-school-threats-taken-seriously-in-douglas-county/,400,ok
https://www.newsday.com/long-island/schools-long-island-tiktok-threat-1.50454634,0,link is dead
https://www.kasu.org/2021-12-17/viral-tiktok-threats-prompt-schools-to-cancel-classes,43,ok
https://www.foxnews.com/politics/white-house-steps-up-vigilance-school-threats-social-media,312,ok
https://tampabaysmix.iheart.com/content/2021-12-17-schools-around-the-state-at-high-alert-over-online-threats-of-violence/,116,ok
https://www.thehawkeye.com/story/news/education/2021/12/17/iowa-school-threats-five-students-charged-making-threats-west-des-moines-stilwell-junior-high-tiktok/8940051002/,509,ok
https://www.msn.com/en-us/news/us/text-message-with-threat-leads-to-litchfield-school-evacuations-officials-say/ar-AARVgAI,0,page opened but no article text
https://www.news8000.com/i/platteville-school-district-closing-schools-friday-due-to-threat-of-violence/,0,link is dead
https://perezhilton.com/tiktok-school-shooting-threat-police/,597,ok
https://www.northjersey.com/story/opinion/columnists/2021/12/17/tiktok-threats-schools-covid-weary-parents-need-break/8938668002/,1198,ok
https://www.msn.com/en-us/news/us/mass-schools-beef-up-security-due-to-tiktok-threat-no-specific-credits-found/ar-AARV04c,0,page opened but no article text
https://www.msn.com/en-us/news/us/increased-police-presence-at-south-florida-schools-friday-in-light-of-social-media-threats/ar-AARTH2P,0,page opened but no article text
https://www.wvlkam.com/news/us-schools-increase-security-over-tiktok-shooting-threat/,0,link is dead
https://wccfradio.iheart.com/content/2021-12-17-miami-dade-broward-school-districts-on-high-alert-after-tiktok-threats/,194,ok
https://www.wfmj.com/story/45479287/social-media-threats-prompt-friday-closure-of-niles-schools,0,link is dead
https://news.yahoo.com/lcso-school-threats-224654415.html,0,link is dead
https://www.wiltonbulletin.com/news/article/Schools-step-up-security-in-response-to-threats-16708520.php,0,link is dead
https://www.krgv.com/news/experts-urge-parents-to-monitor-kids-internet-use-after-valley-schools-receive-online-threats,305,ok
https://www.tribdem.com/news/nationwide-tiktok-threat-spreads-caution-to-local-schools/article_90a7f57e-5eca-11ec-bf70-0f9c35bbe2c7.html,0,link is dead
https://www.khou.com/article/news/nation-world/tiktok-school-threats/507-c04992fe-7eb4-49fa-8918-1114973fa2ea,0,link is dead
http://www.saharasamay.com/world-news/676638552/schools-across-us-cancel-classes-over-shooting-threats-on-tiktok.html,0,link is dead
https://www.nbcnewyork.com/news/local/police-warn-tri-state-to-look-out-for-tik-tok-challenge-targeting-schools-with-threats/3455910/,404,ok
https://www.msn.com/en-us/news/us/alerts-issued-in-fayette-ky-nation-over-reported-tiktok-school-threats-on-friday/ar-AARUv0m,0,page opened but no article text
https://patch.com/new-jersey/brick/brick-police-school-officials-alert-amid-tik-tok-gun-threat,352,ok
https://wibx950.com/threat-on-tik-tok-leads-to-increased-police-presence-at-local-schools/,194,ok
https://kesq.com/news/2021/12/17/eastside-high-school-student-arrested-charged-with-making-terroristic-threats/,1062,ok
https://www.newmilfordspectrum.com/news/article/Some-CT-schools-closed-after-TikTok-threats-spread-16709315.php,820,ok
https://wtop.com/education/2021/12/tiktok-threats-heighten-school-security-across-dc-md-va/,403,ok
https://up989.iheart.com/content/2021-12-17-miami-dade-broward-school-districts-on-high-alert-after-tiktok-threats/,194,ok
https://patch.com/georgia/canton-ga/cherokee-schools-aware-tiktok-school-violence-threat,648,ok
https://www.wclo.com/2021/12/17/janesville-schools-discount-threat/,76,ok
https://kfbk.iheart.com/content/2021-12-17-school-districts-warned-of-possible-threats-made-from-social-media/,193,ok
https://www.desmoinesregister.com/story/news/education/2021/12/17/iowa-school-threats-five-students-charged-making-threats-west-des-moines-stilwell-junior-high-tiktok/8940051002/,1025,ok
https://www.abc12.com/news/safety-expert-says-holiday-break-may-help-reduce-amount-of-school-threats-in-coming-months/article_ccd15546-5f7d-11ec-bc32-2fa44f993998.html,0,link is dead
https://www.connectradio.fm/2021/12/17/dhs-recommends-schools-remain-alert-amid-unfounded-threats-on-tiktok/,0,link is dead
https://www.desmoinesregister.com/story/news/education/2021/12/17/tiktok-school-threats-school-shooting-student-absences-security-iowa/8944821002/,1222,ok
https://www.sunjournal.com/2021/12/17/gorham-middle-and-high-schools-dismissed-early-in-response-to-threats/,556,ok
https://www.komu.com/news/midmissourinews/gasconade-county-schools-close-friday-due-to-alleged-threats/article_16cf7e94-5f7d-11ec-9349-4f3a8017daed.html,0,link is dead
https://www.11alive.com/article/news/education/polk-school-district-cancels-class-friday-threatening-social-media-posts/85-4be39d2b-78ad-42ef-b0e5-bb1faca0fdae,0,link is dead
https://www.newspressnow.com/news/regional_news/central_missouri/question-of-the-day-are-you-worried-about-social-media-threats-made-toward-schools/article_12c4f46b-32be-5eb4-89a5-6a9599740a8b.html,0,link is dead
https://www.nwitimes.com/news/national/us-troops-face-discipline-for-refusing-vaccine-schools-facing-tiktok-threats-miss-america-crowned/article_f906e20d-3300-5af2-89d8-b89b398a59d0.html,0,link is dead
https://www.wusa9.com/article/news/nation-world/tiktok-school-threats/507-c04992fe-7eb4-49fa-8918-1114973fa2ea,0,link is dead
https://www.newstimes.com/news/article/Schools-step-up-security-in-response-to-threats-16708520.php,0,link is dead
https://www.msn.com/en-us/news/us/authorities-say-theres-no-specific-threat-to-iowa-schools-as-social-media-rumors-spread/ar-AARTxZ3,0,page opened but no article text
https://www.bozemandailychronicle.com/ap_news/montana/schools-step-up-security-in-response-to-threats-on-tiktok/article_a87deba1-3cca-5b79-8c32-8c83551cb3bc.html,0,link is dead
https://www.1380kcim.com/2021/12/16/iowa-department-of-public-safety-tracking-nationwide-social-media-trend-threatening-school-violence-friday/,157,ok
https://democratherald.com/news/local/crime-and-courts/social-media-threats-spur-albany-police-to-bump-presence-at-local-schools-for-dec-17/article_a28c076f-758c-5d32-8655-ab5b047781a7.html,0,link is dead
https://www.newjerseyhills.com/print_only/_headline_style/bold_48/officials-no-credible-threats-at-madison-schools-amid-tiktok-trend/article_9b274193-cea2-58c7-b8b1-bd99c9a8113f.html,0,link is dead
https://www.wtol.com/article/news/nation-world/tiktok-school-threats/507-c04992fe-7eb4-49fa-8918-1114973fa2ea,0,link is dead
https://www.wccbcharlotte.com/2021/12/16/a-surge-of-social-media-threats-against-schools-including-districts-in-our-area/,324,ok
https://www.wfmd.com/2021/12/16/frederick-county-sheriffs-office-prepared-for-tiktok-school-threats-on-friday/,0,link is dead
https://www.fredericknewspost.com/news/crime_and_justice/social-media-trend-threatens-school-violence-frederick-county-sheriffs-office-prepares-to-increase-presence-friday/article_4bf5a387-1d1f-5e88-acde-507eae6a5836.html,0,link is dead
https://observer-reporter.com/news/area-school-districts-respond-to-tiktok-threat/article_2fbb9a8a-5eb2-11ec-bd85-ff8d3d994356.html,0,link is dead
https://www.msn.com/en-us/news/us/kim-potter-trial-us-schools-beef-up-security-kansas-fire-threat-5-things-to-know-friday/ar-AARUlkS,0,page opened but no article text
https://www.providencejournal.com/story/news/local/2021/12/17/tiktok-threat-to-schools-spur-police-rhode-island-around-country-increase-security-presence-dec-17/8936789002/,0,link is dead
https://www.fox43.com/article/news/nation-world/tiktok-school-threats/507-c04992fe-7eb4-49fa-8918-1114973fa2ea,0,link is dead
https://patch.com/wisconsin/milwaukee/several-wisconsin-schools-close-friday-over-social-media-threat,252,ok
https://www.omakchronicle.com/news/national/tiktok-challenge-threaten-school-shootings-across-country-friday/article_798b3374-ac50-56b3-9596-a9016f188a0a.html,0,link is dead
https://www.classiccountry1070.com/2021/12/17/law-enforcement-officers-watching-schools-after-social-media-threat/,0,link is dead
https://www.hartfordcitynewstimes.com/news/nation/tiktok-challenge-threaten-school-shootings-across-country-friday/article_6b84b50b-afd9-5bf3-8c8c-a6eddee0961c.html,0,link is dead
https://www.kfdi.com/2021/12/17/law-enforcement-officers-watching-schools-after-social-media-threat/,128,ok
https://www.calcuttanews.net/news/271965905/schools-ramp-up-security-over-shooting-threats-on-tiktok,383,ok
https://www.wftw.com/news/us-schools-increase-security-over-tiktok-shooting-threat/,0,link is dead
https://whiznews.com/2021/12/17/muskingum-county-sheriffs-office-on-alert-after-viral-tiktok-school-threat-challenge/,0,link is dead
https://whoradio.iheart.com/content/2021-12-17-west-des-moines-students-charged-in-middle-school-violence-threat/,110,ok
https://www.thestar.com.my/tech/tech-news/2021/12/17/us-schools-step-up-security-in-response-to-threats-on-tiktok,106,ok
https://www.bendbulletin.com/localstate/education/bend-la-pine-schools-announce-awareness-of-general-threat/article_3a4a0c16-5f6b-11ec-a436-cb0460a09b13.html,0,link is dead
https://www.abc57.com/news/wawasee-high-school-students-sent-home-due-to-threat,65,ok
https://dailyvoice.com/connecticut/darien/schools/ct-state-police-agencies-release-statement-on-new-social-media-school-threats/822050/,0,link is dead
https://www.centralmaine.com/2021/12/16/schools-nationwide-step-up-security-in-response-to-threats-on-tiktok/,712,ok
https://www.msn.com/en-us/news/us/schools-closing-and-increasing-security-after-tiktok-shooting-threats/ar-AARV2Ji,0,page opened but no article text
https://www.npr.org/2021/12/17/1065210869/school-counselor-discusses-youth-mental-health-crisis-tiktok-threats-scare-schoo,108,ok
https://wtmj.com/news/2021/12/17/tiktok-blames-hysteria-on-local-media-no-real-threat-to-schools/,273,ok
https://menafn.com/1103390271/FBI-investigating-TikTok-school-shooting-threat&source=140,0,link is dead
https://www.wusa9.com/article/news/local/maryland/maryland-frederick-county-sheriff-school-threats-connected-to-friday-tiktok-challenge-not-credible/65-a3fd6065-43a2-49f8-afa5-bdded810e5cb,0,link is dead
https://rapidcityjournal.com/news/national/us-troops-face-discipline-for-refusing-vaccine-schools-facing-tiktok-threats-miss-america-crowned/article_8dd25e76-8c4d-5dff-a348-becbd8f978d7.html,0,link is dead
https://www.fox61.com/article/news/local/new-haven-county/naugatuck-school-threat-arrest-teen/520-089feba4-2f27-4c01-8f56-bee69dfca31c,0,link is dead
https://catcountry1073.com/police-warn-parents-of-school-shooting-bombing-threats-on-tiktok/,234,ok
https://newstalkkgvo.com/tiktok-threat-resolved-in-corvallis-school-suspect-in-custody/,210,ok
https://www.logandaily.com/news/district-responds-to-social-media-school-threat/article_550ab60c-5f81-11ec-9216-9b371866c531.html,0,link is dead
https://leaderherald.com/gloversville-local-news-johnstown-local-news/local-news/2021/12/gloversville-school-district-received-2-online-threats-others-impacted-by-posts/,0,link is dead
https://abcnews.go.com/US/wireStory/security-protocols-leave-threat-responses-schools-81831225,0,link is dead
https://www.msn.com/en-us/news/crime/tiktok-school-threats-winds-knock-out-power-oak-creek-arrests/ar-AARWJ4p,0,page opened but no article text
https://www.idahostatejournal.com/news/national/security-protocols-leave-threat-responses-up-to-schools/article_eff87a85-d080-538b-9a59-e927b2eac6f6.html,0,link is dead
https://www.bozemandailychronicle.com/ap_news/us/security-protocols-leave-threat-responses-up-to-schools/article_8c058a05-4a2c-53ed-81cf-45e03bcb0407.html,0,link is dead
https://www.cbs8.com/article/news/nation-world/security-protocols-threat-responses-schools/507-67c45da5-9a93-43a0-b124-d47cd115c1ef,0,link is dead
https://starlocalmedia.com/friscoenterprise/news/seven-students-arrested-in-connection-to-threats-against-frisco-schools/article_864b2574-5f9c-11ec-b5d2-0b091eda048f.html,0,link is dead
https://news.yahoo.com/3-school-threats-1-day-032430564.html,1064,ok
https://www.wandtv.com/news/iea-demands-districts-comply-with-school-threat-assessment-law/article_470ec0d0-5e22-11ec-94ab-97ff296c2487.html,0,link is dead
https://www.news8000.com/tiktok-school-threat-alarms-parents-and-some-keep-children-home/,0,link is dead
https://www.craigdailypress.com/news/education/no-weapons-found-at-high-school-after-rumored-threat-brings-police-lockdown/,756,ok
https://wacotrib.com/news/national/security-protocols-leave-threat-responses-up-to-schools/article_5aaf13c6-c79e-5f0d-b303-9bc80eda8c10.html,0,link is dead
https://www.wtol.com/article/news/nation-world/security-protocols-threat-responses-schools/507-67c45da5-9a93-43a0-b124-d47cd115c1ef,0,link is dead
https://yorknewstimes.com/news/national/security-protocols-leave-threat-responses-up-to-schools/article_56426942-85a7-5629-8298-241478ba2092.html,0,link is dead
https://www.caledonianrecord.com/news/national/security-protocols-leave-threat-responses-up-to-schools/article_41d7c36f-b298-5b6c-b8ec-24f06c87f38a.html,0,link is dead
https://www.wqad.com/article/news/nation-world/security-protocols-threat-responses-schools/507-67c45da5-9a93-43a0-b124-d47cd115c1ef,0,link is dead
http://www.riograndesun.com/news/school-locked-down-after-shooter-threat/article_5938a866-5dfa-11ec-a895-1f8ce0bea7e2.html,0,link is dead
https://www.dailyrecord.com/story/opinion/columnists/2021/12/17/tiktok-threats-schools-covid-weary-parents-need-break/8938668002/,1198,ok
https://www.delmarvanow.com/story/opinion/columnists/2021/12/17/tiktok-threats-schools-covid-weary-parents-need-break/8938668002/,1198,ok
http://www.msn.com/en-us/news/crime/a-south-carolina-teen-was-charged-for-threatening-to-shoot-up-his-high-school-amid-student-arrests-over-threats-of-violence-on-social-media/ar-AARWWyW,0,page opened but no article text
https://menafn.com/1103390803/TikTok-threat-Rumored-shooting-threat-is-spooking-schools-in-the-US&source=19,0,link is dead
https://www.superhits106.com/2021/12/17/dubuque-student-charged-with-school-threat/,75,ok
https://www.fox5atlanta.com/news/second-forsyth-county-high-school-student-arrested-for-making-threats,429,ok
https://dailyvoice.com/connecticut/norwalk/schools/ct-state-police-agencies-release-statement-on-new-social-media-school-threats/822050/,0,link is dead
https://dailyvoice.com/new-york/mountpleasant/news/specific-threat-leads-to-shift-to-remote-learning-at-school-district-in-westchester/822106/,0,link is dead
https://www.ctinsider.com/news/article/Some-CT-schools-closed-after-TikTok-threats-spread-16709315.php,820,ok
https://www.msn.com/en-us/news/us/tiktok-warning-and-other-social-media-threats-stress-connecticut-students-parents-and-schools/ar-AARVLjd,0,page opened but no article text
https://www.wmfe.org/orange-county-sheriffs-office-arrests-teen-for-school-shooting-threat/194007,0,link is dead
https://www.msn.com/en-us/news/us/school-threats-in-vermont-deemed-not-credible/ar-AARVQJJ,0,page opened but no article text
https://statesville.com/news/national/security-protocols-leave-threat-responses-up-to-schools/article_2fd22b40-deb9-569b-a586-071f0206323f.html,0,link is dead
https://www.washingtonexaminer.com/restoring-america/community-family/threat-of-school-closures-rises-as-omicron-looms,110,ok
https://www.whec.com/national/security-protocols-leave-threat-responses-up-to-schools/6336479/?cat=10036,0,link is dead
https://dothaneagle.com/news/national/security-protocols-leave-threat-responses-up-to-schools/article_a572a2de-113f-5e3b-a6c9-3b07ba6469d4.html,0,link is dead
https://www.kcentv.com/article/news/nation-world/security-protocols-threat-responses-schools/507-67c45da5-9a93-43a0-b124-d47cd115c1ef,0,link is dead
https://www.newsandtribune.com/indiana/news/15-year-old-charged-after-bomb-threat-at-peru-high-school/article_eeba004d-e11c-5af3-8f84-3352c683d273.html,0,link is dead
https://www.reporter.net/indiana/news/15-year-old-charged-after-bomb-threat-at-peru-high-school/article_0d1934e5-4acb-5206-9eb3-8df9d997738b.html,0,link is dead
https://www.superhits106.com/2021/12/17/platteville-and-galena-schools-close-because-of-threat-of-violence/,289,ok
https://www.cincinnati.com/story/news/crime/2021/12/17/student-arrested-charged-alleged-school-threat-wyoming-middle-school/8943296002/,167,ok
https://www.weareiowa.com/article/news/education/iowa-schools-social-media-threats-policies-response-department-of-public-safety/524-c80ccb0c-55fa-43bb-a52f-0814585eeca0,0,link is dead
https://up989.iheart.com/content/2021-12-17-schools-around-the-state-at-high-alert-over-online-threats-of-violence/,116,ok
https://www.kxlf.com/news/crime-and-courts/student-charged-following-corvallis-schools-threat,178,ok
https://pressofatlanticcity.com/news/national/security-protocols-leave-threat-responses-up-to-schools/article_565d210e-3e87-500f-b8c5-a4d5e8b10b8a.html,0,link is dead
http://www.msn.com/en-us/news/us/security-protocols-leave-threat-responses-up-to-schools/ar-AARWzdP,0,page opened but no article text
https://qconline.com/news/national/security-protocols-leave-threat-responses-up-to-schools/article_d9e63484-2c1a-5bc5-85f2-d9bb9ca69f3e.html,0,link is dead
https://www.yourglenrosetx.com/story/news/local/2021/12/16/grisd-taking-precautions-amid-social-media-threats-schools-nationwide/8932436002/,0,link is dead
https://richmond.com/news/national/security-protocols-leave-threat-responses-up-to-schools/article_80df1fb7-1bf3-531c-8d05-fefd2a0fb663.html,0,link is dead
https://www.wboc.com/story/45483976/security-protocols-leave-threat-responses-up-to-schools,0,link is dead
https://www.poughkeepsiejournal.com/story/opinion/columnists/2021/12/17/tiktok-threats-schools-covid-weary-parents-need-break/8938668002/,1198,ok
https://dailyvoice.com/new-york/mamaroneck/schools/westchester-county-local-police-caution-of-school-threats-made-on-tiktok/822079/,0,link is dead
https://www.msn.com/en-us/news/us/nm-schools-taking-precautions-after-tiktok-threats-of-violence/ar-AARVNC3,0,page opened but no article text
https://www.fox35orlando.com/news/deputies-expelled-13-year-old-accused-of-threatening-to-shoot-up-school,159,ok
https://chippewa.com/news/local/full-chippewa-falls-area-unified-school-district-release-on-cyber-threat-closure/article_e853f0ed-73c2-5e9d-b397-76344aec2b33.html,0,link is dead
https://www.fox8tv.com/newspost/school-tik-tok-threat/,0,link is dead
https://dailyvoice.com/new-york/northsalem/news/specific-threat-leads-to-shift-to-remote-learning-at-school-district-in-westchester/822106/,0,link is dead
https://finance.yahoo.com/news/tiktoks-response-alleged-school-threat-151425597.html,521,ok
https://www.ktvb.com/article/news/nation-world/security-protocols-threat-responses-schools/507-67c45da5-9a93-43a0-b124-d47cd115c1ef,0,link is dead
https://dailyvoice.com/connecticut/trumbull/schools/ct-state-police-agencies-release-statement-on-new-social-media-school-threats/822050/,0,link is dead
https://dailyvoice.com/new-york/mtkisco/news/specific-threat-leads-to-shift-to-remote-learning-at-school-district-in-westchester/822106/,0,link is dead
https://www.pressconnects.com/story/opinion/columnists/2021/12/17/tiktok-threats-schools-covid-weary-parents-need-break/8938668002/,1198,ok
https://www.app.com/story/opinion/columnists/2021/12/17/tiktok-threats-schools-covid-weary-parents-need-break/8938668002/,1198,ok
https://qctimes.com/news/local/education/quad-cities-school-districts-increase-vigilance-friday-because-of-nationally-circulating-online-threats-of-school/article_4a1605f6-4bdb-599f-a209-a49517a5b4aa.html,0,link is dead
https://www.fredericknewspost.com/news/crime_and_justice/frederick-county-police-agencies-investigate-16-threats-to-schools-find-none-to-be-credible/article_7a4deab6-a3b7-5018-97e3-7bd7e4e17f49.html,403,ok
https://www.newsweek.com/south-carolina-high-school-student-charged-after-threatening-shoot-school-1660820,439,ok
https://www.yakimaherald.com/news/local/yakima-valley-schools-boost-security-after-copycat-threats-nationwide/article_53a4de33-4c75-563b-be6e-f3991c4d5d3d.html,0,link is dead
https://www.fox43.com/article/news/local/schools-address-tiktok-threats-scranton-hanover-area-wyoming-virtual-in-person-learning/523-9c29af55-4ef6-4fba-8185-10a1f994849e,0,link is dead
https://www.wionews.com/world/us-schools-cancel-classes-due-to-shooting-threats-on-tiktok-437837,228,ok
https://www.wbap.com/2021/12/17/schools-step-up-security-in-response-to-threats-on-tiktok/,0,link is dead
http://www.elpasoinc.com/news/ap_wire/us/security-protocols-leave-threat-responses-up-to-schools/article_052b5b0e-2157-5942-a0a7-59fc3ef287a1.html,0,link is dead
https://www.foxnews.com/us/viral-tiktok-school-threat-students-arrested,560,ok
https://www.ifiberone.com/news/national_news/security-protocols-leave-threat-responses-up-to-schools/article_8281dcb5-69ca-54e6-ad04-1b7839e7b958.html,0,link is dead
https://m.lasvegassun.com/news/2021/dec/17/carson-city-schools-close-amid-threats-of-violence/,0,link is dead
https://www.enca.com/news/fbi-investigating-tiktok-school-shooting-threat,0,link is dead
https://www.thetelegraph.com/news/article/Schools-report-no-TikTok-threats-16710827.php,479,ok
https://news.yahoo.com/tik-tok-threats-schools-southtown-040238627.html,653,ok
https://www.eveningtribune.com/story/news/nation/2021/12/16/tiktok-violence-threats-schools-united-states-security/8933323002/,1698,ok
http://www.msn.com/en-us/news/politics/hillicon-valley-schools-step-up-security-after-tiktok-threats/ar-AARVGJA,0,page opened but no article text
https://www.woonsocketcall.com/news/police-make-arrest-at-school-over-weapons-threats/article_a0a433e8-5f8d-11ec-a7ba-079a17ca5314.html,0,link is dead
https://1025thebear.iheart.com/content/2021-12-17-centex-schools-increase-police-presence-due-to-nationwide-tiktok-threat/,126,ok
https://kyssfm.com/tiktok-threat-resolved-in-corvallis-school-suspect-in-custody/,210,ok
https://lasentinel.net/lausd-no-reason-to-believe-our-schools-are-in-any-danger-amid-viral-threats.html,0,link is dead
https://kpel965.com/death-threat-made-against-erath-high-school-teacher-investigation-opened/,284,ok
https://starherald.com/news/national/security-protocols-leave-threat-responses-up-to-schools/article_7e33be2a-0930-5c5b-9868-2f9c700f0133.html,0,link is dead
https://www.wdrb.com/news/national/security-protocols-leave-threat-responses-up-to-schools/article_20ec483f-6093-5d8c-9e2c-2a2f587204a4.html,819,ok
https://www.wccbcharlotte.com/2021/12/18/district-attorney-spencer-merriweather-talking-school-safety-as-fights-and-threats-in-schools-are-on-the-rise/,316,ok
https://www.13wmaz.com/article/news/nation-world/security-protocols-threat-responses-schools/507-67c45da5-9a93-43a0-b124-d47cd115c1ef,0,link is dead
https://www.uticaod.com/story/opinion/columnists/2021/12/17/tiktok-threats-schools-covid-weary-parents-need-break/8938668002/,1198,ok
https://www.wellsvilledaily.com/story/opinion/columnists/2021/12/17/tiktok-threats-schools-covid-weary-parents-need-break/8938668002/,0,link is dead
https://menafn.com/1103390271/FBI-investigating-TikTok-school-shooting-threat&source=138,0,link is dead
https://www.desmoinesregister.com/story/news/local/indianola/2021/12/17/norwalk-police-investigate-student-comment-tiktok-school-threat/8938661002/,464,ok
https://www.goshennews.com/indiana/news/15-year-old-charged-after-bomb-threat-at-peru-high-school/article_7b2c7f98-368d-5202-ba5e-43f43d14c454.html,0,link is dead
https://www.wausaudailyherald.com/story/news/education/2021/12/17/school-threats-tiktok-social-media/8945231002/,965,ok
https://www.naplesnews.com/story/news/local/2021/12/17/lee-county-sheriff-3-teens-arrested-after-threatening-violence-3-schools/8943852002/,423,ok
https://www.krtv.com/news/montana-and-regional-news/bomb-threat-triggers-evacuation-of-bigfork-high-school,245,ok
https://www.mynbc5.com/article/school-threats-in-vermont-deemed-not-credible/38554915,389,ok
https://www.firstcoastnews.com/article/news/education/my-kids-are-my-life-some-local-parents-keep-children-home-as-talk-of-school-threats-circulate-on-tiktok-aclocla-ross-the-country/77-aa561604-9fd8-446d-b7ae-5a5e23255fa8,0,link is dead
https://www.fox13news.com/news/florida-student-arrested-for-bringing-loaded-gun-to-high-school-amid-viral-tiktok-threats,479,ok
https://lancasteronline.com/news/local/lancaster-county-schools-remain-largely-untouched-by-threatening-tiktok-trend/article_841c5660-5fa1-11ec-9ef1-3fc55be478e0.html,0,link is dead
https://www.kxly.com/i/security-protocols-leave-threat-responses-up-to-schools/,0,link is dead
https://dentonrc.com/news/no-increase-in-police-at-denton-isd-schools-due-to-social-media-trend-threat/article_b852303e-d0b5-5892-a59b-6164438080e9.html,0,link is dead
https://www.somerset-kentucky.com/news/school-threat-coverage/poll_10ab671c-5f5a-11ec-8273-5fd073b30ac8.html,0,link is dead
https://www.willmarradio.com/news/tik-tok-challenge-results-in-threats-against-29-minnesota-schools/article_f6d1486e-6005-11ec-9a47-8bc6009d0e1f.html,0,link is dead
https://janayugomonline.com/tick-%E2%80%8B%E2%80%8Btok-threat-in-schools-of-united-states/,0,link is dead
https://www.summitdaily.com/news/crime/summit-school-district-warns-families-of-threatening-tiktok-challenge/,202,ok
https://www.koat.com/article/tiktok-threats-school-violence/38554839,306,ok
https://y105music.com/police-dubuque-school-threat-response/,196,ok
https://www.kpbs.org/news/local/2021/12/17/tik-tok-threats-deemed-not-credible-but-schools-and-police-still-on-alert,386,ok
https://www.wfmynews2.com/article/news/local/triad-parents-on-high-alert-over-national-school-threat-online-trend/83-5aab2e6b-f501-4339-b8a1-287b4e8ec6af,0,link is dead
https://www.dailyherald.com/news/20211217/authorities-denounce-school-threats-after-west-aurora-hoax,0,page opened but no article text
https://www.detroitnews.com/story/news/local/macomb-county/2021/12/13/3-warren-middle-schools-face-expulsion-over-threats-leader-says/6504345001/,251,ok
https://journalnow.com/news/national/security-protocols-leave-threat-responses-up-to-schools/article_c88f7ef7-9014-5258-b078-afbf182aebae.html,0,link is dead
https://www.kaaltv.com/national-news/security-protocols-leave-threat-responses-up-to-schools/6336480/?cat=10159,0,link is dead
https://independenttribune.com/news/national/security-protocols-leave-threat-responses-up-to-schools/article_5b380358-0f66-5248-a4b0-4c4b2aaeeaaa.html,0,link is dead
https://www.kare11.com/article/news/nation-world/security-protocols-threat-responses-schools/507-67c45da5-9a93-43a0-b124-d47cd115c1ef,0,link is dead
https://www.couriernews.com/news/national/security-protocols-leave-threat-responses-up-to-schools/article_d052771f-6488-50bd-93ab-b02bb8e22c4d.html,0,link is dead
https://www.msn.com/en-us/news/us/tiktok-responds-to-school-threats-made-on-their-platform/ar-AARWYS2,0,page opened but no article text
https://www.abc10.com/article/news/nation-world/security-protocols-threat-responses-schools/507-67c45da5-9a93-43a0-b124-d47cd115c1ef,0,link is dead
https://www.delawareonline.com/story/opinion/columnists/2021/12/17/tiktok-threats-schools-covid-weary-parents-need-break/8938668002/,1198,ok
https://www.businessinsider.com.au/sc-teen-charged-allegedly-threatened-to-shoot-at-school-authorities-2021-12,0,link is dead
https://www.thenews.com.pk/print/917721-us-schools-cancel-classes-after-threats-on-social-media,112,ok
https://www.wbal.com/article/546576/110/dhs-recommends-schools-remain-alert-amid-unfounded-threats-on-tiktok,0,link is dead
https://www.centralmaine.com/2021/12/17/augusta-public-schools-close-for-brief-lock-in-after-receiving-social-media-threat-unrelated-to-tiktok-trend/,404,ok
https://www.msn.com/en-us/news/us/south-carolina-high-school-student-charged-after-threatening-to-shoot-up-the-school/ar-AARVMB0,0,page opened but no article text
https://theperrynews.com/iowa-dps-issues-statement-on-school-threats/,0,page opened but no article text
https://shelterislandreporter.timesreview.com/2021/12/18/school-officials-tiktok-threats-aimed-at-students-were-a-hoax/,342,ok
https://www.msn.com/en-us/news/crime/peru-teen-faces-charges-for-school-bomb-threat/ar-AARWs7O,0,page opened but no article text
https://www.aspendailynews.com/associated_press/security-protocols-leave-threat-responses-up-to-schools/article_dc69bcc6-7b33-557e-abb8-5303aed56971.html,0,link is dead
https://tucson.com/news/national/security-protocols-leave-threat-responses-up-to-schools/article_40923e19-4e06-517e-8312-f9dc516564f0.html,0,link is dead
https://www.klkntv.com/i/security-protocols-leave-threat-responses-up-to-schools/,0,link is dead
https://www.fox43.com/article/news/nation-world/security-protocols-threat-responses-schools/507-67c45da5-9a93-43a0-b124-d47cd115c1ef,0,link is dead
https://lasvegassun.com/news/2021/dec/17/carson-city-schools-close-amid-threats-of-violence/,225,ok
https://indianewengland.com/2021/12/schools-across-us-cancel-classes-over-shooting-threats-on-tiktok/,0,link is dead
https://kstp.com/technology/29-school-threats-reported-friday-across-minnesota-as-school-leaders-monitor-nationwide-tiktok-challenge/6336110/,0,link is dead
https://klyq.com/tiktok-threat-resolved-in-corvallis-school-suspect-in-custody/,0,link is dead
https://www.laconiadailysun.com/news/state/a-quiet-day-for-concord-schools-amid-nationwide-online-threats/article_9440e934-51dc-11ec-a97f-630e865aec1f.html,0,link is dead
https://www.kgw.com/article/news/education/school-threats-tiktok/283-ff551ac9-428e-4519-be75-c3f9fb28347c,0,link is dead
https://qctimes.com/news/national/security-protocols-leave-threat-responses-up-to-schools/article_bf71443c-6f77-5575-a0bd-dc158ecf3ab1.html,0,link is dead
https://www.mankatofreepress.com/news/state_national_news/security-protocols-leave-threat-responses-up-to-schools/article_b645e0a4-9828-52d6-8e78-798c6ba6a5a1.html,0,link is dead
https://www.washtimesherald.com/news/national_news/security-protocols-leave-threat-responses-up-to-schools/article_fde2f83a-19aa-589f-a79c-3f1af95a01ef.html,0,link is dead
https://www.deseret.com/utah/2021/12/17/22843161/east-high-student-with-gun-arrested-as-schools-remain-on-alert-due-to-tiktok-trend-school-threats,728,ok
https://rapidcityjournal.com/news/local/education/update-iowa-students-charged-for-tiktok-threat-that-led-to-closure-of-rapid-city-schools/article_c2ab15ea-1fc8-581b-ac95-795e6334d610.html,0,link is dead
https://www.ketv.com/article/omaha-mom-keeps-son-home-school-tiktok-threats/38554827,396,ok
https://www.yumasun.com/news/yuhsd-district-one-crane-issue-joint-alert-on-school-threat-challenge/article_a8b0bcd4-5ec8-11ec-abcf-c7cf7852d87c.html,0,link is dead
https://www.smdailyjournal.com/news/local/boy-16-arrested-for-alleged-school-threat-in-millbrae/article_c396e8f8-5fa8-11ec-b85b-cb5d947dec9e.html,0,link is dead
https://eagle1023fm.com/police-dubuque-school-threat-response/,192,ok
https://www.kaaltv.com/rochester-minnesota-news/local-parents-concerns-over-viral-tiktok-threats-in-schools/6336231/?cat=10151,451,ok
https://www.lehighacrescitizen.com/2021/12/17/four-lee-students-arrested-accused-of-making-school-threats/,621,ok
https://www.wcpo.com/news/local-news/local-school-districts-are-on-high-alert-after-reported-social-media-threats,255,ok
https://buffalonews.com/news/national/security-protocols-leave-threat-responses-up-to-schools/article_9853d983-6736-556f-866b-d7c329e7b1b2.html,0,link is dead
https://theindependent.com/news/national/security-protocols-leave-threat-responses-up-to-schools/article_79e2d4d0-c930-503c-a636-166626d84029.html,0,link is dead
https://www.fox2detroit.com/news/st-clair-shores-middle-school-employee-arrested-for-making-threats,578,ok
https://www.wgrz.com/article/news/crime/2-juveniles-charged-making-terroristic-threats-against-gowanda-schools/71-c7139153-ab1b-4f92-ad76-43d6c3294f69,0,link is dead
https://www.khou.com/article/news/local/texas/threats-against-schools-14-total-arrests-made-north-texas/287-81cde1ec-ec52-4443-93f6-89a74d29264b,0,link is dead
https://www.unionleader.com/news/crime/litchfield-schools-evacuated-over-threats-police-say-threats-not-credible/article_9dca754d-bd6c-56ca-aba0-221d2f042760.html,0,link is dead
https://www.newsherald.com/story/news/crime/2021/12/17/bay-county-florida-schools-see-more-police-after-tiktok-threat/8938406002/,236,ok
https://www.wgbh.org/news/local-news/2021/12/17/an-uneasy-day-in-massachusetts-schools-following-vague-tiktok-threat,0,link is dead
https://www.providencejournal.com/story/news/crime/2021/12/17/woonsocket-police-arrest-2-minors-threats-three-schools/8945856002/,274,ok
https://www.caledonianrecord.com/news/local/nek-north-countryschools-law-enforcement-parents-respond-to-alleged-threats-with-heightened-security-and-decreased/article_fc62acef-3481-5828-bbfc-d94f810004e3.html,636,ok
https://www.postcrescent.com/story/news/education/2021/12/17/school-threats-tiktok-social-media/8945231002/,965,ok
https://www.x1071.com/2021/12/17/platteville-and-galena-schools-close-because-of-threat-of-violence/,0,link is dead
https://www.newspressnow.com/news/national_news/security-protocols-leave-threat-responses-up-to-schools/article_c644e2ad-176b-5300-8633-9a70422221b9.html,0,link is dead
https://www.stltoday.com/news/national/security-protocols-leave-threat-responses-up-to-schools/article_98d6cedd-6814-5dc3-80df-88ec25acdc1d.html,0,link is dead
https://dailyvoice.com/new-york/portchester/news/specific-threat-leads-to-shift-to-remote-learning-at-school-district-in-westchester/822106/,0,link is dead
https://www.recordonline.com/story/opinion/columnists/2021/12/17/tiktok-threats-schools-covid-weary-parents-need-break/8938668002/,1198,ok
https://www.kcci.com/article/central-iowa-parents-and-students-made-decisions-about-school-following-nationwide-threat/38556235,407,ok
https://www.latimes.com/world-nation/story/2021-12-18/security-protocols-leave-threat-responses-up-to-schools,1061,ok
https://www.pressherald.com/2021/12/18/security-protocols-leave-threat-responses-up-to-schools/,1146,ok
https://www.thetimes-tribune.com/news/education/lackawanna-county-schools-increased-police-presence-report-no-issues-after-tiktok-threat/article_c2dea375-3c86-5a07-a18f-d2f70004aa6e.html,0,link is dead
https://kstp.com/technology/29-school-threats-reported-friday-across-minnesota-as-school-leaders-monitor-nationwide-tiktok-challenge/6336110/?cat=12510,0,link is dead
https://www.kimt.com/news/northern-iowa-and-southern-minnesota-schools-receive-social-media-threats/article_2bb154a4-5f96-11ec-ab16-231da5fd1c86.html,0,link is dead
https://www.lockportjournal.com/news/local_news/tiktok-threats-draw-ire-of-local-school-police-officials/article_34a6f1a3-b3dc-5315-86d5-7dbbc9ddd043.html,628,ok
https://www.valdostadailytimes.com/news/national_international/security-protocols-leave-threat-responses-up-to-schools/article_7db3bf95-0605-546f-98e9-51b9ed8c6159.html,0,link is dead
https://www.mykxlg.com/news/national/security-protocols-leave-threat-responses-up-to-schools/article_2c8a089a-383f-5b48-b902-21fb97f63d9e.html,0,link is dead
https://www.mymotherlode.com/news/national/2200697/security-protocols-leave-threat-responses-up-to-schools.html,0,link is dead
https://muscatinejournal.com/muscatine/news/local/muscatine-schools-police-vigilant-after-nationwide-internet-threat/article_16f87789-9202-5240-ab72-689ddeffaa03.html,0,link is dead
https://www.msn.com/en-us/news/us/viral-tiktok-school-threat-rumors-students-arrested-nationwide-as-officials-track-down-social-media-posts/ar-AARWA39,0,page opened but no article text
https://www.oklahoman.com/story/news/2021/12/17/edmond-high-school-students-involved-threatening-text-messages/8928803002/,281,ok
https://www.ktvh.com/news/crime-and-courts/student-charged-following-corvallis-schools-threat,178,ok
https://journalstar.com/news/national/security-protocols-leave-threat-responses-up-to-schools/article_d20aaed1-1b84-5baf-8f2b-5ba54cffbc40.html,0,link is dead
https://www.wfmj.com/story/45483976/security-protocols-leave-threat-responses-up-to-schools,0,link is dead
https://www.postregister.com/news/national/security-protocols-leave-threat-responses-up-to-schools/article_aabe1e18-a4a9-59ed-b7ef-3cbd32c27e9f.html,0,link is dead
https://www.greensburgdailynews.com/news/nation_world/security-protocols-leave-threat-responses-up-to-schools/article_6f81f030-9a12-53d6-8229-d97b662f22e8.html,0,link is dead
https://www.record-eagle.com/state/security-protocols-leave-threat-responses-up-to-schools/article_c255ae07-d3a6-5ec6-9332-4c5fba65ca85.html,0,link is dead
https://www.wfaa.com/article/news/local/juvenile-student-arrested-for-making-terroristic-threat-on-social-media-against-rockwall-high-school-police-say/287-f1a8c9bf-7acc-4196-82e6-0d085b3b2292,0,link is dead
http://www.news9.com/story/61bcb52b047d300c145657c9/local-school-districts-adding-extra-security-due-to-tiktok-threat,230,ok
https://www.wgal.com/article/lancaster-county-school-districts-react-to-nationwide-safety-threat-made-on-tiktok/38555496,101,ok
https://www.abccolumbia.com/2021/12/17/lcsd-high-school-student-accused-of-making-threat-against-students-at-his-school/,214,ok
https://963theblaze.com/tiktok-threat-resolved-in-corvallis-school-suspect-in-custody/,210,ok
https://www.msn.com/en-us/news/us/school-threats-in-vermont-deemed-not-credible/ar-AARVVVT,0,page opened but no article text
https://i95rock.com/ct-first-responders-react-to-social-media-craze-threatening-school-violence/,256,ok
https://www.kpax.com/news/crime-and-courts/student-charged-following-corvallis-schools-threat,178,ok
https://www.blufftontoday.com/story/news/2021/12/17/jasper-county-schools-others-respond-national-social-media-threat/8939552002/,364,ok
https://theindependent.com/news/local/two-elementary-students-accused-of-threatening-grand-island-school-resource-officer/article_29d58cba-5ff8-11ec-8abf-a3ccec883cdb.html,0,link is dead
https://www.recorderonline.com/news/national_news/security-protocols-leave-threat-responses-up-to-schools/article_644fe515-6492-573a-b8fd-b54bb66b72ec.html,0,link is dead
https://www.fox61.com/article/news/nation-world/security-protocols-threat-responses-schools/507-67c45da5-9a93-43a0-b124-d47cd115c1ef,0,link is dead
https://www.13newsnow.com/article/news/community/tiktok-trends-school-threats/291-a84af3f7-53c8-4045-8327-c019ab818f09,0,link is dead
https://www.courierpostonline.com/story/news/local/south-jersey/2021/12/17/sj-school-districts-see-attendance-dips-amid-viral-national-tiktok-school-threat/8944066002/,782,ok
https://www.cbs46.com/news/lambert-high-school-student-in-forsyth-county-arrested-for-making-threat-against-students/article_1a5ee094-5f6f-11ec-8966-67f92d6c4dcd.html,0,link is dead
https://thebeatofthecapital.com/2021/12/17/madison-county-schools-increase-security-after-tiktok-school-threat/,117,ok
https://www.fox4news.com/news/frisco-police-arrest-7-students-for-recent-school-threats,105,ok
https://www.wfaa.com/article/news/education/threats-against-schools-14-total-arrests-made-north-texas/287-81cde1ec-ec52-4443-93f6-89a74d29264b,0,link is dead
https://www.wthr.com/article/news/crime/peru-teen-faces-intimidation-false-reporting-charges-for-school-bomb-threat/531-8280c506-3a2d-4e16-b829-929e3c944513,0,link is dead
https://www.kdrv.com/content/news/Threats-of-school-violence-are-not-a-joke-District-Attorneys-office-says-that-TikTok-trend-could-result-in-prosecution-575938941.html,0,link is dead
https://www.heraldstandard.com/news/local_news/area-school-districts-respond-to-tiktok-threat/article_3d735e64-5ebd-11ec-80ef-8342403449b9.html,0,link is dead
http://www.khits.com/story/61bcf32146a8260c0f6467b5/schools-on-alert-but-no-credible-threat-after-tiktok-trend,0,link is dead
https://q957.com/2021/12/17/sfpd-did-not-find-tiktok-school-violence-threat-credible/,73,ok
https://wdbqam.com/police-dubuque-school-threat-response/,192,ok
https://www.kbzk.com/news/crime-courts/student-charged-following-corvallis-schools-threat,178,ok
https://www.nny360.com/communitynews/education/more-social-media-threats-unsubstantiated-at-ogdensburg-city-school-district/article_0054435d-4c0f-5266-aa99-9f807fa6e99e.html,0,link is dead
https://www.abc23.com/newspost/tik-tok-school-threat/,0,link is dead
https://www.golocalprov.com/news/new-due-to-shooting-threat-barrington-high-school-could-move-to-distance-le,466,ok
https://www.sandiegouniontribune.com/news/nation-world/story/2021-12-18/security-protocols-leave-threat-responses-up-to-schools,1007,ok
https://wtmj.com/national/2021/12/18/security-protocols-leave-threat-responses-up-to-schools/,0,link is dead
https://www.12newsnow.com/article/news/nation-world/security-protocols-threat-responses-schools/507-67c45da5-9a93-43a0-b124-d47cd115c1ef,0,link is dead
https://www.redding.com/story/news/2021/12/16/there-heightened-security-schools-friday-after-threats-potential-school-violence-circulate-social-me/8934687002/,232,ok
https://www.tcpalm.com/story/news/crime/st-lucie-county/2021/12/17/more-security-treasure-coast-schools-after-threats-across-country/8937484002/,643,ok
https://www.kokomotribune.com/news/15-year-old-charged-after-bomb-threat-at-peru-high-school/article_e7c1d80e-5f72-11ec-b505-2baddbab6aa0.html,0,link is dead
https://www.9and10news.com/2021/12/17/student-faces-charge-of-making-threat-towards-sault-area-middle-school/,159,ok
https://www.wishtv.com/news/crime-watch-8/student-arrested-for-making-bomb-threat-at-peru-high-school/,99,ok
https://www.theday.com/policefirecourts/20211218/14-year-old-charged-in-threat-reported-by-griswold-high-school,0,link is dead
https://www.providencejournal.com/story/news/education/2021/12/18/rhode-island-professor-identifying-credible-school-threats-no-easy-task/8942240002/,845,ok
https://www.ifiberone.com/south_sound/news/national_news/security-protocols-leave-threat-responses-up-to-schools/article_8281dcb5-69ca-54e6-ad04-1b7839e7b958.html,0,link is dead
http://www.bigcountry995.com/story/61be64d61335a70c15e96916/security-protocols-leave-threat-responses-up-to-schools,0,link is dead
https://www.mpnnow.com/story/opinion/columnists/2021/12/17/tiktok-threats-schools-covid-weary-parents-need-break/8938668002/,1198,ok
https://www.nbcdfw.com/news/local/7-frisco-students-arrested-after-threats-made-against-school-campuses/2841422/,257,ok
https://www.x1071.com/2021/12/17/dubuque-student-charged-with-making-school-threat/,0,link is dead
https://www.wfmz.com/news/area/lehighvalley/emmaus-high-school-dismisses-early-after-threatening-messages-circulate-on-social-media/article_b368b19a-5f5e-11ec-ab82-23c9113d7ee9.html,0,link is dead
https://dailyvoice.com/new-york/whiteplains/news/specific-threat-leads-to-shift-to-remote-learning-at-school-district-in-westchester/822106/,0,link is dead
https://www.wkbw.com/news/local-news/no-credible-threat-against-schools,419,ok
https://www.burlingtonfreepress.com/story/news/local/2021/12/17/tiktok-school-threat-vt-police-education-officials-monitor-social-media-trend/8937324002/,407,ok
https://www.kaaltv.com/rochester-minnesota-news/local-parents-concerns-over-viral-tiktok-threats-in-schools/6336231/,451,ok
https://www.thecabin.net/news/tiktok-trend-linked-to-the-increase-in-school-threats/article_e3d7f898-9465-5bf8-b7f5-d3168723d53d.html,0,link is dead
https://www.klif.com/2021/12/17/schools-step-up-security-in-response-to-threats-on-tiktok/,127,ok
https://www.wfaa.com/article/news/nation-world/security-protocols-threat-responses-schools/507-67c45da5-9a93-43a0-b124-d47cd115c1ef,0,link is dead
https://kearneyhub.com/news/national/security-protocols-leave-threat-responses-up-to-schools/article_f51c2f19-a40c-568b-a0d6-d47981a008f3.html,0,link is dead
https://www.wzzm13.com/article/news/nation-world/security-protocols-threat-responses-schools/507-67c45da5-9a93-43a0-b124-d47cd115c1ef,0,link is dead
https://www.bgdailynews.com/news/state/security-protocols-leave-threat-responses-up-to-schools/article_9ce1be69-350c-5311-978d-5daa45703ce1.html,0,link is dead
https://www.ivpressonline.com/news/nation/security-protocols-leave-threat-responses-up-to-schools/article_93650c5e-c0ed-569e-855f-54a0c202c732.html,0,link is dead
https://www.bakersfield.com/ap/national/security-protocols-leave-threat-responses-up-to-schools/article_90b9ea08-8c99-53c1-8798-e44b62f97606.html,0,link is dead
https://www.caledonianrecord.com/news/local/profile-school-closed-friday-following-credible-social-media-threat/article_479fce50-a2ae-5db6-bc1e-362e1a263654.html,0,link is dead
https://www.greensburgdailynews.com/indiana/news/15-year-old-charged-after-bomb-threat-at-peru-high-school/article_13fb2873-03d9-561f-8560-80c67b60d1a0.html,0,link is dead
https://kbgo.iheart.com/content/2021-12-17-centex-schools-increase-police-presence-due-to-nationwide-tiktok-threat/,126,ok
http://www.great98.net/2021/12/17/12-17-21-area-law-enforcement-steps-up-presence-at-schools-following-tik-tok-threat/,0,page opened but no article text
http://www.bigcountry995.com/story/61bcf32146a8260c0f6467b5/schools-on-alert-but-no-credible-threat-after-tiktok-trend,0,link is dead
https://www.kxxv.com/news/national/schools-step-up-security-in-response-to-threats-on-tiktok,629,ok
https://www.kvoa.com/news/unverified-tiktok-threats-put-schools-on-edge-across-nation/article_c893ad08-5fa0-11ec-9139-8f844258fa5e.html,0,link is dead
https://dailyvoice.com/new-york/putnam/news/hudson-valley-school-district-shifts-to-remote-learning-after-threat/822106/,0,link is dead
https://www.msn.com/en-us/news/us/utah-officials-urge-social-media-monitoring-after-school-threats/ar-AARVX5v,0,page opened but no article text
https://www.newsbreak.com/news/2463723641739/schools-nationwide-increase-security-in-response-to-tiktok-threats,384,ok
https://dailyprogress.com/news/national/security-protocols-leave-threat-responses-up-to-schools/article_f4437952-0fc1-5699-8320-6084c9acee3d.html,0,link is dead
https://www.news8000.com/i/security-protocols-leave-threat-responses-up-to-schools/,0,link is dead
https://www.abc57.com/news/wawasee-high-school-students-sent-home-early-following-threat-12-18-21,364,ok
https://www.washtimesherald.com/indiana/news/15-year-old-charged-after-bomb-threat-at-peru-high-school/article_e1f572ad-8647-5094-a218-2b76aa53baf0.html,0,link is dead
https://www.tribstar.com/indiana/news/15-year-old-charged-after-bomb-threat-at-peru-high-school/article_3b826749-09f8-55ef-8bfe-e602abe11def.html,0,link is dead
http://www.mcall.com/news/local/mc-nws-lehigh-schools-tiktok-threats-20211218-jmjicbsld5cphkjufwo43y6kai-story.html,911,ok
https://www.wlwt.com/article/see-something-say-something-programs-tested-by-social-media-school-threats/38554753,259,ok
https://www.montanarightnow.com/missoula/corvallis-school-district-student-charged-following-investigation-into-a-potential-threat-toward-the-schools/article_f58a5608-5f88-11ec-aa87-0b962fc4fdac.html,105,ok
https://www.wxxinews.org/2021-12-17/tiktok-challenge-threatening-school-violence-deemed-not-credible-experts-say-it-still-takes-toll-on-childrens-mental-health,533,ok
https://www.msn.com/en-us/news/us/police-arrest-teen-after-hoax-threat-to-franklin-high-school/ar-AARVTa0,0,page opened but no article text
https://www.nbcdfw.com/news/local/3-students-arrested-for-threats-against-lewisville-isd-schools/2841556/,151,ok
https://www.thewesterlysun.com/news/state/security-protocols-leave-threat-responses-up-to-schools/article_0e7170c1-eb45-5ffd-85b6-ad2c0b969478.html,0,link is dead
https://www.wcnc.com/article/news/nation-world/security-protocols-threat-responses-schools/507-67c45da5-9a93-43a0-b124-d47cd115c1ef,0,link is dead
https://oanow.com/news/national/security-protocols-leave-threat-responses-up-to-schools/article_a378c2d7-6bb6-5feb-8ecb-70eef659a07e.html,0,link is dead
https://mynorthwest.com/3286916/security-protocols-leave-threat-responses-up-to-schools/,0,link is dead
https://www.eveningtribune.com/story/opinion/columnists/2021/12/17/tiktok-threats-schools-covid-weary-parents-need-break/8938668002/,1198,ok
https://qconline.com/news/local/education/quad-cities-school-districts-increase-vigilance-friday-because-of-nationally-circulating-online-threats-of-school/article_f0e4b15e-bf6c-541a-b213-6dada5876393.html,0,link is dead
https://www.sentinelassam.com/international/schools-across-us-cancel-classes-over-shooting-threats-on-tiktok-568507,310,ok
https://www.msn.com/en-us/news/politics/take-2-podcast-school-threats-failing-municipal-equality-ratings/ar-AARVJXF,0,page opened but no article text
https://www.heraldtribune.com/story/news/local/2021/12/17/viral-social-media-trend-leads-threats-pouring-into-schools/8937771002/,383,ok
https://wnyt.com/troy-new-york-news/some-local-schools-close-go-remote-amid-tiktok-threat-whitehall-averill-park-/6335634/?cat=10464,0,link is dead
https://www.ktvq.com/news/crime-watch/student-charged-following-corvallis-schools-threat,178,ok
https://www.thehawkeye.com/story/news/2021/12/17/burlington-schools-students-skip-class-after-viral-shooting-threat-tiktok/8938590002/,509,ok
https://www.channel3000.com/i/security-protocols-leave-threat-responses-up-to-schools/,0,link is dead
https://www.heraldbulletin.com/news/nation_world/security-protocols-leave-threat-responses-up-to-schools/article_cf5dba16-67fb-59f9-a0bc-54467e2fd02c.html,0,link is dead
https://muscatinejournal.com/news/national/security-protocols-leave-threat-responses-up-to-schools/article_d2f5a86d-9c66-5eb4-8710-5e3b5e1a68ae.html,0,link is dead
https://www.localmemphis.com/article/news/nation-world/security-protocols-threat-responses-schools/507-67c45da5-9a93-43a0-b124-d47cd115c1ef,0,link is dead
https://www.gjsentinel.com/news/us/security-protocols-leave-threat-responses-up-to-schools/article_19ea764d-5a6b-54fb-b389-4a5a662248de.html,0,link is dead
https://www.wkyc.com/article/news/education/security-protocols-threat-responses-schools/507-67c45da5-9a93-43a0-b124-d47cd115c1ef,0,link is dead
https://www.thestranger.com/slog/2021/12/17/63982548/seattle-school-district-disappoints-teachers-with-messy-response-to-threats,1140,ok
https://www.elkharttruth.com/news/school-threats-not-taken-lightly/article_04c32f71-da55-528f-871c-ba39d4cc7503.html,0,link is dead
https://www.timesdaily.com/news/nation/security-protocols-leave-threat-responses-up-to-schools/article_697007e1-7892-58b6-ae08-49df4981dac8.html,0,link is dead
https://www.wkbw.com/news/local-news/two-14-year-old-students-charged-with-making-terroristic-threats-against-gowanda-schools,96,ok
https://www.abqjournal.com/2455452/security-protocols-leave-threat-responses-up-to-schools.html,0,link is dead
https://www.msn.com/en-us/news/us/enough-is-enough-school-threats-must-be-curbed/ar-AARXCuO,0,page opened but no article text
https://japanese.engadget.com/tiktok-threats-force-schools-close-044026394.html,0,link is dead
https://kdat.com/school-violence-threats-iowa-charges/,534,ok
https://www.businessinsider.com.au/michigan-middle-school-employee-arrested-accused-of-making-threats-2021-12,0,link is dead
https://www.ksl.com/article/50314525/safeut-app-helps-parents-students-and-schools-during-safety-threats,495,ok
https://www.wfmz.com/news/teen-facing-charges-after-allegedly-making-threats-involving-emmaus-high-school/article_7216c2be-6057-11ec-9195-4b44b3dfa169.html,0,link is dead
https://www.lenconnect.com/story/news/2021/12/18/security-schools-heightened-after-tiktok-social-media-threats/8937739002/,604,ok
https://www.fox32chicago.com/news/burbank-boy-15-charged-for-threatening-shootings-at-suburban-high-schools-police,153,ok
https://dvhn.nl/groningen/Hanze-Hogeschool-en-Rijksuniversiteit-Groningen-stappen-noodgedwongen-over-op-online-onderwijs-door-lockdown.-Het-valt-ons-zwaar-we-maken-ons-zorgen-over-studenten-en-medewerkers-27349830.html,0,link is dead
http://www.khits.com/story/61be64d61335a70c15e96916/security-protocols-leave-threat-responses-up-to-schools,0,link is dead
https://www.great98.net/2021/12/17/12-17-21-area-law-enforcement-steps-up-presence-at-schools-following-tik-tok-threat/,0,page opened but no article text
https://www.leadertelegram.com/news/daily-updates/cf-schools-closed-friday-after-online-threat/article_5d1f46b2-83c9-5004-88a8-7c63482d4f76.html,0,link is dead
https://1075zoofm.com/tiktok-threat-resolved-in-corvallis-school-suspect-in-custody/,210,ok
https://www.stardem.com/news/local_news/online-misinformation-sparks-and-inflates-recent-school-threats-across-mid-shore/article_21eacdf7-07ce-55ed-8571-0267cd20af03.html,1385,ok
https://www.thechronicleonline.com/news/most-viewed-school-threats-2-separate-incidents-this-week-in-columbia-county/article_0623165e-590c-11ec-b01e-8b5098d63621.html,0,link is dead
https://www.ksl.com/article/50314525/safeut-app-helps-utah-parents-students-and-schools-during-safety-threats,495,ok
http://www.mcall.com/news/breaking/mc-nws-emmaus-high-school-terroristic-threats-20211219-gqosnuvi7vfd7m2a2tdnztgyom-story.html,284,ok
https://dailyvoice.com/new-york/harrison/schools/westchester-county-local-police-caution-of-school-threats-made-on-tiktok/822079/,0,link is dead
https://bringmethenews.com/minnesota-news/watertown-middle-school-13-year-old-detained-after-threatening-to-shoot-students-in-response-to-tiktok-trend,0,link is dead
https://www.arkansasonline.com/news/2021/dec/19/school-leaders-bear-weight-of-gauging-threats/,904,ok
https://dailyvoice.com/new-york/bedford/news/specific-threat-leads-to-shift-to-remote-learning-at-school-district-in-westchester/822106/,0,link is dead
https://dailyvoice.com/new-york/peekskill/news/specific-threat-leads-to-shift-to-remote-learning-at-school-district-in-westchester/822106/,0,link is dead
https://www.deadlinedetroit.com/articles/29499/st_clair_shores_middle_school_teacher_arrested_after_allegedly_threatening_school_violence,219,ok
https://afn.net/ap/united-states/security-protocols-leave-threat-responses-up-to-schools/,0,link is dead
https://kiwaradio.com/local-news/update-a-dozen-iowa-students-face-charges-for-alleged-threats-of-school-violence/,0,link is dead
https://dailyvoice.com/new-york/scarsdale/schools/westchester-county-local-police-caution-of-school-threats-made-on-tiktok/822079/,0,link is dead
http://www.thebulltulsa.com/story/61be64d61335a70c15e96916/security-protocols-leave-threat-responses-up-to-schools,0,link is dead
https://www.oann.com/schools-across-u-s-close-amid-alleged-school-shooting-threats-on-tiktok/,0,link is dead
https://dailyvoice.com/new-york/eastchester/news/specific-threat-leads-to-shift-to-remote-learning-at-school-district-in-westchester/822106/,0,link is dead
https://www.thewesterlysun.com/news/latest-news/security-protocols-leave-threat-responses-up-to-schools/article_0e7170c1-eb45-5ffd-85b6-ad2c0b969478.html,0,link is dead
https://foreignaffairs.co.nz/2021/12/19/mil-osi-china-social-media-threat-of-nationwide-school-shooting-proves-uncredible-us-authorities/,34,ok
https://www.unionleader.com/news/crime/litchfield-schools-evacuated-over-threats-police-say-threats-not-credible/article_68938fff-e6a4-5fb5-844d-f3bbdc5cb519.html,0,link is dead
https://dailyvoice.com/new-york/whiteplains/schools/westchester-county-local-police-caution-of-school-threats-made-on-tiktok/822079/,0,link is dead
https://www.pressherald.com/2021/12/19/vague-threat-prompts-extra-security-at-philip-w-sugg-school/,260,ok
https://khak.com/school-violence-threats-iowa-charges/,534,ok
https://www.lcsun-news.com/story/news/education/2021/12/19/how-las-cruces-school-security-has-changed-recent-years-school-shooting-threats/8929153002/,1345,ok
https://www.rgj.com/story/news/2021/12/17/wcsd-schools-shut-down-national-shoot-up-your-school-day-threat/8939687002/,308,ok
https://www.wisconsinrapidstribune.com/story/news/education/2021/12/17/school-threats-tiktok-social-media/8945231002/,965,ok
https://www.krtv.com/news/crime-and-courts/student-charged-following-threat-to-corvallis-schools,182,ok
https://www.lockportjournal.com/news/security-protocols-leave-threat-responses-up-to-schools/article_30cd3879-a541-5151-a5a6-5d84c01878b0.html,0,link is dead
https://www.stevenspointjournal.com/story/news/education/2021/12/17/school-threats-tiktok-social-media/8945231002/,965,ok
https://koel.com/school-violence-threats-iowa-charges/,534,ok
https://yorknewstimes.com/news/state-and-regional/crime-and-courts/two-elementary-students-accused-of-threatening-grand-island-school-resource-officer/article_96b8630f-e329-5f01-be4e-6aad5260ecb8.html,0,link is dead
https://pakobserver.net/street-children-give-innovative-response-to-schools-closure-due-to-lockdown/,0,page opened but no article text
https://dailyvoice.com/new-york/scarsdale/news/specific-threat-leads-to-shift-to-remote-learning-at-school-district-in-westchester/822106/,0,link is dead
https://newsradiori.iheart.com/content/2021-12-20-threat-forces-remote-learning-for-barrington-high-school/,66,ok
https://www.thecalifornian.com/story/news/2021/12/17/tiktok-violence-threats-schools-united-states-security/8940830002/,1169,ok
https://www.norwichbulletin.com/story/news/2021/12/20/security-protocols-leave-threat-responses-up-schools/8966721002/,1015,ok
https://journalstar.com/news/state-and-regional/crime-and-courts/two-elementary-students-accused-of-threatening-grand-island-school-resource-officer/article_8e1ff067-a0d8-5662-a82e-0d42519b011e.html,0,link is dead
https://thejewishnews.com/2021/12/20/threats-of-violence-cause-school-closures-and-lockdowns/,0,link is dead
https://www.newsleader.com/story/news/2021/12/16/tiktok-post-threatens-schools-nationwide-per-augusta-county-and-staunton-schools/8931586002/,295,ok
https://www.pineandlakes.com/news/7327531-Brainerd-police-arrest-2-juveniles-for-threatening-school-violence,348,ok
https://www.newsweek.com/white-house-has-no-intention-lockdowns-wants-keep-schools-open-omicron-surges-1661360,457,ok
https://wbckfm.com/michigan-teacher-arrested-for-making-threats-attempting-to-cancel-school/,445,ok
https://krna.com/threats-of-school-violence-lead-to-charges-for-12-iowa-students/,534,ok
https://kcrr.com/school-violence-threats-iowa-charges/,534,ok
https://www.mykxlg.com/news/local/watertown-school-district-locked-down-from-a-student-email-threat/article_9fb272dc-61b9-11ec-bab6-8b47347876e2.html,0,link is dead
https://www.wcjc.com/2021/12/20/peru-high-school-student-arrested-amid-bomb-threat/,0,link is dead
https://punchng.com/niger-primary-school-teachers-threaten-strike-over-salary-adjustment/,259,ok
https://hot1047.com/school-violence-threats-iowa-charges/,519,ok
https://975now.com/michigan-teacher-arrested-for-making-threats-attempting-to-cancel-school/,475,ok
https://www.gainesville.com/story/news/education/2021/12/19/threat-assessment-teams-alachua-county-schools-focus-prevention/8909524002/,0,link is dead
https://www.kulr8.com/crime/great-falls-police-department-receives-possible-threat-to-north-middle-school/article_09d07b80-6149-11ec-af76-c366706db66c.html,105,ok
https://www.nbcconnecticut.com/news/local/minor-accused-of-reposting-threat-about-bristol-school-on-social-media/2675644/,152,ok
https://wcrz.com/michigan-teacher-arrested-for-making-threats-attempting-to-cancel-school/,475,ok
https://www.wiredprnews.com/three-texas-students-are-arrested-over-snapchat-threats-to-schools-press-release/,0,link is dead
https://news.yahoo.com/kcso-responds-school-threats-081200936.html,414,ok
https://www.providencejournal.com/story/news/2021/12/19/barrington-ri-high-school-goes-remote-as-threat-investigation-continues/8961958002/,259,ok
https://www.salemnews.com/region/security-protocols-leave-threat-responses-up-to-schools/article_d46755dd-4cbd-5c20-8952-f01eb45cb801.html,0,link is dead
https://94hjy.iheart.com/content/2021-12-20-threat-forces-remote-learning-for-barrington-high-school/,66,ok
https://wlkm.com/2021/12/threats-result-in-school-closings/,114,ok
https://www.kuer.org/news/2021-12-20/social-media-threats-cause-uproar-at-utah-schools,546,ok
https://www.golocalprov.com/news/new-barrington-high-school-moves-to-distance-learning-after-shooting-threat,451,ok
https://starherald.com/news/state-and-regional/crime-and-courts/two-elementary-students-accused-of-threatening-grand-island-school-resource-officer/article_832c8a6d-0aca-5c8a-bef0-63e902a44f66.html,0,link is dead
https://www.valdostadailytimes.com/news/local_news/teen-charged-in-valdosta-school-threats/article_5cb5a9ff-97dc-5745-8ee5-a19bcb7dee62.html,263,ok
https://kearneyhub.com/news/state-and-regional/crime-and-courts/two-elementary-students-accused-of-threatening-grand-island-school-resource-officer/article_652d59d8-f571-5168-98b4-483ef8edf19e.html,0,link is dead
https://www.fox29.com/news/new-jersey-child-12-accused-of-posting-school-shooting-threats-on-social-media,295,ok
https://www.cincinnati.com/story/news/crime/2021/12/20/police-teen-posted-school-threat-tiktok-snapchat/8970662002/,143,ok
https://kfgo.com/2021/12/20/13-year-old-middle-school-student-detained-for-making-threat/,86,ok
http://www.newbritainherald.com/NBH-General+News/399916/security-protocols-leave-threat-responses-up-to-schools,0,link is dead
https://www.msn.com/en-us/news/us/michigan-middle-school-employee-arrested-accused-of-leaving-threatening-notes/ar-AAS0a2u,0,page opened but no article text
https://lexch.com/news/state-and-regional/crime-and-courts/two-elementary-students-accused-of-threatening-grand-island-school-resource-officer/article_b58ac75f-b12a-5778-930d-8b66f6c5fc73.html,0,link is dead
https://club937.com/michigan-teacher-arrested-for-making-threats-attempting-to-cancel-school/,475,ok
https://www.wzzm13.com/article/news/local/muskegon-middle-schooler-charged-for-making-threats/69-f31c6d48-4164-46ed-890b-9f27d89b38c3,0,link is dead
https://www.wfyi.org/news/articles/gun-violence-threats-indiana-schools,1041,ok
https://www.abc57.com/news/warsaw-police-investigate-threat-against-tippecanoe-valley-schools-warsaw-community-schools,118,ok
https://y94.com/2021/12/20/13-year-old-middle-school-student-detained-for-making-threat/,85,ok
https://nptelegraph.com/news/state-and-regional/crime-and-courts/two-elementary-students-accused-of-threatening-grand-island-school-resource-officer/article_98afd8bd-0327-5acd-ba48-16105eba500e.html,0,link is dead
https://943jackfm.com/2021/12/20/students-at-green-bay-east-high-school-placed-in-brief-lockdown/,108,ok
https://wtaq.com/2021/12/20/students-at-green-bay-east-high-school-placed-in-brief-lockdown/,109,ok
https://beatricedailysun.com/news/state-and-regional/crime-and-courts/two-elementary-students-accused-of-threatening-grand-island-school-resource-officer/article_06c233e1-f471-53f6-843e-bf4c9bb09345.html,798,ok
https://www.9and10news.com/2021/12/20/teacher-charged-with-making-false-threat-against-school/,189,ok
https://www.goshennews.com/news/kcso-responds-to-school-threats/article_223731a4-6109-11ec-81e1-8bb041d93461.html,0,link is dead
https://www.wlwt.com/article/13-year-old-arrested-for-allegedly-making-shooting-threat-toward-lakota-junior-high-school/38570189,164,ok
https://zeenews.india.com/gujarat/omicron-threat-covid-19-no-plan-to-close-schools-for-now-says-gujarat-health-minister-2420858.html,203,ok
https://www.greatfallstribune.com/story/news/crime/2021/12/20/no-imminent-threat-to-north-middle-school-after-gfpd-investigation/44522871007/,147,ok
https://techxplore.com/news/2021-12-alleged-tiktok-school-threats-app.html,622,ok
https://wncy.com/2021/12/20/students-at-green-bay-east-high-school-placed-in-brief-lockdown/,108,ok
http://www.inklingsnews.com/news/2021/12/17/vague-threats-concerning-connecticut-public-schools-prompts-panic-among-school-administrators-families/,0,page opened but no article text
https://www.kcra.com/article/lodi-teen-arrested-for-alleged-school-threat/38571537,240,ok
https://duke.fm/2021/12/20/students-at-green-bay-east-high-school-placed-in-brief-lockdown/,108,ok
https://www.candgnews.com/news/police-chiefs-advise-on-school-threats-what-residents-can-do-122333,0,link is dead
https://www.wxyz.com/news/another-juvenile-charged-in-school-threat-case-in-wayne-county,76,ok
https://wjimam.com/michigan-teacher-arrested-for-making-threats-attempting-to-cancel-school/,475,ok
https://dailyvoice.com/new-york/greenburgh/news/specific-threat-leads-to-shift-to-remote-learning-at-school-district-in-westchester/822106/,0,link is dead
https://banana1015.com/michigan-teacher-arrested-for-making-threats-attempting-to-cancel-school/,475,ok
https://www.stripes.com/theaters/us/2021-12-20/school-threats-social-media-hoaxes-investigations-4039014.html,1803,ok
https://nj1015.com/maple-shade-nj-police-bust-12-year-old-for-online-school-threats/,359,ok
https://www.abc57.com/news/mishawaka-high-school-moves-to-remote-learning-due-to-threat,178,ok
https://oswegocountytoday.com/lead-story/three-detained-in-citi-boces-parking-lot-following-social-media-threat-of-school-shooting/,375,ok
https://starlocalmedia.com/lewisvilleleader/news/three-lewisville-students-arrested-in-connection-with-terroristic-threats-to-lewisville-isd-schools/article_c8fbd7f6-61b3-11ec-b10b-bf134b02611a.html,0,link is dead
https://www.bedfordgazette.com/ap/national/security-protocols-leave-threat-responses-up-to-schools/article_7128f921-13f7-5786-883f-f911466262cf.html,0,link is dead
https://www.usatoday.com/story/news/education/2021/12/20/michigan-middle-school-staff-arrested-threats/8972803002/,465,ok
https://740thefan.com/2021/12/20/13-year-old-middle-school-student-detained-for-making-threat/,85,ok
https://www.vtcng.com/shelburnenews/news_and_citizen/news/local_news/hope-is-in-school-officer-will-curb-assaults-threats/article_2c016026-5e87-11ec-b8f8-57eaef854368.html,0,link is dead
https://www.nbcnews.com/science/science-news/lockdowns-school-closures-unlikely-omicron-wave-experts-say-rcna9387,1097,ok
https://sheridanmedia.com/news/93566/no-violence-seen-at-wyoming-schools-after-threats-circulate-online/,545,ok
https://www.candgnews.com/news/shores-school-employee-arrested-for-allegedly-leaving-threatening-notes--122360,0,link is dead
https://us103.com/michigan-teacher-arrested-for-making-threats-attempting-to-cancel-school/,475,ok
https://943jackfm.com/2021/12/20/like-an-airport-green-bay-superintendent-talks-enhanced-security-amid-school-threats/,272,ok
https://www.pressdemocrat.com/article/news/school-threats-and-social-media-hoaxes-are-forcing-closures-time-consuming/,1705,ok
https://wixx.com/2021/12/20/students-at-green-bay-east-high-school-placed-in-brief-lockdown/,108,ok
https://www.fox61.com/article/news/local/hartford-county/bristol/juvenile-arrest-social-media-threat-bristol-school-connecticut/520-1b714df9-d2a3-44c1-abdc-6ab2e92dee85,0,link is dead
https://www.insider.com/michigan-middle-school-employee-arrested-accused-of-making-threats-2021-12,339,ok
https://now933fm.iheart.com/content/2021-12-20-threat-forces-remote-learning-for-barrington-high-school/,66,ok
http://www.mcall.com/news/local/mc-nws-emmaus-high-school-threats-20211219-kgcjln6vnnhnjdkfk3xjjp5gai-story.html,365,ok
https://www.pressenterpriseonline.com/daily/122021/page/4/story/security-protocols-put-threat-response-up-to-schools,0,link is dead
https://www.wibc.com/news/local-indiana/student-arrested-for-making-bomb-threat-at-peru-high-school/,172,ok
https://woodradio.iheart.com/content/2021-12-20-muskegon-co-student-charged-with-threatening-to-shoot-up-ca-school/,75,ok
https://www.niagara-gazette.com/news/local_news/tiktok-threats-draw-ire-from-local-school-police-officials/article_4e28eea8-2bf8-5c1f-991f-fd9c4a3027cb.html,622,ok
https://dailyvoice.com/connecticut/darien/news/social-media-threat-targeting-schools-under-investigation-in-fairfield-county/822332/,0,link is dead
https://gazette.com/news/art-teacher-arrested-after-allegedly-spreading-terrorist-threats-in-middle-school/article_75b81add-3c24-542c-b56c-836a01c88535.html,0,link is dead
https://www.caledonianrecord.com/news/local/police-toy-gun-used-in-profile-school-threat/article_29418060-ec0f-54d4-9c8d-72a6f825318a.html,0,link is dead
https://lancasteronline.com/opinion/editorials/tiktok-challenge-might-not-have-been-so-unnerving-if-the-threat-of-school-violence-wasnt/article_c1882fb0-61fe-11ec-8754-4b3a97aa9655.html,0,link is dead
https://www.conwaydailysun.com/berlin_sun/berlin_sun/news/local/school-district-takes-steps-to-protect-students-from-online-threats/article_185520c2-61b0-11ec-bd9c-8b92ac9cd6b3.html,1237,ok
https://ottawa.ctvnews.ca/six-youth-investigated-by-ottawa-police-following-threats-against-local-schools-1.5714638,238,ok
https://county17.com/2021/12/20/csd-no-violence-seen-at-wyoming-schools-after-threats-circulate-online/,524,ok
https://www.fox2detroit.com/news/59-year-old-female-art-teacher-charged-with-writing-school-threat-notes,333,ok
https://kelo.com/2021/12/21/14-year-old-boy-charged-with-felony-in-threat-to-watertown-schools/,101,ok
https://www.washingtonexaminer.com/news/art-teacher-arrested-after-allegedly-spreading-terrorist-threats-in-middle-school,95,ok
https://www.news8000.com/suspects-accused-of-fake-threats-to-whitehall-schools/,0,link is dead
https://dailyvoice.com/connecticut/fairfield/news/social-media-threat-targeting-schools-under-investigation-in-fairfield-county/822332/,0,link is dead
https://www.mdjonline.com/tribune/lifestyles/teacher-charged-with-felony-over-threatening-notes-at-michigan-middle-school/article_f555b0c4-27df-5a71-a569-10fa43075f6c.html,0,link is dead
https://www.newsweek.com/boom-get-it-michigan-teacher-accused-making-false-threats-against-her-school-1661441,415,ok
https://dailyvoice.com/connecticut/greenwich/news/social-media-threat-targeting-schools-under-investigation-in-fairfield-county/822332/,0,link is dead
https://wfnt.com/michigan-teacher-arrested-for-making-threats-attempting-to-cancel-school/,475,ok
https://wxerfm.com/2021/12/21/port-washington-high-schooler-arrested-for-online-threat/,89,ok
https://1065thebuzz.com/2021/12/21/port-washington-high-schooler-arrested-for-online-threat/,89,ok
https://www.loudountimes.com/news/woodgrove-high-school-student-served-petition-by-juvenile-services-for-alleged-threat/article_4ed928e4-629d-11ec-80f9-c39ccce98ade.html,0,link is dead
https://www.fox2detroit.com/news/whitmer-to-address-covid-surge-art-teacher-charged-with-making-school-threats-nhl-temporarily-shutting-down,1546,ok
https://www.dailymail.co.uk/news/article-10331159/Long-time-middle-school-art-teacher-Detroit-charged-making-fake-bomb-threats.html,0,link is dead
https://dailyvoice.com/connecticut/ridgefield/news/social-media-threat-targeting-schools-under-investigation-in-fairfield-county/822332/,0,link is dead
https://wsyr.iheart.com/content/2021-12-20-mexico-boces-to-go-remote-tuesday-after-school-shooting-threat/,131,ok
https://www.jsonline.com/story/communities/northshore/news/port-washington/2021/12/20/port-washington-high-school-student-arrested-social-media-threat/8974001002/,250,ok
https://www.ctpost.com/news/article/Stratford-school-threat-deemed-not-credible-16718855.php,247,ok
https://www.businessinsider.com.au/michigan-middle-school-teacher-accused-of-false-threat-district-says-2021-12,0,link is dead
https://www.fox17online.com/news/local-news/kent/school-threats-coming-in-from-students-as-young-as-third-grade-in-kent-county,314,ok
https://www.mesabitribune.com/news/national/researcher-better-response-needed-to-school-threats/article_7220273a-61f3-11ec-918b-5f4f80cc5466.html,0,link is dead
https://www.valdostadailytimes.com/live-oak/news/local_news/teen-charged-in-valdosta-school-threats/article_5cb5a9ff-97dc-5745-8ee5-a19bcb7dee62.html,263,ok
https://www.wjr.com/2021/12/20/st-clair-teacher-threatens-school-as-threats-to-schools-increase-statewide/,231,ok
https://montreal.ctvnews.ca/quebec-shuts-down-schools-bars-gyms-threatres-as-covid-19-cases-soar-1.5714268,0,link is dead
https://www.record-eagle.com/state/teacher-charged-with-making-false-threat-against-school/article_13062d55-0a56-56ab-8c32-ae61752ef058.html,0,link is dead
https://www.whec.com/ontario-county-ny-news/supt-victor-senior-high-school-administrators-deputies-deal-with-social-media-threat/6338194/?cat=565,114,ok
https://dailyvoice.com/connecticut/norwalk/news/social-media-threat-targeting-schools-under-investigation-in-fairfield-county/822332/,0,link is dead
https://twitchy.com/sarahd-313035/2021/12/21/outrageous-karol-markowicz-shares-insane-email-from-private-nyc-prep-school-threatening-to-suspend-students-for-mask-noncompliance/,406,ok
https://www.laconiadailysun.com/news/state/berlin-school-district-takes-steps-to-protect-students-from-online-threats/article_1afe3c80-62ac-11ec-a460-5f4a08c90419.html,760,ok
https://www.mysteinbach.ca/news/10226/male-youth-arrested-after-threatening-students-and-staff-at-portage-school/,134,ok
https://abc10up.com/2021/12/20/school-threats-a-criminal-matter/,0,link is dead
https://www.wjle.com/news/dekalb-west-school-student-who-threatened-to-bring-a-gun-to-school-makes-first-court-appearance/,0,link is dead
https://dailyvoice.com/connecticut/westport/news/social-media-threat-targeting-schools-under-investigation-in-fairfield-county/822332/,0,link is dead
https://dailyvoice.com/connecticut/newcanaan/news/social-media-threat-targeting-schools-under-investigation-in-fairfield-county/822332/,0,link is dead
https://www.fox43.com/article/news/juvenile-arrested-police-say-threatened-school-on-social-media/521-ee1e2e1a-eb78-498c-9bdf-02f40540024a,0,link is dead
https://www.foxbusiness.com/politics/missouri-threatens-to-sue-school-districts-mandating-masks-people-have-had-enough,200,ok
https://b93radio.com/2021/12/21/port-washington-high-schooler-arrested-for-online-threat/,89,ok
https://www.stamfordadvocate.com/news/article/Stratford-school-threat-deemed-not-credible-16718855.php,247,ok
https://www.fredericknewspost.com/news/crime_and_justice/second-child-charged-in-ballenger-creek-middle-school-threat-investigation/article_2cafffd9-1462-56ff-bb12-42739255ba37.html,401,ok
https://wahoo-ashland-waverly.com/news/state-and-regional/crime-and-courts/two-elementary-students-accused-of-threatening-grand-island-school-resource-officer/article_4cac5c11-2508-5283-bdfd-5e1e927174fd.html,0,link is dead
https://www.thepublicopinion.com/story/news/local/2021/12/20/teen-custody-after-threatening-email-sent-watertown-high-school/8970552002/,323,ok
https://www.newtownbee.com/12212021/sen-tony-hwang-reiterates-zero-tolerance-for-threats-against-schools/,730,ok
http://www.msn.com/en-us/news/us/tiktok-rumors-of-school-violence-threats-put-people-on-edge-after-michigan-shooting/ar-AARVwBf,0,page opened but no article text
https://www.krtv.com/news/crime-and-courts/teen-charged-with-threatening-students-at-north-middle-school,272,ok
https://thehill.com/homenews/state-watch/586830-middle-school-teacher-charged-with-making-false-terror-threat,382,ok
https://www.washingtonpost.com/education/2021/12/20/school-threats-oxford-shooting-tiktok/,0,link is dead
https://www.insideedition.com/3-florida-teens-arrested-one-week-after-allegedly-making-threats-of-violence-at-their-schools-72044,280,ok
https://duke.fm/2021/12/20/like-an-airport-green-bay-superintendent-talks-enhanced-security-amid-school-threats/,272,ok
https://www.limaohio.com/news/490341/social-media-threat-against-bluffton-schools-deemed-not-credible,0,link is dead
https://www.iowapublicradio.org/ipr-news/2021-12-21/sioux-city-law-enforcement-encourages-parents-to-monitor-students-social-media-after-threats-to-schools,530,ok
https://www.abc57.com/news/mishawaka-schools-update-families-on-threat-investigation,100,ok
https://www.deadlinedetroit.com/articles/29510/from_classroom_to_courtroom_art_teacher_charged_with_terror_threats_in_her_st_clair_shores_school,386,ok
https://www.wxyz.com/homepage-showcase/teacher-charged-with-making-false-threats-at-her-school-says-not-true-in-court,427,ok
https://portcitydaily.com/local-news/2021/12/20/unhappy-with-nhcs-county-commissioners-threatens-to-roll-back-school-funding/,0,page opened but no article text
https://www.abc57.com/news/mishawaka-high-school-moves-to-e-learning-day-tuesday-due-to-threat,249,ok
https://www.wfmd.com/2021/12/21/second-juvenile-charged-in-threat-against-ballenger-creek-middle-school/,0,link is dead
https://easttexasradio.com/area-das-investigating-school-threats/,108,ok
https://www.wfsb.com/news/stratford-police-investigating-school-threats-made-on-social-media/article_f8332d00-6206-11ec-86b7-e3b1b043b534.html,1543,ok
https://www.wbaa.org/education/2021-12-21/gun-violence-and-threats-are-on-the-rise-at-indiana-schools,1036,ok
https://www.foxnews.com/us/new-jersey-child-12-charged-alleged-school-threats-maple-shade,359,ok
https://dailyvoice.com/connecticut/stamford/news/social-media-threat-targeting-schools-under-investigation-in-fairfield-county/822332/,0,link is dead
https://www.thedailyreporteronline.com/news/2021/12/22/security-protocols-leave-threat-responses-up-to-schools/,0,link is dead
https://www.news5cleveland.com/news/local-news/elyria-city-school-district-joins-forces-with-police-and-city-to-combat-threats-of-violence,338,ok
https://95wxtk.iheart.com/content/2021-12-22-barnstable-intermediate-school-evacuated-due-to-bomb-threat/,76,ok
https://www.fox32chicago.com/news/12-year-old-girl-who-threatened-to-burn-down-middle-school-charged-with-disorderly-conduct,115,ok
https://www.omakchronicle.com/news/schools-respond-to-violence-threats/article_f28bbf9e-629b-11ec-9fe8-03a6ef2860e7.html,1146,ok
https://thesouthern.com/news/state-and-regional/multiple-threats-reported-in-niles-evanston-schools/article_5b8fed84-5910-5c94-9014-6a2c7a5dfe90.html,0,link is dead
https://www.myeasternshoremd.com/kent_county_news/news/online-misinformation-sparks-inflates-recent-school-threats-across-mid-shore/article_054410ca-1fb3-512a-84c6-3e91548813f8.html,0,link is dead
https://ottawa.ctvnews.ca/17-year-old-charged-with-uttering-threats-against-local-school-1.5716747,154,ok
https://www.goerie.com/story/news/education/2021/12/21/millcreek-township-district-responds-school-threat-increases-police-presence/8986842002/,272,ok
https://www.the-dispatch.com/story/news/2021/12/22/davidson-county-law-enforcement-continues-watch-threats-school-violence-nc-tik-tok-social-media/8969978002/,0,link is dead
https://www.insidenova.com/news/crime_police/student-charged-after-threat-at-purcellville-high-school/article_c73573ae-6344-11ec-85a7-8b9f40abc007.html,198,ok
https://www.montanarightnow.com/great-falls/police-respond-to-concerns-over-transparency-regarding-school-threat-investigations/article_a6ea6056-62bc-11ec-944b-f35470c6bda6.html,410,ok
https://www.greatfallstribune.com/story/news/2021/12/21/young-teen-charged-with-threat-at-great-falls-middle-school/47292150007/,147,ok
https://www.erienewsnow.com/story/45508808/student-charged-for-school-threat-in-ashtabula-county,0,link is dead
https://www.herald-dispatch.com/opinion/other-editors-enough-is-enough-on-school-threat-hoaxes/article_cbcb878a-f4ab-5c35-9c8a-cb9f4f51de84.html,0,link is dead
https://www.fox43.com/article/news/crime/juvenile-arrested-police-say-threatened-school-on-social-media/521-ee1e2e1a-eb78-498c-9bdf-02f40540024a,0,link is dead
https://herald-review.com/news/state-and-regional/multiple-threats-reported-in-niles-evanston-schools/article_85232c73-4863-5e03-922f-374da00782c8.html,0,link is dead
https://triblive.com/local/westmoreland/troopers-derry-area-student-to-be-charged-after-social-media-post-referencing-school-violence-threats/,301,ok
https://www.freepressjournal.in/education/fpj-ed-will-maharashtra-schools-be-closed-again-amid-omicron-threat-heres-what-varsha-gaikwad-said,171,ok
https://www.lebanondemocrat.com/portland/schools-dealing-with-increased-threats-via-social-media/article_633b76e0-bb61-5134-976b-c168d189a487.html,0,link is dead
https://qctimes.com/news/state-and-regional/multiple-threats-reported-in-niles-evanston-schools/article_dbb5a536-e6ee-5000-b3d2-deb90196e151.html,0,link is dead
https://www.fltimes.com/news/geneva-high-school-goes-from-lockdown-to-lockout/article_48738242-5036-5ee4-ae9f-2af0b34f8b5b.html,0,link is dead
http://www.sun-sentinel.com/opinion/commentary/fl-op-com-lockdowns-code-red-drills-school-shootings-20211222-6sp2slgxzjhabn6mpykmofehom-story.html,803,ok
https://www.abc12.com/news/crime/saginaw-township-father-accused-of-threatening-white-pine-middle-school/article_6a48ee52-6356-11ec-849d-eb1a336b2cc8.html,111,ok
https://www.foxnews.com/us/michigan-middle-school-teacher-classroom-note-threat-allegations,231,ok
https://www.pineandlakes.com/news/7328995-Origin-of-photo-threatening-Pequot-Lakes-Schools-determined-administrators-say,174,ok
https://www.columbiagorgenews.com/news/threats-impact-local-schools/article_8759f844-628c-11ec-a96e-13d7927f358f.html,813,ok
https://www.polkio.com/news/schools-address-rumors-of-national-tiktok-violence-threats/article_6f675e8c-62bb-11ec-a235-5775e2d8ebe9.html,617,ok
https://www.msn.com/en-us/news/opinion/opinion-prosecuting-copycat-school-threats-feels-reassuring-but-reveals-another-problem/ar-AAS3zIu,0,page opened but no article text
https://economynext.com/sri-lanka-school-teachers-threaten-trade-union-action-again-89008/,2201,ok
https://www.mykxlg.com/news/local/hamlin-county-sheriffs-office-handles-school-threat-at-hamlin-county-education-center/article_04b30f9a-632f-11ec-995f-378c273efe23.html,190,ok
https://www.fltimes.com/news/update-geneva-high-school-lockout-lifted-after-school-shooting-threat/article_48738242-5036-5ee4-ae9f-2af0b34f8b5b.html,160,ok
https://abc57.com/news/mishawaka-high-school-goes-virtual-again-as-mondays-threat-is-under-investigation,95,ok
https://sojo1049.com/pre-teen-facing-several-charges-for-threatening-maple-shade-nj-high-school/,218,ok
https://www.fltimes.com/news/geneva-high-school-currently-on-lockdown/article_48738242-5036-5ee4-ae9f-2af0b34f8b5b.html,0,link is dead
https://www.theaquarian.com/2021/12/22/reality-check-regarding-the-tiktok-12-17-national-school-threats/,0,link is dead
https://cool102.iheart.com/content/2021-12-22-barnstable-intermediate-school-evacuated-due-to-bomb-threat/,76,ok
https://ottawasun.com/news/local-news/youth-17-charged-in-connection-with-threat-at-east-end-high-school/wcm/2894c259-b0bc-4980-a2b7-7974e37965b7,0,link is dead
https://www.wfmd.com/2021/12/21/youth-arrested-for-making-threat-to-gettysburg-high-school/,0,link is dead
https://clarksvillenow.com/local/sheriff-john-fuson-discusses-threats-to-local-schools-and-new-law-audio/,69,ok
https://jg-tc.com/news/state-and-regional/multiple-threats-reported-in-niles-evanston-schools/article_be325038-89c3-5074-9c00-881136951253.html,0,link is dead
https://www.wnewsj.com/opinion/editorials/188526/editorial-school-threats-and-social-media-responsibilities-enough-is-enough,0,page opened but no article text
https://oswegocountytoday.com/news/three-detained-in-citi-boces-parking-lot-following-social-media-threat-of-school-shooting/,375,ok
https://www.wgal.com/article/juvenile-arrested-after-threat-at-gettysburg-high-school/38583515,92,ok
https://www.abc57.com/news/mishawaka-high-school-goes-virtual-again-as-mondays-threat-is-under-investigation,95,ok
https://www.wtxl.com/news/georgia-news/juvenile-arrested-for-communicating-threats-against-valdosta-city-schools,182,ok
https://www.kkoj.com/news/local-news/martin-county-west-closes-school-december-21st-and-22nd-due-to-credible-threat-against-school/,0,link is dead
https://www.freep.com/story/opinion/contributors/2021/12/22/oxford-school-shooting-copycat-threats-prosecutors-supreme-court-law/8993585002/,758,ok
https://www.abc57.com/news/police-give-update-on-threat-made-against-mishawaka-high-school,157,ok
https://www.heraldpalladium.com/communities/st_joseph/plea-delayed-for-southwest-michigan-student-who-made-school-threat/article_73389a42-0772-58fe-ad7b-8badf8ebef78.html,0,link is dead
https://www.abc57.com/news/mishawaka-schools-still-investigating-threat-concerning-high-school,290,ok
https://www.chronicleonline.com/news/local/1226-week-in-review-bye-bye-pizza-hut-cool-school-upgrades-crhs-accidental-lockdown-scare/article_35d5f61c-7773-50e6-a1e2-e18b47b800a2.html,1196,ok
https://www.newjerseyhills.com/observer-tribune/news/save-for-small-incidents-area-schools-escape-violence-threatened-by-social-media-prank/article_ed589787-d7eb-5f9f-95ed-98519b1f90cc.html,0,link is dead
https://www.lokmat.com/national/lockdown-again-2022-restrictions-marriage-meetings-school-college-modi-governments-guideline-states-a607/,486,ok
https://thefederalist.com/2021/12/22/tiktok-was-a-threat-long-before-its-crazed-school-shooting-challenge/,876,ok
https://www.thesunchronicle.com/news/local_news/attleboro-police-chief-says-email-threat-to-high-school-originated-overseas/article_485577ad-f24d-59b6-b26e-a6a3485de0fb.html,0,link is dead
https://www.inklingsnews.com/news/2021/12/17/vague-threats-concerning-connecticut-public-schools-prompts-panic-among-school-administrators-families/,0,page opened but no article text
https://www.sunjournal.com/2021/12/23/rsu-9-deems-threat-made-at-school-not-credible/,1108,ok
https://www.msn.com/en-us/news/us/opinion-prosecuting-copycat-school-threats-feels-reassuring-but-reveals-another-problem/ar-AAS3zIu,0,page opened but no article text
https://www.koaa.com/news/covering-colorado/how-local-school-districts-law-enforcement-agencies-handle-reported-threats,1872,ok
https://www.whec.com/ontario-county-ny-news/school-shooting-threat-puts-geneva-high-school-in-lockdown/6339978/?cat=565,69,ok
https://nj1015.com/another-nj-student-charged-after-school-threat-in-atlantic-county/,241,ok
https://www.appenmedia.com/dunwoody/schools/metro-atlanta-schools-see-rise-in-terroristic-threats/article_d9b38414-640f-11ec-90c5-2bb423e7b8fb.html,0,link is dead
https://www.detroitnews.com/story/news/local/oakland-county/2021/12/22/oxford-school-shooting-parents-gun-locked-hidden-unaware-threat/9001826002/,926,ok
https://www.newsweek.com/biggest-threat-our-kids-isnt-omicron-its-closing-their-schools-opinion-1662664,1062,ok
https://www.thetimes-tribune.com/news/crime-emergencies/st-clare-st-paul-school-to-resume-thursday-after-threat-deemed-not-credible/article_724d71d2-3179-5ec2-994a-e585fe7a5818.html,0,link is dead
https://www.thetimes-tribune.com/news/crime-emergencies/st-clare-st-paul-school-to-resume-thursday-threat-deemed-not-credible/article_724d71d2-3179-5ec2-994a-e585fe7a5818.html,0,link is dead
https://www.mdislander.com/maine-news/cops/island-police-vague-social-media-threats-send-officers-to-local-schools,0,link is dead
https://lancasteronline.com/news/local/columbia-high-school-briefly-evacuates-over-potential-threat-wednesday/article_863aaa0a-6357-11ec-b770-c3255c480f19.html,213,ok
https://www.fltimes.com/news/geneva-police-have-suspect-in-school-shooting-threat-at-high-schoool/article_63c4377b-fac5-550d-b32d-9e6215fe0eb4.html,512,ok
https://www.gazettextra.com/news/education/milton-janesville-schools-respond-to-school-safety-threat-on-tiktok/article_3762205e-36d9-5153-8dc1-8cbe43df75fc.html,0,link is dead
https://www.timesofisrael.com/parent-threatens-nurse-at-beersheba-school-for-administering-covid-vaccines/,0,link is dead
https://www.kcra.com/article/truckee-man-arrested-threats-against-wheatland-high-school/38612163,148,ok
https://www.wsjm.com/2021/12/24/governor-whitmer-says-no-easy-answers-to-stopping-school-threats-shootings/,146,ok
https://www.wcsy.com/2021/12/24/governor-whitmer-says-no-easy-answers-to-stopping-school-threats-shootings/,146,ok
https://www.parentherald.com/articles/105629/20211223/school-teacher-faces-charges-making-fake-bomb-threats-earlier-christmas.htm,0,page opened but no article text
https://www.theepochtimes.com/antifa-threatens-illinois-dad-who-opposes-sexually-explicit-books-at-schools_4175415.html,431,ok
https://www.countytimes.co.uk/news/19807585.supporters-threatened-school-ending-year-full-cheer/,537,ok
https://www.bizpacreview.com/2021/12/24/middle-school-teacher-accused-of-making-threats-of-terrorism-1179864/,0,page opened but no article text
https://tribune.com.pk/story/2335347/teachers-threaten-to-lock-schools-permanently,0,link is dead
https://www.cullmantimes.com/news/year-in-review-bomb-threats-evacuate-schools-student-arrested/article_f03e0b5a-6428-11ec-bf7e-af978c0cb983.html,561,ok
https://www.983thecoast.com/2021/12/24/governor-whitmer-says-no-easy-answers-to-stopping-school-threats-shootings/,0,link is dead
https://gazette.com/news/parents-of-suspected-michigan-high-school-shooter-ignored-signs-he-was-a-threat-prosecutors-say/article_8d3e4c6c-6502-5e88-afcc-6279a0f7a430.html,0,link is dead
https://www.washingtonexaminer.com/news/justice/parents-of-suspected-michigan-high-school-shooter-ignored-signs-he-was-a-threat-prosecutors-say,0,link is dead
https://blogs.timesofisrael.com/why-are-israeli-mks-threatening-schools-and-peace-activists/,0,link is dead
https://www.abc10.com/article/news/local/truckee-man-arrested-threats-made-against-wheatland-high-school/103-c725dbf4-2134-488c-9956-1823bf4a13ce,0,link is dead
https://www.prabhatkhabar.com/state/jharkhand/palamu/threat-to-the-existence-of-medininagar-district-school-ground-building-construction-is-going-on-srn,329,ok
https://omaha.com/news/local/education/omaha-police-seeing-uptick-in-non-credible-school-threats/article_c537f5c4-5eba-11ec-bc63-77feff16ae7f.html,3946,ok
http://www.courant.com/news/connecticut/hc-connecticut-school-threats-20211226-ksnrvvacbvg2ze5ljpkx34gdqu-story.html,1022,ok
https://thewire.in/communalism/karnataka-hindutva-activists-disrupt-christmas-gathering-at-school-threaten-administration,0,page opened but no article text
https://news.yahoo.com/schools-handle-violent-threats-151755791.html,230,ok
https://abc57.com/news/suspect-detained-in-mishawaka-high-school-threat-investigation,128,ok
https://www.freepressjournal.in/mumbai/omicron-threat-state-govt-to-decide-on-closure-of-schools-after-proper-assessment-says-maharashtra-minister-aaditya-thackeray,201,ok
https://www.naidunia.com/national-schools-open-mumbai-parents-says-till-there-is-no-complete-lockdown-keep-taking-offline-classes-7209803,488,ok
https://www.starbeacon.com/news/local_news/local-student-facing-charges-for-school-threat/article_00260330-7274-5cf8-af92-23f9db44087f.html,0,link is dead
https://www.news24.com/parent/child_7-12/wondering-what-to-do-with-kids-in-lockdown-school-holidays-ideas-from-a-happiness-expert-20211221,0,page opened but no article text
https://www.abc12.com/news/oxford-strong/oxford-high-school-shooting-suspects-parents-willfully-disregarded-signs-that-their-son-was-a-threat/article_0cd20fd7-6f7e-5bc1-983a-d25b673ae7c6.html,881,ok
https://www.freepressjournal.in/education/fpj-ed-will-schools-continue-to-remain-open-amid-omicron-threat-heres-what-minister-aaditya-thackeray-said,268,ok
https://www.desmoinesregister.com/story/news/education/2021/12/28/iowa-schools-substitute-teacher-pay-raises-jobs-shortage-covid-threats/8841637002/,0,link is dead
https://www.wkbw.com/news/local-news/15-year-old-arrested-in-connection-to-social-media-threats-at-niagara-falls-high-school,119,ok
https://www.niagara-gazette.com/news/crime/teen-charged-for-instagram-threat-against-niagara-falls-high-school/article_4d8a655e-67ff-11ec-8d35-ef0531b396a6.html,149,ok
https://www.thehawkeye.com/story/news/education/2021/12/28/iowa-schools-substitute-teacher-pay-raises-jobs-shortage-covid-threats/8841637002/,509,ok
https://www.wesh.com/article/im-going-with-a-gun-altamonte-springs-man-threatens-to-shoot-up-local-high-school/38630300,258,ok
https://www.wgrz.com/article/news/local/15-year-old-facing-felony-charges-following-threats-of-gun-violence-at-niagara-falls-high-school/71-697faa52-78b6-4e72-8db8-7048cbf94bfa,0,link is dead
https://www.naidunia.com/national-omicron-threat-increased-in-country-schools-closed-in-delhi-night-curfew-in-many-states-know-what-is-situation-7210526,502,ok
http://www.orlandosentinel.com/news/crime/os-ne-winter-springs-school-threat-arrest-20211228-x4gmwyjuabah3dswwovjkjxkoq-story.html,233,ok
https://www.southbendtribune.com/story/news/local/2021/12/27/suspect-detained-mishawaka-high-school-threat/9027674002/,172,ok
https://www.winsfordguardian.co.uk/news/19796477.st-marys-catholic-primary-school-staff-rose-challenge-lockdown/,412,ok
https://www.naidunia.com/national/general-omicron-threat-increased-in-country-schools-closed-in-delhi-night-curfew-in-many-states-know-what-is-situation-7210526,502,ok
https://www.infranken.de/ueberregional/bayern/harter-lockdown-fuer-bayerns-schulen-entscheidung-ueber-homeschooling-soll-vor-dem-7-januar-fallen-art-5357751,907,ok
https://www.abc57.com/news/suspect-detained-in-mishawaka-high-school-threat-investigation,128,ok
https://www.cheboygannews.com/story/news/2021/12/28/task-force-formed-address-threats-school-districts/8999775002/,973,ok
https://www.wirx.com/2021/12/29/more-than-20-charges-authorized-in-berrien-county-school-threats/,0,link is dead
https://www.amestrib.com/story/news/education/2021/12/28/iowa-schools-substitute-teacher-pay-raises-jobs-shortage-covid-threats/8841637002/,0,link is dead
https://www.abc10.com/article/news/local/threatening-tweet-against-wheatland-high-school-was-deemed-not-criminal/103-e263bf51-c3af-44be-96d7-1ad980992827,0,link is dead
https://www.lockportjournal.com/news/local_news/school-threat-suspect-arrested/article_5a71c278-fe9d-51e5-84d0-8b3942db0068.html,220,ok
https://www.nbcconnecticut.com/news/local/officials-to-give-update-on-recent-threats-made-to-new-haven-schools/2680670/,171,ok
https://timesofindia.indiatimes.com/city/delhi/delhi-ncr-news-live-updates-omicron-lockdown-covid-cases-school-college-reopening-pollution-weather-arvind-kejriwal-29-december-2021/liveblog/88556008.cms,1333,ok
https://www.wpbf.com/article/port-st-lucie-arrest-school-shooting-threat-suspect/38642039,659,ok
https://www.infranken.de/ueberregional/bayern/homeschooling-in-bayern-harter-lockdown-fuer-schulen-im-freistaat-art-5357751,907,ok
https://www.wcsy.com/2021/12/29/more-than-20-charges-authorized-in-berrien-county-school-threats/,222,ok
https://timesofindia.indiatimes.com/city/delhi/delhi-ncr-news-live-updates-omicron-lockdown-covid-cases-school-college-reopening-pollution-weather-arvind-kejriwal-30-december-2021/liveblog/88573671.cms,1401,ok
https://www.983thecoast.com/2021/12/29/more-than-20-charges-authorized-in-berrien-county-school-threats/,0,link is dead
https://www.theboltonnews.co.uk/news/19813948.man-banned-bolton-school-grounds-threats-assault/,82,ok
https://www.wptv.com/news/region-st-lucie-county/port-st-lucie/school-shooting-threat-suspect-arrested-in-port-st-lucie,570,ok
https://www.wsjm.com/2021/12/29/more-than-20-charges-authorized-in-berrien-county-school-threats/,222,ok
https://www.sundaymail.co.zw/new-lockdown-extended-schools-opening-delayed,0,link is dead
https://digitpatrox.com/south-africa-says-its-omicron-covid-wave-has-peaked-lifts-lockdown-schools-set-to-reopen/,0,link is dead
https://timesofindia.indiatimes.com/city/delhi/delhi-ncr-news-live-updates-omicron-lockdown-covid-cases-school-college-reopening-pollution-weather-arvind-kejriwal-december-31/liveblog/88598418.cms,339,ok
https://www.capenews.net/bourne/news/bourne-schools-keep-students-safe-amid-security-threats/article_3ae37bbb-db6d-5498-ab4b-f78173c1670c.html,0,link is dead
https://www.wmur.com/article/manchester-woman-facing-accused-of-boarding-school-bus-threatening-students/38643014,49,ok
https://insiderzim.com/mnangagwa-extends-lockdown-by-two-weeks-postpones-re-opening-of-schools/,0,page opened but no article text
https://www.deadlinedetroit.com/articles/29570/copycat_school_threats_pile_up_in_metro_detroit_what_s_behind_them,731,ok
https://townhall.com/tipsheet/rebeccadowns/2021/12/30/school-districts-are-threatening-to-close-again-n2601253,1061,ok
https://abc17news.com/news/2021/12/31/school-threat-scare-tops-list-of-most-read-local-stories-in-2021/,533,ok
https://barbadostoday.bb/2021/12/31/omicron-threatens-back-to-school-plans/,505,ok
https://www.freepressjournal.in/india/omicron-threat-should-children-be-sent-to-school-amid-spike-in-covid-cases-heres-what-virologist-dr-gagandeep-kang-has-to-say,339,ok
https://www.thestar.com.my/aseanplus/aseanplus-news/2021/12/31/supply-of-school-uniforms-in-singapore-hit-by-extended-lockdowns-in-region---a-special-report-from-the-straits-times,97,ok
https://www.straitstimes.com/singapore/parenting-education/supply-of-school-uniforms-here-hit-by-extended-lockdowns-in-region,67,ok
https://www.tcpalm.com/story/news/2021/12/30/port-st-lucie-police-charge-suspect-accused-school-threats/9054841002/,334,ok
https://buffalonews.com/opinion/viewpoints-responding-to-social-media-threats-of-school-violence/article_d089b9c8-6a48-11ec-a72d-abf78d95f68f.html,0,link is dead
http://www.msn.com/en-us/news/world/uganda-ends-covid-lockdown-schools-and-businesses-to-reopen/vi-AASlITG,0,page opened but no article text
https://www.haribhoomi.com/news/india/west-bengal-lockdown-announces-all-schools-and-colleges-will-remain-closed-from-tomorrow-407890,123,ok
https://www.prabhatkhabar.com/state/haryana/corona-blast-lockdown-in-haryana-schools-closed-amh,0,link is dead
https://www.jagran.com/jharkhand/ranchi-lockdown-in-jharkhand-decision-to-close-all-schools-colleges-parks-clubs-22346842.html,727,ok
https://www.yorkpress.co.uk/news/19817905.york-schools-score-good-ofsted-marks---pupils-hit-lockdowns/,462,ok
https://hindi.webdunia.com/coronavirus/corona-threat-school-will-not-open-in-odisha-122010200037_1.html,0,link is dead
https://navbharattimes.indiatimes.com/state/jharkhand/deoghar/jharkhand-school-closed-news-coronavirus-crisis-lockdown-news-night-curfew-ranchi-latest-news/articleshow/88653340.cms,431,ok
https://www.newstracklive.com/news/new-orders-issued-for-delhi-and-up-schools-amid-omicron-threat-mc23-nu901-ta901-1483031-1.html,0,link is dead
https://www.prabhatkhabar.com/state/jharkhand/ranchi/lockdown-in-jharkhand-coronavirus-infection-danger-schools-may-be-closed-amh,556,ok
https://wset.com/news/back-to-school/virginia-schools-on-alert-for-tiktok-challenge-promoting-school-violence-social-media-threats-amherst-county-sheriffs-office-bedford-county-public-schools-12-16-2021,288,ok
https://www.prabhatkhabar.com/state/west-bengal/calcutta/west-bengal-lockdown-school-colleges-closed-mamata-banerjee-govt-imposes-fresh-curbs-amid-covid-surge-mtj,0,link is dead
https://www.lokmat.com/national/west-bengal-corona-lockdown-lockdown-west-bengal-school-college-closed-and-many-places-will-be-a732/,347,ok
https://www.prajavani.net/india-news/west-bengal-announces-partial-lockdown-schools-cinema-halls-saloon-and-spa-close-from-jan-3rd-898353.html,103,ok
https://www.dnaindia.com/india/report-lockdown-like-curbs-in-west-bengal-schools-theatres-salons-spas-closed-full-guidelines-cinema-halls-kolkata-2926601,267,ok
https://navbharattimes.indiatimes.com/india/corona-lockdown-latest-updates-record-cases-of-omicron-school-closed-new-restrictions-delhi-maharashtra-bengal/articleshow/88648861.cms,1343,ok
https://www.jamaicaobserver.com/editorial/we-must-do-all-to-avoid-another-lockdown-of-schools_240450?profile=1015&template=MobileArticle,0,link is dead
https://lacrossetribune.com/news/local/update-central-high-school-evacuated-after-bomb-threat-police-say-probe-ongoing/article_08645891-31f2-53cf-abdc-df6bd4d0172a.html,0,link is dead
https://richmond.com/news/local/school-and-business-closings-for-monday-jan-3-richmond-area-schools-closing-due-to-threat/article_f7c8e71e-311b-5569-b8a2-b4fd93e86d66.html,0,link is dead
https://www.jamaicaobserver.com/editorial/we-must-do-all-to-avoid-another-lockdown-of-schools_240450?profile=1100,0,link is dead
https://www.prabhatkhabar.com/state/jharkhand/ranchi/semi-lockdown-in-jharkhand-schools-colleges-closed-with-night-curfew-smj,709,ok
https://www.erienewsnow.com/story/45569652/threat-placed-iroquois-high-school-on-lockdown-students-now-heading-home,0,link is dead
https://www.foxnews.com/world/ontario-coronavirus-lockdown-schools-gyms-indoor-dining-closed,273,ok
https://www.dnaindia.com/india/report-omicron-threat-rajasthan-government-shuts-schools-for-classes-1-8-in-jaipur-lockdown-restrictions-news-alerts-2926644,235,ok
https://www.wral.com/orange-chapel-hill-carrboro-city-schools-cancel-classes-due-to-weather-threat/20060295/,214,ok
https://www.wickedlocal.com/story/burlington-union/2021/12/23/burlington-police-deem-online-threats-schools-not-credible/8971352002/,649,ok
https://www.afr.com/work-and-careers/education/upside-of-lockdown-no-distractions-help-students-nail-school-exams-20220103-p59li9,82,ok
https://www.jamaicaobserver.com/editorial/we-must-do-all-to-avoid-another-lockdown-of-schools_240450?profile=1607,0,link is dead
https://www.wnir.com/2022/01/03/area-student-collared-after-school-threat/,0,link is dead
https://divyamarathi.bhaskar.com/national/news/rajasthan-lockdown-rajasthan-government-imposes-strict-restrictions-new-guidelines-for-schools-religious-centers-and-marriage-129266603.html,373,ok
https://www.cheboygannews.com/story/news/education/2022/01/03/school-staff-members-request-pay-threat-days/9076135002/,914,ok
https://navbharattimes.indiatimes.com/state/bihar/patna/bihar-me-school-college-night-curfew-par-nitish-kumar-lenge-bada-faisla-omicron-coronavirus-lockdown-news/articleshow/88665405.cms,419,ok
https://maharashtratimes.com/maharashtra/mumbai-news/may-be-lockdown-in-mumbai-maharashtra-ministers-hints-about-school-colleges-and-mumbai-local/articleshow/88663427.cms,283,ok
https://lacrossetribune.com/news/local/education/update-central-high-school-staff-and-students-evacuated-after-threat-monday-morning/article_08645891-31f2-53cf-abdc-df6bd4d0172a.html,0,link is dead
https://thenationonlineng.net/no-more-national-anthem-singing-in-southeast-schools-ipob-threatens/,870,ok
https://21stcenturywire.com/2022/01/03/nyc-elite-private-schools-go-full-bio-fascist-to-stop-the-alleged-omicron-threat/,0,page opened but no article text
https://www.wxow.com/news/top-stories/la-crosse-school-district-reports-threat-at-central-high-school/article_43540b3a-6caf-11ec-bf97-3f4c1a83679b.html,0,link is dead
https://www.news8000.com/central-high-school-evacuates-students-to-longfellow-middle-school-after-threat/,0,link is dead
https://radio.foxnews.com/2022/01/03/its-inexplicable-mollie-hemingway-on-omicron-covid-school-lockdowns/,185,ok
https://triblive.com/local/valley-news-dispatch/leechburg-schools-placed-on-lockdown-after-threat-made-on-social-media/,258,ok
https://www.kezi.com/content/news/Fern-Ridge-SD-cancels-school-Tues-Jan-4th-due-to-threat-576005961.html,0,link is dead
https://www.lex18.com/news/lexington-catholic-high-school-students-received-threats-through-social-media,125,ok
https://www.bangkokpost.com/thailand/general/2241507/schools-set-to-move-back-online-amid-virus-threat,132,ok
https://www.nwitimes.com/news/local/porter/valparaiso/police-investigating-online-threat-to-valpo-school/article_f751884d-91ce-5efd-b3ab-8267fbec215d.html,0,link is dead
https://www.southbendtribune.com/story/news/local/2022/01/04/mishawaka-high-school-student-charged-threatening-shoot-school/9087467002/,341,ok
https://www.ghanaweb.com/GhanaHomePage/NewsArchive/The-threat-of-the-Omicron-variant-to-brick-and-mortar-learning-in-our-schools-1437571,0,link is dead
https://thesouthern.com/news/local/crime-and-courts/west-frankfort-high-school-went-into-soft-lockdown-police-say-reports-of-gunfire-unfounded/article_aee3c73a-9183-5a53-998a-72f924f03913.html,0,link is dead
https://www.wfmz.com/news/area/lehighvalley/southern-lehigh-school-district-put-on-brief-lockdown-during-nearby-police-incident/article_8ea692e2-6d95-11ec-b7a4-bfaa7aa0fa8c.html,81,ok
https://www.prabhatkhabar.com/state/jharkhand/kodarma/mini-lockdown-in-jharkhand-schools-colleges-and-parks-of-koderma-closed-silence-spread-even-in-tourist-places-smj,0,link is dead
https://www.businesstoday.in/coronavirus/story/night-curfew-lockdown-india-covid-omicron-list-of-states-cities-timings-guidelines-restrictions-and-school-notification-317833-2022-01-04,605,ok
https://www.record-eagle.com/news/suspect-ided-in-west-senior-high-school-threat/article_de114c28-6d9a-11ec-8036-a3d92369853e.html,0,link is dead
https://trinidadexpress.com/opinion/columnists/avoiding-another-school-lockdown/article_ca4df570-6cef-11ec-952c-03f82dcd1ddf.html,0,link is dead
https://y95country.com/wyoming-juvenile-arrested-for-terroristic-school-violence-threats/,287,ok
https://news.wsiu.org/2022-01-03/frankfort-community-high-school-placed-on-a-soft-lockdown-monday,72,ok
https://www.msn.com/en-us/lifestyle/lifestyle-buzz/schools-across-the-us-are-bracing-for-impact-as-omicron-spreads-and-threatens-to-disrupt-in-person-learning/ar-AASqMpZ,0,page opened but no article text
https://www.wral.com/threat-of-black-ice-prompts-school-business-and-covid-testing-delays-across-central-nc/20061493/,602,ok
https://k2radio.com/wyoming-juvenile-arrested-for-terroristic-school-violence-threats/,287,ok
https://kgab.com/wyoming-juvenile-arrested-for-terroristic-school-violence-threats/,287,ok
https://www.thephuketnews.com/schools-set-to-move-back-online-amid-virus-threat-82599.php,244,ok
https://kowb1290.com/wyoming-juvenile-arrested-for-terroristic-school-violence-threats/,287,ok
http://www.msn.com/en-nz/news/world/california-school-superintendent-targeted-with-death-threats-for-investigating-photo-of-kids-with-swastikas/ar-AASpXOD,0,page opened but no article text
https://www.abc57.com/news/teen-facing-intimidation-charges-for-mishawaka-school-threat,133,ok
https://www.fox2detroit.com/news/whats-the-consequences-of-making-school-threats-michigan-ag-nessel-lays-out-punishments,205,ok
https://www.msn.com/en-us/news/us/fern-ridge-school-district-cancels-class-tuesday-following-threats-on-social-media/ar-AASqTtW,0,page opened but no article text
https://kingfm.com/wyoming-juvenile-arrested-for-terroristic-school-violence-threats/,287,ok
https://www.thejasnews.com/latestnews/omicron-threat-schools-and-colleges-closed-in-goa-195023,0,page opened but no article text
https://navbharattimes.indiatimes.com/state/bihar/patna/bihar-lockdown-news-school-college-gym-coronavirus-third-wave/articleshow/88694728.cms,1636,ok
https://triblive.com/local/valley-news-dispatch/police-15-year-old-boy-charged-with-felony-for-snapchat-threat-that-caused-lockdown-of-leechburg-area-schools/,301,ok
https://www.telegraph.co.uk/news/2022/01/04/school-threatens-ostracise-pupils-dont-take-covid-tests-wear/,0,link is dead
https://www.dnaindia.com/india/report-lockdown-like-curbs-in-bihar-cinema-halls-malls-temples-closed-guidelines-schools-gyms-omicron-night-curfew-2926909,149,ok
http://www.egcitizen.com/news/eg-unified-boosts-security-at-three-schools-after-social-media-threat/article_a4927a9c-6cfc-11ec-ab50-33cc7925a660.html,0,link is dead
https://thenationonlineng.net/just-in-southeast-schools-must-sing-biafran-anthem-ipob-threatens/,1052,ok
https://timesofindia.indiatimes.com/city/coimbatore/covid-19-tamil-nadu-to-impose-sunday-lockdown-close-schools/articleshow/88709872.cms,431,ok
https://www.wcpo.com/news/local-news/butler-county/oxford/talawanda-student-arrested-for-making-threat-against-school,124,ok
https://www.wlwt.com/article/student-arrested-for-threat-against-talawanda-high-school/38677524,141,ok
https://www.newscentermaine.com/article/news/local/bangor/bangor-high-school-maine-open-wednesday-as-officials-investigate-threat-found-in-bathroom-ray-phinney-james-tager/97-4c6e04cf-554e-41e4-a104-57d90747811c,0,link is dead
https://www.divyabhaskar.co.in/local/gujarat/rajkot/news/lockdown-parents-not-children-come-to-study-in-rajkot-school-go-home-and-teach-their-children-to-become-129273979.html,538,ok
https://abc10up.com/2022/01/04/michigan-ag-warns-of-punishments-for-school-threats/,0,link is dead
https://thenationonlineng.net/southeast-schools-must-sing-biafran-anthem-ipob-threatens/,1052,ok
https://www.winknews.com/2022/01/04/more-than-100-threats-made-against-lee-county-schools-this-school-year/,0,link is dead
https://www.komu.com/news/midmissourinews/helias-catholic-high-school-goes-on-brief-lockdown-wednesday-morning/article_d8d38418-6e3c-11ec-b510-eb52dcaeeda1.html,0,link is dead
https://www.jagran.com/news/national-covid19-statewise-restrictions-weekend-curfew-night-curfew-mini-lockdown-schools-closed-amid-omicron-know-condition-of-your-state-22354234.html,1140,ok
https://www.ksgf.com/2022/01/04/former-springfield-public-schools-employee-charged-after-making-threats-to-district/,124,ok
https://www.wfmz.com/news/area/lehighvalley/police-no-ongoing-threat-after-mental-health-call-prompts-lockdown-of-southern-lehigh-school-district/article_43c86826-6db4-11ec-94fc-0752d5f5f12d.html,152,ok
https://timesofindia.indiatimes.com/city/chennai/covid-19-tamil-nadu-to-impose-sunday-lockdown-close-schools/articleshow/88709854.cms,431,ok
https://www.tribdem.com/news/local_news/local-state-police-investigate-north-star-school-threat-that-prompts-lockdown/article_0160db8e-6e64-11ec-a154-7748b16af4a8.html,0,link is dead
https://timesofindia.indiatimes.com/india/covid-19-tamil-nadu-to-impose-sunday-lockdown-close-schools/articleshow/88709877.cms,431,ok
https://www.actionnewsnow.com/content/news/2-Chico-schools-in-precautionary-lockdown-due-to-heavy-police-presence-576013441.html,0,link is dead
https://www.fox5dc.com/news/montgomery-county-public-schools-testing-new-system-to-curb-covid-19-threat,778,ok
https://www.usatoday.com/story/news/2022/01/05/philadelphia-apartment-fire-chicago-schools-bomb-threats-hbcus-winter-storm-trouble-wednesdays-news/9075551002/,1175,ok
https://www.jonesborosun.com/newport/news/parent-threatens-principal-at-school/article_ed70b9e9-734f-5ba4-899f-bf4563dda52e.html,0,link is dead
https://www.power965.com/2022/01/04/former-springfield-public-schools-employee-charged-after-making-threats-to-district/,124,ok
https://www.kvoa.com/news/elementary-school-lifts-lockdown-prompted-by-attempted-carjacking/article_3f777c14-6e48-11ec-b7ff-f76fbdb3b0c0.html,0,link is dead
https://www.ktts.com/2022/01/04/former-springfield-public-schools-employee-charged-after-making-threats-to-district/,124,ok
http://www.westcentralsbest.com/todays_country_1057/news/beauregard-parish-alternative-school-receives-bomb-threat-on-voice-mail/article_b8317204-6f29-11ec-add8-0b11df62a394.html,0,link is dead
https://www.foxnews.com/transcript/the-five-covid-lockdowns-schools,7582,ok
https://thesouthern.com/news/local/crime-and-courts/herrin-school-district-has-increased-security-following-social-media-threat/article_02f04754-1b03-5813-958d-1a98ec8cc80c.html,0,link is dead
https://www.freep.com/story/news/local/michigan/wayne/2022/01/06/taylor-high-threat-school-lockdown/9122508002/,299,ok
https://www.abc57.com/news/teen-facing-intimidation-charges-for-mishawaka-school-threat-pleads-guilty,145,ok
https://www.southbendtribune.com/story/news/2022/01/05/mishawaka-high-school-shooting-threat-student-pleads-guilty/9104793002/,435,ok
https://1049theedge.com/12-year-old-accused-of-texting-threat-of-violence-for-pennfield-schools-to-staff-member/,0,link is dead
https://www.valleybreeze.com/news/woonsocket/parents-raise-concerns-in-wake-of-woonsocket-school-lockdowns/article_71f2476c-6ce2-11ec-a701-fb23046b8622.html,0,link is dead
https://wincountry.com/2022/01/06/12-year-old-identified-as-suspect-in-threats-of-violence-made-against-pennfield-schools/,134,ok
https://wrkr.com/battle-creek-school-threat/,409,ok
https://www.wpsdlocal6.com/news/possible-threat-to-herrin-schools-provokes-additional-security-thursday/article_a6d75d1e-6ef4-11ec-aeb5-332351305759.html,95,ok
https://www.fox17online.com/news/local-news/kzoo-bc/calhoun/no-safety-threat-found-after-threat-of-violence-made-against-pennfield-schools,118,ok
https://www.myrecordjournal.com/News/Southington/Southington-News/Southington-councilor-plans-safety-forum-following-school-threats,0,link is dead
https://divyamarathi.bhaskar.com/local/maharashtra/aurangabad/news/aurangabad-agains-lockdown-school-off-marathi-news-aurangabad-again-under-siege-due-to-corona-classes-up-to-1-to-8-statndard-off-hurda-parties-farmhouse-closed-129276492.html,847,ok
https://woodradio.iheart.com/content/2022-01-06-pre-teen-accused-of-making-threats-against-pennfield-schools/,79,ok
https://www.tribdem.com/news/local-state-police-investigate-north-star-school-threat-that-prompts-lockdown/article_0160db8e-6e64-11ec-a154-7748b16af4a8.html,288,ok
https://wdet.org/posts/2022/01/06/91893-pranks-and-false-threats-at-schools-carry-heavy-penalties-michigan-attorney-general-says/,404,ok
https://www.virginislandsnewsonline.com/en/news/cindy-threatens-lawsuit-over-covid-19-testing-in-schools/,1223,ok
https://www.cincinnati.com/story/news/2022/01/05/talawanda-high-school-student-facing-charges-after-making-threats/9109913002/,137,ok
https://wbckfm.com/battle-creek-school-threat/,405,ok
https://go955.com/2022/01/06/12-year-old-identified-as-suspect-in-threats-of-violence-made-against-pennfield-schools/,134,ok
https://www.news8000.com/la-crosse-schools-provide-mental-health-resources-after-bomb-threat/,0,link is dead
https://www.virginislandsnewsonline.com/en/news/cindy-threatens-lawsuit-over-covid-19-testing-in-schools,1223,ok
https://www.azcentral.com/story/news/2022/01/05/philadelphia-apartment-fire-chicago-schools-bomb-threats-hbcus-winter-storm-trouble-wednesdays-news/9075551002/,1175,ok
https://www.cbs19.tv/article/news/local/school-alerting-parents-of-threatening-call-made-to-cathedral-office-says-other-area-churches-received-same-call/501-f4d543d1-a44d-4d10-b7e3-275088ad077f,0,link is dead
https://abc17news.com/news/2022/01/05/helias-high-school-placed-on-10-minute-lockdown-while-law-enforcement-searched-for-a-suspect/,1062,ok
https://www.mynbc5.com/article/winter-weather-threat-prompts-government-and-school-closures-in-northeast/38690917,745,ok
https://www.kmaj1440.com/news/winter-weather-threat-prompts-government-and-school-closures-in-northeast-with-over-60-million-under-winter-alerts/,0,link is dead
https://www.og979.com/news/winter-weather-threat-prompts-government-and-school-closures-in-northeast-with-over-60-million-under-winter-alerts/,0,link is dead
https://kvia.com/news/us-world/cnn-national/2022/01/07/winter-weather-threat-prompts-government-and-school-closures-in-northeast-with-over-60-million-under-winter-alerts/,890,ok
https://hot975fm.com/shocking-school-threat-in-bismarck-no-joke-about-it/,311,ok
https://www.dailyadvance.com/features/local/bowman-threat-of-lost-funds-forced-school-desegregation/article_803ca959-fbfd-56b4-b3ba-8fc7743153fe.html,0,link is dead
https://navbharattimes.indiatimes.com/state/bihar/gaya/bihar-lockdown-news-school-college-coaching-institute-closed-new-guidelines-amid-growing-omicron-corona-crisis/articleshow/88753330.cms,425,ok
https://kesq.com/news/national-world/cnn-national/2022/01/06/winter-weather-threat-prompts-government-and-school-closures-in-northeast-with-over-60-million-under-winter-alerts/,890,ok
https://keyt.com/news/national-world/cnn-national/2022/01/06/winter-weather-threat-prompts-government-and-school-closures-in-northeast-with-over-60-million-under-winter-alerts/,890,ok
https://www.kfru.com/news/winter-weather-threat-prompts-government-and-school-closures-in-northeast-with-over-60-million-under-winter-alerts/,0,link is dead
https://www.kten.com/story/45601750/winter-weather-threat-prompts-government-and-school-closures-in-northeast-with-over-60-million-under-winter-alerts,0,link is dead
https://www.stltoday.com/weather/winter-weather-threat-prompts-government-school-closures-over-60-million-under-winter-alerts/article_e7bdc578-4e57-55e2-95e8-2478c104cecf.html,0,link is dead
https://www.q106dot5.com/news/winter-weather-threat-prompts-government-and-school-closures-in-northeast-with-over-60-million-under-winter-alerts/,0,link is dead
https://www.dailyamerican.com/story/news/local/2022/01/05/north-star-school-district-somerset-county-lockdown/9107539002/,241,ok
https://www.wmac-am.com/news/winter-weather-threat-prompts-government-and-school-closures-in-northeast-with-over-60-million-under-winter-alerts/,0,link is dead
https://www.wpbf.com/article/winter-weather-threat-prompts-government-and-school-closures-in-northeast/38690917,745,ok
https://www.wgowam.com/news/winter-weather-threat-prompts-government-and-school-closures-in-northeast-with-over-60-million-under-winter-alerts/,0,link is dead
https://www.gulf104.com/news/winter-weather-threat-prompts-government-and-school-closures-in-northeast-with-over-60-million-under-winter-alerts/,0,link is dead
https://www.wgal.com/article/winter-weather-threat-prompts-government-and-school-closures-in-northeast/38690917,745,ok
https://www.wfnc640am.com/news/winter-weather-threat-prompts-government-and-school-closures-in-northeast-with-over-60-million-under-winter-alerts/,0,link is dead
https://whoradio.iheart.com/content/2022-01-07-southeast-polk-school-board-meeting-ends-early-because-of-bomb-threat/,69,ok
https://ktvz.com/news/national-world/cnn-national/2022/01/06/winter-weather-threat-prompts-government-and-school-closures-in-northeast-with-over-60-million-under-winter-alerts/,890,ok
https://www.koco.com/article/winter-weather-threat-prompts-government-and-school-closures-in-northeast/38690917,745,ok
https://www.kwxx.com/2022/01/07/hawai%CA%BBi-county-police-respond-to-threats-at-waiakea-high-school/,139,ok
https://www.kaok.com/news/winter-weather-threat-prompts-government-and-school-closures-in-northeast-with-over-60-million-under-winter-alerts/,0,link is dead
https://www.thedickinsonpress.com/news/crime-and-courts/7342248-Two-Bismarck-high-school-students-arrested-after-Snapchat-threat,0,link is dead
https://www.wyff4.com/article/winter-weather-threat-prompts-government-and-school-closures-in-northeast/38690917,745,ok
https://www.koat.com/article/winter-weather-threat-prompts-government-and-school-closures-in-northeast/38690917,745,ok
https://www.wdsu.com/article/winter-weather-threat-prompts-government-and-school-closures-in-northeast/38690917,745,ok
https://kesq.com/news/2022/01/07/winter-weather-threat-prompts-government-and-school-closures-in-northeast-with-over-60-million-under-winter-alerts-2/,891,ok
https://www.gwinnettdailypost.com/news/winter-weather-threat-prompts-government-and-school-closures-in-northeast-with-over-60-million-under/article_cbd0bfbc-3d91-58b0-8c2b-bf5bfb699936.html,0,link is dead
https://www.therebelrocks.com/news/winter-weather-threat-prompts-government-and-school-closures-in-northeast-with-over-60-million-under-winter-alerts/,0,link is dead
https://www.kugn.com/news/winter-weather-threat-prompts-government-and-school-closures-in-northeast-with-over-60-million-under-winter-alerts/,0,link is dead
https://www.krrq.com/news/winter-weather-threat-prompts-government-and-school-closures-in-northeast-with-over-60-million-under-winter-alerts/,0,link is dead
https://www.kcra.com/article/winter-weather-threat-prompts-government-and-school-closures-in-northeast/38690917,745,ok
https://www.firstcoastnews.com/article/news/local/sandalwood-high-school-increases-security-in-response-to-social-media-threat/77-17e7982b-ec82-4fa3-9a63-1daddb305c6e,0,link is dead
https://www.newsradio1029.com/news/winter-weather-threat-prompts-government-and-school-closures-in-northeast-with-over-60-million-under-winter-alerts/,0,link is dead
https://www.kkgb.com/news/winter-weather-threat-prompts-government-and-school-closures-in-northeast-with-over-60-million-under-winter-alerts/,0,link is dead
https://www.msn.com/en-us/news/us/winter-storm-weather-threat-prompts-government-and-school-closures-in-northeast/ar-AASwyN4,0,page opened but no article text
https://www.kcci.com/article/winter-weather-threat-prompts-government-and-school-closures-in-northeast/38690917,745,ok
https://www.kmbc.com/article/winter-weather-threat-prompts-government-and-school-closures-in-northeast/38690917,745,ok
https://www.wcoapensacola.com/news/winter-weather-threat-prompts-government-and-school-closures-in-northeast-with-over-60-million-under-winter-alerts/,0,link is dead
https://www.kwin.com/news/winter-weather-threat-prompts-government-and-school-closures-in-northeast-with-over-60-million-under-winter-alerts/,0,link is dead
https://www.jamestownsun.com/news/crime-and-courts/7342248-Two-Bismarck-high-school-students-arrested-after-Snapchat-threat,0,link is dead
https://www.1021thefox.com/news/winter-weather-threat-prompts-government-and-school-closures-in-northeast-with-over-60-million-under-winter-alerts/,0,link is dead
https://www.975thevibe.com/news/winter-weather-threat-prompts-government-and-school-closures-in-northeast-with-over-60-million-under-winter-alerts/,0,link is dead
https://www.z1023online.com/news/winter-weather-threat-prompts-government-and-school-closures-in-northeast-with-over-60-million-under-winter-alerts/,0,link is dead
https://www.wisn.com/article/winter-weather-threat-prompts-government-and-school-closures-in-northeast/38690917,745,ok
https://www.93q.com/news/winter-weather-threat-prompts-government-and-school-closures-in-northeast-with-over-60-million-under-winter-alerts/,0,link is dead
https://www.wrcbtv.com/story/45601750/winter-weather-threat-prompts-government-and-school-closures-in-northeast-with-over-60-million-under-winter-alerts,0,link is dead
https://muscatinejournal.com/weather/winter-weather-threat-prompts-government-school-closures-over-60-million-under-winter-alerts/article_63a4fd0c-b4bf-56e8-b63b-d47ea68ff381.html,0,link is dead
https://www.wxkr.com/news/winter-weather-threat-prompts-government-and-school-closures-in-northeast-with-over-60-million-under-winter-alerts/,0,link is dead
https://www.abc12.com/news/crime/houghton-county-clerk-has-ptsd-after-threatening-phone-call-from-davison-school-board-member/article_d33e4a94-6f43-11ec-86a7-b3fe1e715f9c.html,0,link is dead
https://www.kgoradio.com/news/winter-weather-threat-prompts-government-and-school-closures-in-northeast-with-over-60-million-under-winter-alerts/,0,link is dead
https://www.desmoinesregister.com/story/news/local/southeast-polk/2022/01/06/southeast-polk-school-board-threat-bomb-shooting-suspect-identified-altoona/9126244002/,448,ok
https://siouxcityjournal.com/weather/winter-weather-threat-prompts-government-school-closures-over-60-million-under-winter-alerts/article_7fb25ffd-1513-5e1f-be5a-ce5564445433.html,0,link is dead
https://www.kitv.com/news/crime/terroristic-threats-made-against-wai-kea-high-school/article_7305200c-6f67-11ec-b41d-7b6b31c73fa4.html,0,link is dead
https://www.wlky.com/article/winter-weather-threat-prompts-government-and-school-closures-in-northeast/38690917,745,ok
https://www.wxii12.com/article/winter-weather-threat-prompts-government-and-school-closures-in-northeast/38690917,745,ok
https://www.kbull93.com/news/winter-weather-threat-prompts-government-and-school-closures-in-northeast-with-over-60-million-under-winter-alerts/,0,link is dead
https://www.henryherald.com/news/winter-weather-threat-prompts-government-and-school-closures-in-northeast-with-over-60-million-under/article_839d7967-1c19-5713-b45a-38fcb865ea03.html,0,link is dead
https://www.mystar98.com/news/winter-weather-threat-prompts-government-and-school-closures-in-northeast-with-over-60-million-under-winter-alerts/,0,link is dead
https://www.khit1075.com/news/winter-weather-threat-prompts-government-and-school-closures-in-northeast-with-over-60-million-under-winter-alerts/,0,link is dead
https://www.wlwt.com/article/winter-weather-threat-prompts-government-and-school-closures-in-northeast/38690917,745,ok
https://1430kasi.iheart.com/content/2022-01-07-southeast-polk-school-board-meeting-ends-early-because-of-bomb-threat/,69,ok
https://www.y102montgomery.com/news/winter-weather-threat-prompts-government-and-school-closures-in-northeast-with-over-60-million-under-winter-alerts/,0,link is dead
https://abc17news.com/news/2022/01/07/winter-weather-threat-prompts-government-and-school-closures-in-northeast-with-over-60-million-under-winter-alerts/,890,ok
https://www.wjcw.com/news/winter-weather-threat-prompts-government-and-school-closures-in-northeast-with-over-60-million-under-winter-alerts/,0,link is dead
https://www.wlsam.com/news/winter-weather-threat-prompts-government-and-school-closures-in-northeast-with-over-60-million-under-winter-alerts/,0,link is dead
https://www.klik1240.com/news/winter-weather-threat-prompts-government-and-school-closures-in-northeast-with-over-60-million-under-winter-alerts/,0,link is dead
https://www.ksmb.com/news/winter-weather-threat-prompts-government-and-school-closures-in-northeast-with-over-60-million-under-winter-alerts/,0,link is dead
https://triblive.com/local/regional/teacher-shortage-stokes-covid-threat-for-w-pa-schools-fighting-to-stay-in-the-classroom/,1514,ok
https://gazette.com/news/manitou-springs-police-arrest-juvenile-suspect-in-connection-with-threats-against-school-district/article_05663914-6fee-11ec-a03b-734ff539ae6f.html,0,link is dead
https://wkmi.com/battle-creek-school-threat/,409,ok
https://www.z937.com/news/winter-weather-threat-prompts-government-and-school-closures-in-northeast-with-over-60-million-under-winter-alerts/,0,link is dead
https://www.knek.com/news/winter-weather-threat-prompts-government-and-school-closures-in-northeast-with-over-60-million-under-winter-alerts/,0,link is dead
https://www.wbaltv.com/article/winter-weather-threat-prompts-government-and-school-closures-in-northeast/38690917,745,ok
https://cool987fm.com/shocking-school-threat-in-bismarck-no-joke-about-it/,311,ok
https://supertalk1270.com/shocking-school-threat-in-bismarck-no-joke-about-it/,289,ok
https://www.wvnn.com/news/winter-weather-threat-prompts-government-and-school-closures-in-northeast-with-over-60-million-under-winter-alerts/,0,link is dead
https://thebrunswicknews.com/breaking/shooting-north-of-burroughs-molette-puts-school-on-soft-lockdown/article_c100a92f-e17b-55fc-931b-719e2c982215.html,0,link is dead
https://www.arkansasonline.com/news/2022/jan/07/england-school-district-placed-on-3-hour-lockdown/,224,ok
https://www.msn.com/en-us/news/us/bomb-threat-leads-to-evacuation-of-southeast-polk-school-board-meeting-thursday-night/ar-AASw78w,0,page opened but no article text
https://www.redeyeradioshow.com/news/winter-weather-threat-prompts-government-and-school-closures-in-northeast-with-over-60-million-under-winter-alerts/,0,link is dead
https://www.wgow.com/news/winter-weather-threat-prompts-government-and-school-closures-in-northeast-with-over-60-million-under-winter-alerts/,0,link is dead
https://www.wmur.com/article/winter-weather-threat-prompts-government-and-school-closures-in-northeast/38690917,745,ok
https://localnews8.com/news/2022/01/07/winter-weather-threat-prompts-government-and-school-closures-in-northeast-with-over-60-million-under-winter-alerts/,890,ok
https://www.newstalk1030.com/news/winter-weather-threat-prompts-government-and-school-closures-in-northeast-with-over-60-million-under-winter-alerts/,0,link is dead
https://www.news-daily.com/news/winter-weather-threat-prompts-government-and-school-closures-in-northeast-with-over-60-million-under/article_04bccfdb-2ba7-5683-9192-dbe3cedc6bfd.html,0,link is dead
https://www.erienewsnow.com/story/45601750/winter-weather-threat-prompts-government-and-school-closures-in-northeast-with-over-60-million-under-winter-alerts,0,link is dead
https://thebrunswicknews.com/breaking/shooting-north-of-burroughs-molette-puts-school-on-soft-lockdown-thursday/article_c100a92f-e17b-55fc-931b-719e2c982215.html,0,link is dead
https://tucson.com/weather/winter-weather-threat-prompts-government-school-closures-over-60-million-under-winter-alerts/article_fb8e5d71-2263-5528-a958-3b949bbbc801.html,0,link is dead
https://www.mymix1061.com/news/winter-weather-threat-prompts-government-and-school-closures-in-northeast-with-over-60-million-under-winter-alerts/,0,link is dead
https://localnews8.com/news/national-world/cnn-national/2022/01/07/winter-weather-threat-prompts-government-and-school-closures-in-northeast-with-over-60-million-under-winter-alerts/,890,ok
https://www.wqut.com/news/winter-weather-threat-prompts-government-and-school-closures-in-northeast-with-over-60-million-under-winter-alerts/,0,link is dead
https://localnews8.com/news/2022/01/07/winter-weather-threat-prompts-government-and-school-closures-in-northeast-with-over-60-million-under-winter-alerts-2/,890,ok
https://www.wogb.fm/news/winter-weather-threat-prompts-government-and-school-closures-in-northeast-with-over-60-million-under-winter-alerts/,0,link is dead
https://wkfr.com/12-year-old-accused-of-texting-threat-of-violence-for-pennfield-schools-to-staff-member/,409,ok
https://www.msn.com/en-us/news/crime/police-warn-iowa-school-board-members-of-bomb-threat-during-meeting/ar-AASxuA4,0,page opened but no article text
https://www.albanyherald.com/news/winter-weather-threat-prompts-government-and-school-closures-in-northeast-with-over-60-million-under/article_e5aa9195-37c3-56e4-9dfc-0021e9c19568.html,0,link is dead
https://www.warm1033.com/news/winter-weather-threat-prompts-government-and-school-closures-in-northeast-with-over-60-million-under-winter-alerts/,0,link is dead
https://www.kcci.com/article/southeast-polk-iowa-school-board-meeting-disrupted-by-threat/38693591,83,ok
https://www.wcvb.com/article/winter-weather-threat-prompts-government-and-school-closures-in-northeast/38690917,745,ok
https://www.weareiowa.com/article/news/education/bomb-threat-called-into-southeast-polk-school-board-meeting-altona-police-clear-building/524-041d9f48-730a-4b4d-b394-fb7478403ec3,0,link is dead
https://www.max94one.com/news/winter-weather-threat-prompts-government-and-school-closures-in-northeast-with-over-60-million-under-winter-alerts/,0,link is dead
https://localnews8.com/news/national-world/cnn-national/2022/01/07/winter-weather-threat-prompts-government-and-school-closures-in-northeast-with-over-60-million-under-winter-alerts-2/,890,ok
https://www.wtae.com/article/winter-weather-threat-prompts-government-and-school-closures-in-northeast/38690917,745,ok
https://www.msn.com/en-us/news/us/several-north-georgia-school-districts-delay-start-as-low-temperatures-threaten-road-conditions/ar-AASw9Dc,0,page opened but no article text
https://www.jacksonprogress-argus.com/news/winter-weather-threat-prompts-government-and-school-closures-in-northeast-with-over-60-million-under/article_ed997c3d-dd53-5518-b4dc-4398cf13ecd7.html,0,link is dead
https://www.921theticket.com/news/winter-weather-threat-prompts-government-and-school-closures-in-northeast-with-over-60-million-under-winter-alerts/,0,link is dead
https://www.790business.com/news/winter-weather-threat-prompts-government-and-school-closures-in-northeast-with-over-60-million-under-winter-alerts/,0,link is dead
https://www.wesh.com/article/winter-weather-threat-prompts-government-and-school-closures-in-northeast/38690917,745,ok
https://www.790wpic.com/news/winter-weather-threat-prompts-government-and-school-closures-in-northeast-with-over-60-million-under-winter-alerts/,0,link is dead
https://www.wjbc.com/news/winter-weather-threat-prompts-government-and-school-closures-in-northeast-with-over-60-million-under-winter-alerts/,0,link is dead
https://www.wvtm13.com/article/winter-weather-threat-prompts-government-and-school-closures-in-northeast/38690917,745,ok
https://journaltimes.com/news/local/mount-pleasant-cop-disciplined-after-texting-veiled-threat-about-racine-lutheran-high-school-student/article_80222aad-74fc-507d-b149-b99e3c261a6b.html,0,link is dead
https://independenttribune.com/weather/winter-weather-threat-prompts-government-school-closures-over-60-million-under-winter-alerts/article_f7c27a5e-aac5-5649-b898-cb23c3a349ae.html,0,link is dead
https://gazette.com/news/crime/manitou-springs-police-arrest-juvenile-suspect-in-connection-with-threats-against-school-district/article_05663914-6fee-11ec-a03b-734ff539ae6f.html,285,ok
https://www.nwitimes.com/weather/winter-weather-threat-prompts-government-school-closures-over-60-million-under-winter-alerts/article_b4bebe93-3574-5cd4-ad57-5a368dbd30ae.html,0,link is dead
https://tulsaworld.com/weather/winter-weather-threat-prompts-government-school-closures-over-60-million-under-winter-alerts/article_0596c811-1cd3-5f96-890b-37c8f5f3ad75.html,0,link is dead
https://theindependent.com/weather/winter-weather-threat-prompts-government-school-closures-over-60-million-under-winter-alerts/article_68088da4-7936-50f7-af12-e46f2b290b4b.html,0,link is dead
https://scnow.com/weather/winter-weather-threat-prompts-government-school-closures-over-60-million-under-winter-alerts/article_225bdcb0-e7ae-5160-ab29-1cef71daf189.html,0,link is dead
https://www.wfmz.com/weather/winter-weather-threat-prompts-government-school-closures-over-60-million-under-winter-alerts/article_a2e1c261-2ff2-5cbc-8b57-5bdc08f67b7a.html,0,link is dead
http://www.msn.com/en-us/news/crime/former-parkland-students-sue-school-and-county-officials-alleging-they-knew-the-gunman-was-a-threat-and-could-have-stopped-the-2018-massacre/ar-AASyamr,0,page opened but no article text
https://www.wiscnews.com/weather/winter-weather-threat-prompts-government-school-closures-over-60-million-under-winter-alerts/article_1adbf9bf-078d-563d-92be-83e6be5aa81d.html,0,link is dead
https://hickoryrecord.com/weather/winter-weather-threat-prompts-government-school-closures-over-60-million-under-winter-alerts/article_e37096bb-13df-553d-a866-d05fa62e921a.html,0,link is dead
https://wacotrib.com/weather/winter-weather-threat-prompts-government-school-closures-over-60-million-under-winter-alerts/article_f15ab95f-8ea5-5ccf-b81c-b2f5653d1ccf.html,0,link is dead
https://www.breitbart.com/politics/2022/01/08/lockdown-generation-california-students-suffered-academically-during-pandemic-school-year/,414,ok
https://journalstar.com/weather/winter-weather-threat-prompts-government-school-closures-over-60-million-under-winter-alerts/article_772dc4e9-52eb-5cd0-982e-8a1cbf232774.html,0,link is dead
https://lexch.com/weather/winter-weather-threat-prompts-government-school-closures-over-60-million-under-winter-alerts/article_cba1ed5b-eaaa-5eb7-9cd1-8102666fb47a.html,0,link is dead
https://www.msn.com/en-us/news/crime/rutherford-high-school-shooting-threat-under-investigation/ar-AASyaYH,0,page opened but no article text
https://nptelegraph.com/weather/winter-weather-threat-prompts-government-school-closures-over-60-million-under-winter-alerts/article_3a7ed898-2092-52c1-92e5-dcfe59735603.html,0,link is dead
https://kearneyhub.com/weather/winter-weather-threat-prompts-government-school-closures-over-60-million-under-winter-alerts/article_5ff0f9a7-b60b-501e-ac99-716b933f3a64.html,0,link is dead
https://billingsgazette.com/weather/winter-weather-threat-prompts-government-school-closures-over-60-million-under-winter-alerts/article_3eec76de-95fc-5619-a4b7-462066e7cfa1.html,0,link is dead
https://richmond.com/weather/winter-weather-threat-prompts-government-school-closures-over-60-million-under-winter-alerts/article_86580a82-9e85-56f3-abe4-50d4adb60adb.html,0,link is dead
https://morganton.com/weather/winter-weather-threat-prompts-government-school-closures-over-60-million-under-winter-alerts/article_705871a8-9389-50a3-ba41-280edf603243.html,0,link is dead
https://montreal.ctvnews.ca/ultra-orthodox-schools-remain-open-despite-quebec-lockdown-measures-1.5731885,206,ok
https://omaha.com/weather/winter-weather-threat-prompts-government-school-closures-over-60-million-under-winter-alerts/article_1c048e19-ce40-5d50-9127-0bac401f9d5b.html,0,link is dead
https://madison.com/weather/winter-weather-threat-prompts-government-school-closures-over-60-million-under-winter-alerts/article_0549e8f9-fc55-55ab-8296-11ba5090cf1d.html,0,link is dead
https://qctimes.com/weather/winter-weather-threat-prompts-government-school-closures-over-60-million-under-winter-alerts/article_ebee1928-f7c5-574d-9498-ecb9668ead85.html,0,link is dead
https://dothaneagle.com/weather/winter-weather-threat-prompts-government-school-closures-over-60-million-under-winter-alerts/article_a21581bf-7ecd-5eb4-93b3-396bca443321.html,0,link is dead
https://www.app.com/story/news/local/courts/2022/01/07/point-pleasant-beach-nj-man-guilty-threatening-messages-schools/9137687002/,297,ok
https://www.goerie.com/story/news/crime/2022/01/08/iroquois-school-district-bomb-threats-juveniles-shooting-gun-violence-crime/9134750002/,114,ok
https://buffalonews.com/weather/winter-weather-threat-prompts-government-school-closures-over-60-million-under-winter-alerts/article_0536d7fc-b50d-5a70-b43d-ec98a290234c.html,0,link is dead
https://pressofatlanticcity.com/weather/winter-weather-threat-prompts-government-school-closures-over-60-million-under-winter-alerts/article_45caa741-6dc0-5934-badc-8a0e4daf3531.html,0,link is dead
https://www.jagranjosh.com/news/maharashtra-lockdown-news-schools-colleges-and-coaching-centres-closed-until-15th-february-162124,424,ok
https://www.yumasun.com/news/one-button-lockdown-alert-system-at-crane-schools-initiates-lockdowns/article_9aa0ea20-70e2-11ec-8c6b-bbb07571acbf.html,0,link is dead
https://greensboro.com/weather/winter-weather-threat-prompts-government-school-closures-over-60-million-under-winter-alerts/article_8a438cee-7feb-57b4-a0fc-bfeb025dfaa8.html,0,link is dead
https://www.wcsy.com/2022/01/08/attorney-general-warns-of-consequences-of-making-school-threats/,172,ok
https://www.983thecoast.com/2022/01/08/attorney-general-warns-of-consequences-of-making-school-threats/,0,link is dead
https://atlantablackstar.com/2022/01/09/washington-state-man-charged-with-hate-crime-after-getting-involved-in-his-daughters-scuffle-to-threaten-a-black-schoolmate-and-follow-him-around-off-school-grounds/,390,ok
https://www.wirx.com/2022/01/08/attorney-general-warns-of-consequences-of-making-school-threats/,0,link is dead
https://www.wsjm.com/2022/01/08/attorney-general-warns-of-consequences-of-making-school-threats/,172,ok
https://tribuneonlineng.com/lagos-threatens-to-seal-schools-over-failure-to-resume-on-january-4/,395,ok
https://www.vanguardngr.com/2022/01/minimum-wage-nut-threatens-to-shutdown-primary-school-system-in-delta/,534,ok
https://www.jagranjosh.com/news/hp-lockdown-news-schools-colleges-closed-in-himachal-pradesh-until-26th-january-162122,362,ok
https://www.leadertelegram.com/news/world/ugandas-schools-reopen-ending-worlds-longest-lockdown/article_2cc86ed5-67b8-5552-8f46-cfecb1883b6d.html,0,link is dead
https://www.mykxlg.com/news/world/ugandas-schools-reopen-ending-worlds-longest-lockdown/article_362e774c-c50f-5aab-8b08-678adbac2d64.html,0,link is dead
https://www.clintonherald.com/region/ugandas-schools-reopen-ending-worlds-longest-lockdown/article_0cdd790a-23c1-5215-8bf1-23ffeabcf7e5.html,0,link is dead
https://www.sandiegouniontribune.com/news/nation-world/story/2022-01-10/ugandas-schools-reopen-ending-worlds-longest-lockdown,636,ok
https://www.smdailyjournal.com/news/world/ugandas-schools-reopen-ending-worlds-longest-lockdown/article_6d44a32e-d862-592d-ad29-aeaacf0ef7ab.html,0,link is dead
https://www.azcentral.com/story/news/local/surprise-breaking/2022/01/10/14-year-old-arrested-after-threatening-shoot-up-school-surprise/9158879002/,246,ok
https://www.fox10phoenix.com/news/i-will-shoot-up-the-school-surprise-police-arrest-teen-accused-of-posting-threats-to-social-media,246,ok
https://wdet.org/2022/01/06/pranks-and-false-threats-at-schools-carry-heavy-penalties-michigan-attorney-general-says/,404,ok
https://www.africaleader.com/news/272143111/uganda-reopens-schools-after-2-years-of-covid-19-lockdown,805,ok
https://economynext.com/kids-in-sri-lanka-back-to-school-amid-vaccine-rollout-as-threat-of-omicron-looms-89520/,503,ok
https://wtmj.com/national/2022/01/10/ugandas-schools-reopen-ending-worlds-longest-lockdown/,0,link is dead
https://redstate.com/mike_miller/2022/01/09/loyal-left-leaning-democrat-torches-party-over-covid-school-lockdowns-n503924,1286,ok
https://www.swoknews.com/ap/national/ugandas-schools-reopen-ending-worlds-longest-lockdown/article_982489ab-beaa-500e-8bf3-aab6e9b2ffce.html,0,link is dead
https://thehimalayantimes.com/world/ugandas-schools-reopen-ending-worlds-longest-lockdown,0,link is dead
https://www.cp24.com/world/uganda-s-schools-reopen-ending-world-s-longest-lockdown-1.5733748,0,link is dead
https://menafn.com/1103516076/Qatar-Ugandas-schools-reopen-ending-worlds-longest-lockdown,702,ok
http://www.elpasoinc.com/news/ap_wire/international/ugandas-schools-reopen-ending-worlds-longest-lockdown/article_81fc8bdc-7107-51ed-808e-281dbfec03b2.html,0,link is dead
https://www.9news.com/article/news/nation-world/security-protocols-threat-responses-schools/507-67c45da5-9a93-43a0-b124-d47cd115c1ef,0,link is dead
https://abcnews.go.com/International/wireStory/ugandas-schools-reopen-ending-worlds-longest-lockdown-82175552,0,link is dead
https://mynorthwest.com/3306538/ugandas-schools-reopen-ending-worlds-longest-lockdown/,0,link is dead
https://www.abc15.com/news/region-west-valley/surprise/teen-arrested-after-making-threats-toward-surprise-elementary-school,164,ok
https://www.divyabhaskar.co.in/national/news/mini-lockdown-in-maharashtra-night-curfew-from-11pm-to-5am-section-144-enforced-during-the-day-school-college-closed-till-15th-february-129288389.html,525,ok
https://www.mymotherlode.com/news/africa/2245289/ugandas-schools-reopen-ending-worlds-longest-lockdown.html,0,link is dead
https://www.wshu.org/long-island-news/2022-01-10/hochul-threatens-funding-cuts-to-school-districts-that-disobey-the-states-mask-mandate,294,ok
https://wtmj.com/national/2022/01/10/ugandas-schools-reopen-ending-worlds-longest-lockdown-2/,0,link is dead
https://www.voanews.com/a/uganda-reopens-schools-after-2-years-of-covid-19-lockdown-/6390314.html,447,ok
https://kyma.com/news/2022/01/10/schools-online-software-threatened-by-ransomware-attack/,1062,ok
https://www.mexicostar.com/news/272143111/uganda-reopens-schools-after-2-years-of-covid-19-lockdown,790,ok
https://www.ctvnews.ca/world/uganda-s-schools-reopen-ending-world-s-longest-lockdown-1.5733741,0,link is dead
https://www.rtlnieuws.nl/nieuws/nederland/artikel/5279944/fitness-sportschool-lockdown-coronamaatregelen-gezondheid,0,page opened but no article text
https://www.pbs.org/newshour/world/worlds-longest-education-lockdown-ends-as-ugandas-schools-reopen,723,ok
https://hindi.webdunia.com/coronavirus/there-will-be-no-lockdown-in-madhya-pradesh-even-schools-will-not-be-closed-122011000081_1.html,492,ok
https://www.msn.com/en-us/news/crime/sheriff-s-office-investigating-bank-robbery-farragut-schools-on-lockdown/ar-AASDxSG,0,page opened but no article text
https://www.kmaj1440.com/news/armed-topeka-teen-arrested-at-middle-school-for-deadly-threat/,0,link is dead
https://www.pakistantelegraph.com/news/272144690/virus-threat-forces-schools-closure-in-nepal,528,ok
https://www.abc12.com/news/bridgeport-high-school-threat-non-credible-but-attendance-suffers/article_24b56e28-7261-11ec-bcec-1f21cda10b36.html,0,link is dead
https://www.malaysiasun.com/news/272144690/virus-threat-forces-schools-closure-in-nepal,0,link is dead
https://www.azerbaijannews.net/news/272144690/schools-in-nepal-shut-until-january-29-amid-virus-threat,252,ok
https://www.wgnsradio.com/article/72602/oakland-high-school-placed-on-lockdown-tuesday,350,ok
https://www.nbcsandiego.com/news/local/san-diego-unified-school-in-bay-terraces-in-lockdown/2835616/,238,ok
https://www.tribuneindia.com/news/world/schools-across-uganda-reopen-ending-worlds-longest-lockdown-360255,118,ok
https://www.nepalnational.com/news/272144690/virus-threat-forces-schools-closure-in-nepal,541,ok
https://dailytimes.com.pk/867203/no-lockdown-or-closure-of-schools-fawad-chaudhary/,0,link is dead
https://www.sandiegouniontribune.com/news/public-safety/story/2022-01-10/school-of-creative-and-performing-arts-on-lockdown-while-police-investigate-disturbance,251,ok
https://www.myanmarnews.net/news/272144690/schools-in-nepal-shut-until-january-29-amid-virus-threat,252,ok
https://www.geo.tv/latest/392777-centre-rules-out-lockdown-closure-of-schools-fawad-chaudhry,546,ok
"https://www.africaintelligence.com/central-and-west-africa_diplomacy/2022/01/11/ankara-bangui-rapprochement-threatens-fethullah-gulen-s-school,109715816-art",398,ok
https://www.visaliatimesdelta.com/story/news/2022/01/10/visalia-police-arrest-juvenile-accused-threatening-middle-school/9154620002/,249,ok
https://www.kusi.com/scpa-in-lockdown-amid-reports-of-possibly-armed-man-near-school-in-bay-terraces/,31,ok
https://www.localmemphis.com/article/news/crime/olive-branch-center-hill-school-threats-mississippi-juvenile-arrested/522-e8bfca7a-29de-4aff-b897-27f41089989f,0,link is dead
https://www.erienewsnow.com/story/45631515/no-threat-found-after-police-investigate-report-of-person-with-gun-at-erie-high-school,0,link is dead
https://www.laosnews.net/news/272144690/schools-in-nepal-shut-until-january-29-amid-virus-threat,252,ok
https://www.telegraph.co.uk/news/2022/01/11/second-lockdown-school-closure-set-pupils-back-just-starting/,0,link is dead
"https://www.africaintelligence.com/central-and-west-africa_diplomacy/2022/01/11/bangui-ankara-rapprochement-threatens-fethullah-gulen-s-school,109715816-art",398,ok
https://www.washingtonpost.com/kidspost/2022/01/10/uganda-long-school-lockdown/,0,link is dead
https://www.freepressjournal.in/bhopal/jabalpur-dilapidated-school-building-poses-threat-to-students-administration-unaware,299,ok
https://www.v100rocks.com/news/armed-topeka-teen-arrested-at-middle-school-for-deadly-threat/,0,link is dead
https://www.bruneinews.net/news/272144690/schools-in-nepal-shut-until-january-29-amid-virus-threat,252,ok
https://www.12news.com/article/news/crime/14-year-old-arrested-making-threats-surprise-school-police-say/75-b95be364-d9f8-4d45-88a8-d0b3d77c0e28,0,link is dead
https://www.goerie.com/story/news/education/2022/01/11/erie-high-lockdown-no-threat-no-injuries-following-gun-school-call/9174175002/,274,ok
https://news.yahoo.com/oakland-high-school-placed-lockdown-173632183.html,280,ok
https://www.monitor.co.ug/uganda/news/national/how-ready-are-schools-for-girls-who-got-pregnant-during-lockdown--3678320,146,ok
https://www.abc12.com/news/education/bridgeport-high-school-threat-non-credible-but-attendance-suffers/article_24b56e28-7261-11ec-bcec-1f21cda10b36.html,419,ok
https://www.dnj.com/story/news/2022/01/11/oakland-high-school-murfreesboro-tennessee-lockdown-threat-instagram/9171473002/,261,ok
https://www.wdio.com/duluth-minnesota-news/threat-to-duluth-east-high-school-deemed-non-credible/6355446/?cat=10335,189,ok
https://www.asiabulletin.com/news/272144690/virus-threat-forces-schools-closure-in-nepal,546,ok
https://www.abc12.com/news/crime/davison-school-board-member-gets-probation-fines-in-u-p-threats-case/article_d9eea378-7305-11ec-9998-473045dde9d2.html,836,ok
https://www.stltoday.com/lifestyles/health-med-fit/ugandas-schools-reopen-ending-worlds-longest-lockdown/article_74da2f95-277d-5926-a318-dacad29fc80e.html,0,link is dead
https://www.vietnamtribune.com/news/272144690/virus-threat-forces-schools-closure-in-nepal,566,ok
https://www.newdelhitimes.com/uganda-reopens-schools-after-2-years-of-covid-19-lockdown/,458,ok
https://smnewsnet.com/archives/500447/police-in-charles-county-investigating-threats-of-mass-violence-at-st-charles-high-school/,0,link is dead
https://www.bhaskar.com/international/news/america-uks-new-normal-plan-corona-is-not-eliminated-better-preparedness-for-competition-there-will-be-no-lockdown-schools-will-remain-open-129290343.html,743,ok
https://www.cbs8.com/article/news/local/san-diego-school-of-creative-and-performing-arts-lockdown/509-cf807090-0b92-4f61-b25a-580087e3b9cd,0,link is dead
https://www.3aw.com.au/teachers-concerned-by-covid-19-threat-as-start-of-school-year-nears/,283,ok
https://www.wtae.com/article/carrick-high-school-lockdown-gun/38737893,324,ok
https://bringmethenews.com/minnesota-news/threat-forces-duluth-school-into-lockdown,0,link is dead
https://www.10news.com/news/local-news/police-possible-armed-man-prompts-lockdown-at-san-diego-school-of-creative-and-performing-arts,144,ok
https://www.news8000.com/school-threat-reporting-west-salem-school-leaders-embrace-responsibility-toward-school-safety/,0,link is dead
https://www.southeastasiapost.com/news/272144690/virus-threat-forces-schools-closure-in-nepal,581,ok
https://www.tanzanianewsreports.com/ugandas-schools-reopen-ending-worlds-longest-lockdown/,0,page opened but no article text
https://www.thezimbabwemail.com/education/ugandas-schools-reopen-ending-worlds-longest-lockdown/,0,link is dead
http://www.nagalandpost.com/uganda-s-schools-reopen-ending-world-s-longest-lockdown/248217.html,0,link is dead
https://www.wandtv.com/news/teen-who-threatened-violence-against-classmate-at-school-to-serve-probation/article_1d9dc920-732c-11ec-9617-abccad9fa548.html,0,link is dead
https://www.capenews.net/mashpee/news/mashpee-school-resource-officer-discusses-keeping-students-safe-amid-security-threats/article_aa256de2-fd42-5381-b183-d227dac84b7f.html,0,link is dead
https://dailyvoice.com/new-york/rye/schools/port-chester-school-district-placed-in-lockout-due-to-anonymous-threat/823790/,0,link is dead
https://www.dailyherald.com/news/20220112/hoffman-estates-woman-in-custody-after-report-of-person-with-gun-puts-schools-on-lockdown,0,page opened but no article text
https://www.msn.com/en-us/news/us/oakland-students-threaten-to-boycott-classes-unless-school-district-meets-covid-demands/ar-AASGmZi,0,page opened but no article text
https://www.wnmufm.org/crime/2022-01-12/soo-student-14-in-custody-for-making-threat-towards-high-school,141,ok
https://www.somersetlive.co.uk/news/somerset-news/teachers-somerset-school-threaten-strike-6481578,501,ok
https://www.wdio.com/duluth-minnesota-news/threat-to-duluth-east-high-school-deemed-non-credible/6355446/,189,ok
https://www.sunjournal.com/2022/01/12/leavitt-area-high-school-closed-wednesday-due-to-threat/,264,ok
https://www.ypradio.org/2022-01-12/students-in-oakland-ca-threaten-walk-out-if-schools-dont-beef-up-covid-19-protections,62,ok
https://hotair.com/headlines/2022/01/12/oakland-students-threaten-to-boycott-class-unless-school-district-meets-covid-demands-n440993,160,ok
https://www.columbiagorgenews.com/news/the-dalles-high-school-placed-into-lockdown-following-outside-threat/article_23dac868-73d3-11ec-a9f6-a3bda70331d8.html,0,link is dead
https://www.duluthnewstribune.com/news/local/duluths-east-high-school-locked-down-due-to-alleged-bomb-threat,250,ok
https://www.candgnews.com/news/police-investigate-alleged-threat-at-lincoln-high-school-122441,0,link is dead
https://hudsonvalleypost.com/terrifying-duel-threat-places-hudson-valley-new-york-school-on-lockdown/,607,ok
https://www.idahostatejournal.com/news/local/threatening-list-of-student-names-prompts-investigation-at-soda-springs-school/article_9077a9ee-2797-5f53-b41b-bf01337788c9.html,0,link is dead
https://www.centralmaine.com/2022/01/12/leavitt-area-high-school-closed-wednesday-due-to-threat/,264,ok
https://www.sandiegouniontribune.com/news/education/story/2022-01-11/facing-legal-threats-sweetwater-school-district-backtracks-on-student-covid-19-vaccine-mandate,1019,ok
https://www.winknews.com/2022/01/12/lee-county-schools-holding-public-presentation-on-behavioral-threat-assessment/,0,link is dead
http://www.msn.com/en-us/news/us/over-1-000-california-students-are-threatening-to-walk-out-of-school-over-covid-19-safety-concerns-we-must-go-back-to-distance-learning/ar-AASIiCL,0,page opened but no article text
https://www.northwestgeorgianews.com/rome/news/local/area-schools-go-into-lockdown-after-inmate-escapes-from-the-jail/article_b0226e2a-73d3-11ec-8255-bbdcda2d69f1.html,0,link is dead
https://www.edweek.org/leadership/threats-of-student-violence-and-misbehavior-are-rising-many-school-leaders-report/2022/01,727,ok
https://www.wsmv.com/news/police-identify-suspect-that-made-threat-to-tennessee-school-tuesday/article_ad01ca92-7315-11ec-bcbc-e7319f7fe321.html,293,ok
https://buffalonews.com/opinion/editorial/the-editorial-board-hospitals-schools-strain-as-omicron-threatens-our-health-care-infrastructure/article_6cf28bac-73c5-11ec-bedc-8f71d08b511a.html,0,link is dead
https://www.iol.co.za/news/politics/ancyl-threatens-to-enrol-unplaced-joburg-pupils-in-private-schools-force-government-to-pay-fees-238f397a-d9b5-42de-b24c-448000a9d203,0,link is dead
https://wlac.iheart.com/content/2022-01-11-student-charged-for-making-threats-toward-middle-tennessee-school/,217,ok
https://www.duluthnewstribune.com/news/education/7346056-Duluths-East-High-School-locked-down-due-to-alleged-bomb-threat,0,link is dead
https://wrrv.com/terrifying-duel-threat-places-hudson-valley-new-york-school-on-lockdown/,607,ok
https://www.kagstv.com/article/news/local/iwatchtexas-program-report-potential-school-threats-stop-shootings/499-991b107f-094d-48c4-af3a-be04f7bce1fd,0,link is dead
https://www.news-gazette.com/news/probation-for-student-who-threatened-another-with-violence-at-school/article_e992863b-c1c9-5fa8-ab4b-0cdef8676338.html,0,link is dead
https://www.whby.com/2022/01/11/neenah-schools-remain-closed-wednesday-follow-it-threat/,193,ok
https://www.newscentermaine.com/article/news/education/leavitt-area-high-school-threat-not-credible-deputies-say-education-crime/97-096dd16b-7f0f-4d49-837a-72fd6e301ee1,0,link is dead
https://www.wbaa.org/2022-01-12/students-in-oakland-ca-threaten-walk-out-if-schools-dont-beef-up-covid-19-protections,62,ok
https://www.msn.com/en-us/news/us/bomb-threat-closes-charles-r-drew-medical-school-in-willowbrook/ar-AASG8qO,0,page opened but no article text
https://www.columbusmonthly.com/story/lifestyle/around-town/2022/01/12/dark-money-threats-and-negative-ads-mark-local-school-board-elections/9188513002/,566,ok
https://wncy.com/2022/01/12/cybersecurity-expert-school-districts-make-easy-targets-for-cyber-threats/,320,ok
https://www.vvdailypress.com/story/news/2022/01/12/victorville-man-arrested-suspicion-threatening-hesperia-school-principal-kyle-rittenhouse-violence/9193264002/,384,ok
https://wixx.com/2022/01/12/cybersecurity-expert-school-districts-make-easy-targets-for-cyber-threats/,320,ok
https://wpdh.com/terrifying-duel-threat-places-hudson-valley-new-york-school-on-lockdown/,592,ok
https://www.wktv.com/news/education/oneida-county-sheriff-tiktok-school-threat-found-not-credible/article_f7891ab4-747f-11ec-be77-138196182f04.html,0,link is dead
https://www.prnewswire.com:443/news-releases/identity-automation-rolls-out-rapididentity-safeid-to-help-schools-counter-the-growing-threat-of-account-takeovers-and-ransomware-attacks-301460128.html,618,ok
https://www.kinston.com/story/opinion/2022/01/11/closing-schools-due-covid-threat-too-costly-john-hood/9168255002/,0,link is dead
https://www.wfsb.com/news/southington-police-increase-presence-at-high-school-due-to-potential-threat/article_a0d83c90-7416-11ec-abb3-1bd66c9e3238.html,1536,ok
https://duke.fm/2022/01/12/cybersecurity-expert-school-districts-make-easy-targets-for-cyber-threats/,320,ok
https://www.postandcourier.com/aikenstandard/aikenstandard/news/crime/police-respond-to-midland-valley-high-school-for-bomb-threat/article_a5a1289a-7498-11ec-a566-4f974ad5ba2d.html,0,link is dead
https://dailyvoice.com/new-york/northrockland/schools/juvenile-charged-for-making-threat-to-area-elementary-school/823865/,0,link is dead
https://www.wdadradio.com/2022/01/13/student-will-face-charges-after-school-disturbance-causes-lockdown/,141,ok
https://www.thedailycitizen.com/news/beebe-school-board-expels-three-students-for-calendar-year-after-december-gun-threat/article_eee4652c-c042-57ad-9812-93dcefbce3c4.html,0,link is dead
https://www.fox2detroit.com/news/student-charged-after-allegedly-bringing-gun-to-lincoln-high-school-in-warren-threatening-girl,221,ok
https://theconversation.com/lockdown-schooling-research-from-across-the-world-shows-reasons-to-be-hopeful-174714,838,ok
https://www.wlwt.com/article/edgewood-city-schools-closed-following-social-media-threat/38757117,132,ok
https://www.sheppnews.com.au/world/series-of-bomb-threats-hit-russian-schools/,163,ok
https://www.publicnewsservice.org/2022-01-13/education/amid-threats-school-social-workers-help-foster-welcoming-environments/a77378-1,0,page opened but no article text
https://www.indianagazette.com/news/police_emergency_and_courts/student-in-crisis-prompts-lockdown-at-indiana-high-school/article_dcf288a0-ca2a-5cd5-a47c-9fa4e76fd258.html,0,link is dead
https://www.deseret.com/utah/2022/1/13/22882305/2-dead-1-injured-shooting-west-valley-city-mountain-view-corridor-police-activity-school-lockdown,889,ok
https://localnews8.com/cnn-regional/2022/01/13/southington-police-to-have-increased-presence-at-high-school-thursday-due-to-potential-threat/,1062,ok
https://www.wfsb.com/news/southington-police-to-have-increased-presence-at-high-school-thursday-due-to-potential-threat/article_a0d83c90-7416-11ec-abb3-1bd66c9e3238.html,1536,ok
https://www.prajavani.net/district/dharwad/hubli-dharwad-district-administrate-shuts-schools-covid-lockdown-901663.html,157,ok
https://www.azcentral.com/story/news/local/southwest-valley/2022/01/13/agua-fria-high-school-student-arrested-after-jokingly-posting-threats-social-media/6510226001/,193,ok
https://www.fox10phoenix.com/news/person-detained-after-bringing-gun-onto-glendale-high-school-police-say-campus-put-on-lockdown,223,ok
https://943jackfm.com/2022/01/12/cybersecurity-expert-school-districts-make-easy-targets-for-cyber-threats/,320,ok
https://www.dairynewsaustralia.com.au/world/series-of-bomb-threats-hit-russian-schools/,193,ok
https://www.msn.com/en-us/news/us/police-agua-fria-high-school-student-arrested-after-jokingly-posting-threats-on-social-media/ar-AASKmhW,0,page opened but no article text
https://hudsonvalleycountry.com/terrifying-duel-threat-places-hudson-valley-new-york-school-on-lockdown/,607,ok
https://www.12news.com/article/news/local/valley/phoenix-police-warn-school-threat-pranks-could-lead-to-federal-charges/75-54631c4f-1e4c-4e6a-a703-052bbb87f7f4,0,link is dead
https://www.forbes.com/sites/alisondurkee/2022/01/14/biden-administration-threatens-to-revoke-arizona-stimulus-funds-used-for-anti-mask-mandate-programs-at-schools/,0,link is dead
https://whky.com/no-suspects-or-suspicious-devices-found-following-threat-at-mill-creek-middle-school/,0,link is dead
https://www.pakistantelegraph.com/news/272171145/pak-sindh-to-impose-lockdown-shut-schools-on-federal-body-recommendation-as-covid-19-cases-rise,497,ok
https://www.msn.com/en-us/news/politics/treasury-department-escalates-threat-to-strip-arizona-of-covid-19-relief-help-over-duceys-school-programs/ar-AASN3QQ,0,page opened but no article text
https://www.msn.com/en-us/news/us/us-treasury-threatens-to-claw-back-arizona-funds-over-anti-masking-school-grants/ar-AASMY6Q,0,page opened but no article text
https://www.12news.com/article/news/local/valley/glendale-school-lockdown-person-brings-gun-campus/75-aa4bbc97-8471-4b8e-9adc-cee3fe88f0a6,0,link is dead
https://www.naidunia.com/national-lockdown-2022-situation-worsened-due-to-corona-in-madhya-pradesh-1291-in-indore-1008-cases-in-bhopal-school-closed-7237923,418,ok
https://www.nbcnewyork.com/news/business/money-report/biden-administration-threatens-to-claw-back-covid-funds-from-arizona-over-school-anti-mask-policies/3496598/,637,ok
https://www.staugustine.com/story/news/local/2022/01/13/st-johns-county-school-evacuated-following-bomb-threat-florida-school-for-the-deaf-and-the-blind/6514276001/,153,ok
https://www.geo.tv/latest/393293-sindh-to-impose-lockdown-shut-schools-on-ncocs-recommendation-cm-shah,453,ok
https://www.nbcmiami.com/news/business/money-report/biden-administration-threatens-to-claw-back-covid-funds-from-arizona-over-school-anti-mask-policies/2661474/,636,ok
https://dailyvoice.com/connecticut/greenwich/schools/area-school-district-placed-in-lockout-due-to-anonymous-threat/823790/,0,link is dead
https://www.lebanondemocrat.com/hartsville/phone-threat-places-trousdale-schools-on-lockdown/article_7194244c-ec2a-5dc4-83b8-740f57bb37ab.html,0,link is dead
https://dailyvoice.com/new-york/orangetown/schools/juvenile-charged-for-making-threat-to-area-elementary-school/823865/,0,link is dead
https://www.jagran.com/world/pakistan-pak-government-considering-lockdown-and-shut-schools-colleges-amid-rise-in-covid-19-cases-22380694.html,435,ok
https://www.uticaod.com/story/news/2022/01/13/tiktok-threat-sauquoit-valley-high-school-deemed-not-credible/6510170001/,405,ok
https://www.wwltv.com/article/news/crime/st-tammany-girls-terrorizing-threatening-schools/289-76b94d0c-5124-4dab-80cf-6f85e2337895,0,link is dead
https://www.euronews.com/2022/01/14/poland-mps-back-control-of-schools-to-stop-threats-to-children-s-morals,246,ok
https://www.bignewsnetwork.com/news/272171145/pak-sindh-to-impose-lockdown-shut-schools-on-federal-body-recommendation-as-covid-19-cases-rise,427,ok
https://www.fox8tv.com/newspost/united-school-district-threat/,0,link is dead
https://www.virginislandsnewsonline.com/domains/virginislandsnewsonline.com/en/news/cindy-threatens-lawsuit-over-covid-19-testing-in-schools,1947,ok
https://thehill.com/policy/healthcare/589785-treasury-threatens-to-claw-back-covid-funds-because-of-arizona-school-anti,334,ok
https://www.wtkr.com/news/suffolk-police-increase-presence-at-high-school-after-social-media-threat,141,ok
https://wabx.net/2022/01/14/u-s-treasury-threatens-to-claw-back-arizona-funds-over-anti-masking-school-grants/,315,ok
https://wkzo.com/2022/01/14/u-s-treasury-threatens-to-claw-back-arizona-funds-over-anti-masking-school-grants/,315,ok
https://www.nbcphiladelphia.com/news/business/money-report/biden-administration-threatens-to-claw-back-covid-funds-from-arizona-over-school-anti-mask-policies/3107857/,641,ok
https://www.msn.com/en-us/news/us/u-s-treasury-threatens-to-claw-back-arizona-funds-over-anti-masking-school-grants/ar-AASMY6Q,0,page opened but no article text
https://wtvbam.com/2022/01/14/u-s-treasury-threatens-to-claw-back-arizona-funds-over-anti-masking-school-grants/,315,ok
https://www.thezimbabwemail.com/education/zimbabwean-schools-lockdown-by-extended-two-more-weeks/,0,link is dead
https://www.kvoa.com/news/police-situation-in-south-tucson-places-elementary-school-on-lockdown/article_3d39baf8-74be-11ec-a48b-c73ce0ec3e79.html,0,link is dead
https://www.msn.com/en-us/news/politics/treasury-threatens-to-claw-back-covid-funds-because-of-arizona-school-anti-mask-rules/ar-AASNasl,0,page opened but no article text
https://www.thenews.com.pk/latest/925147-decision-of-lockdown-schools-closure-in-karachi-on-ncoc-directives-cm-murad,475,ok
https://kelo.com/2022/01/14/u-s-treasury-threatens-to-claw-back-arizona-funds-over-anti-masking-school-grants/,315,ok
https://www.ellsworthamerican.com/maine-news/education-news/city-school-board-threatened-with-lawsuits-over-masking-policies/,0,link is dead
https://www.southeastasiapost.com/news/272171145/pak-sindh-to-impose-lockdown-shut-schools-on-federal-body-recommendation-as-covid-19-cases-rise,501,ok
https://www.hometownlife.com/story/news/local/livonia/2022/01/12/livonia-schools-police-say-all-potential-threats-taken-seriously/9160297002/,562,ok
https://www.newzimbabwe.com/schools-wont-open-until-february-says-acting-president-chiwenga-as-lockdown-extended/,86,ok
https://www.newsweek.com/doug-ducey-blasts-biden-after-feds-threaten-arizona-covid-funds-over-school-masks-1669647,399,ok
http://www.msn.com/en-us/news/us/us-treasury-threatens-to-claw-back-arizona-funds-over-anti-masking-school-grants/ar-AASMY6Q,0,page opened but no article text
